ts,cpu0_busy_pct,cpu1_busy_pct,cpu2_busy_pct,cpu3_busy_pct,cpu4_busy_pct,cpu5_busy_pct,cpu6_busy_pct,cpu7_busy_pct,cpu8_busy_pct,cpu9_busy_pct,cpu10_busy_pct,cpu11_busy_pct,cpu12_busy_pct,cpu13_busy_pct,cpu14_busy_pct,cpu15_busy_pct,cpu_iowait_pct,mem_used_mb,disk_read_kbps,disk_write_kbps,net_rx_kbps,net_tx_kbps,tcp_inuse,tcp_timewait
1791046261,0.0,0.0,1.0,0.0,0.0,0.0,0.0,0.0,0.0,0.0,0.0,0.0,0.0,0.0,0.0,0.0,0.6,650,0,111540,1,0,3,0
1791046262,0.0,0.0,0.0,0.0,0.0,0.0,0.0,0.0,0.0,0.0,0.0,0.0,0.0,0.0,0.0,0.0,0.5,647,0,112044,0,0,3,0
1791046263,0.0,0.0,0.0,0.0,0.0,0.0,0.0,1.0,1.0,2.0,0.0,0.0,0.0,0.0,0.0,0.0,0.6,647,0,111544,4,3,4,0
1791046264,5.1,7.0,7.0,5.0,7.1,5.1,6.0,6.1,6.1,8.1,5.0,7.0,5.1,5.1,5.2,6.1,0.6,715,0,111540,62,48,5,0
1791046265,1.0,7.1,0.0,0.0,3.0,0.0,0.0,7.1,5.9,0.0,0.0,4.1,0.0,0.0,2.1,1.0,0.5,724,0,111540,310,232,5,0
1791046266,0.0,8.2,0.0,0.0,0.0,0.0,0.0,7.1,7.1,0.0,1.0,6.1,0.0,0.0,3.2,0.0,0.5,731,0,111548,307,230,5,0
1791046267,1.0,5.1,2.1,1.0,1.0,1.0,1.0,6.1,7.1,1.0,2.0,8.1,1.0,1.0,2.2,1.0,0.5,740,0,111720,311,229,5,0
1791046268,0.0,7.0,7.2,0.0,0.0,0.0,0.0,8.2,1.0,0.0,0.0,3.1,0.0,1.0,2.2,0.0,0.6,740,0,111540,310,232,5,0
1791046269,0.0,7.1,9.2,0.0,0.0,0.0,0.0,5.1,0.0,0.0,0.0,5.1,0.0,0.0,1.1,0.0,0.6,740,0,111780,308,232,5,0
1791046270,0.0,5.1,9.1,0.0,0.0,0.0,0.0,6.1,0.0,0.0,0.0,6.1,0.0,0.0,2.2,0.0,0.6,740,0,111560,312,231,5,0
1791046271,1.0,1.0,0.0,7.3,0.0,2.0,1.0,1.0,1.0,4.0,1.0,1.0,1.0,8.2,3.2,6.1,0.6,743,0,111540,309,230,5,0
1791046272,0.0,0.0,0.0,5.1,0.0,0.0,0.0,0.0,0.0,7.1,0.0,0.0,0.0,5.1,2.2,7.1,0.5,743,0,113616,310,230,5,0
1791046273,1.0,0.0,0.0,5.1,1.0,0.0,0.0,0.0,0.0,6.1,3.0,0.0,0.0,4.0,3.2,6.2,0.6,742,0,111540,310,231,5,0
1791046274,1.0,1.0,1.0,5.0,2.0,1.0,4.0,1.0,1.0,4.1,7.2,1.0,1.0,3.0,2.2,5.2,0.6,742,0,109512,310,231,5,0
1791046275,2.0,1.0,0.0,4.1,0.0,0.0,5.1,0.0,0.0,1.0,7.1,0.0,0.0,0.0,2.2,6.1,0.5,742,0,113568,309,228,5,0
1791046276,2.9,0.0,0.0,5.1,0.0,0.0,7.1,0.0,0.0,0.0,4.1,0.0,0.0,0.0,3.2,6.1,0.6,742,0,111540,309,230,5,0
1791046277,3.0,1.0,1.0,6.1,1.0,2.0,8.2,1.0,1.0,1.0,3.1,1.0,1.0,1.0,3.2,7.1,0.6,742,0,111672,309,229,5,0
1791046278,0.0,2.0,1.0,0.0,0.0,6.2,7.2,0.0,0.0,4.1,0.0,0.0,0.0,0.0,0.0,3.2,0.5,743,0,111544,306,227,5,0
1791046279,2.0,3.1,4.1,0.0,0.0,5.1,2.0,0.0,0.0,6.2,0.0,0.0,0.0,0.0,0.0,1.1,0.6,742,0,109512,309,229,5,0
1791046280,2.9,6.1,0.0,6.1,0.0,4.1,1.0,0.0,0.0,7.1,0.0,0.0,0.0,0.0,0.0,3.2,0.1,742,0,20280,312,228,4,0
1791046281,3.0,7.0,4.1,6.1,1.0,4.0,1.0,1.0,0.0,5.1,1.0,3.0,0.0,2.0,1.0,3.2,0.0,742,0,0,309,229,5,0
1791046282,3.2,7.1,8.0,0.0,0.0,0.0,0.0,0.0,0.0,0.0,0.0,4.1,0.0,0.0,0.0,5.1,0.1,743,0,28,309,227,5,0
1791046283,4.3,3.0,6.2,0.0,3.0,0.0,0.0,0.0,0.0,0.0,0.0,6.1,0.0,0.0,0.0,5.1,0.0,743,0,44,309,228,5,0
1791046284,6.2,0.0,9.3,0.0,4.0,0.0,0.0,0.0,0.0,0.0,0.0,4.1,0.0,0.0,0.0,5.1,0.0,743,0,4,309,228,5,0
1791046285,2.2,0.0,4.0,0.0,4.0,0.0,2.0,0.0,0.0,0.0,0.0,6.1,0.0,0.0,0.0,5.1,0.0,746,0,0,309,228,5,0
1791046286,3.1,4.0,1.0,3.0,1.0,5.0,4.0,1.0,1.0,1.0,1.0,2.0,5.1,1.0,0.0,3.1,0.0,754,0,0,309,230,4,0
1791046287,8.1,6.1,0.0,0.0,0.0,4.1,0.0,0.0,0.0,1.1,1.0,0.0,6.0,0.0,0.0,0.0,0.0,754,0,16,309,229,5,0
1791046288,7.1,4.1,0.0,0.0,0.0,7.1,0.0,0.0,0.0,4.2,0.0,0.0,3.1,0.0,0.0,0.0,0.0,754,0,20,308,228,5,0
1791046289,6.1,6.2,0.0,0.0,0.0,5.1,0.0,0.0,0.0,1.1,0.0,0.0,4.0,0.0,0.0,0.0,0.0,754,0,0,306,227,5,0
1791046290,8.1,7.1,0.0,0.0,0.0,5.2,0.0,0.0,0.0,1.1,0.0,0.0,4.0,0.0,0.0,0.0,0.0,754,0,4,311,229,5,0
1791046291,4.3,2.0,6.2,6.2,1.0,1.0,2.0,1.0,5.1,1.0,5.2,1.0,1.0,1.0,1.0,1.0,0.0,757,0,40,309,229,5,0
1791046292,3.2,5.0,7.1,8.1,0.0,0.0,0.0,0.0,6.1,0.0,1.0,0.0,0.0,0.0,0.0,0.0,0.0,757,0,0,309,227,5,0
1791046293,3.2,5.2,5.2,7.2,0.0,0.0,0.0,0.0,0.0,0.0,5.1,0.0,0.0,0.0,0.0,0.0,0.0,758,0,0,309,228,5,0
1791046294,5.3,6.1,10.1,6.1,0.0,0.0,0.0,0.0,0.0,0.0,5.1,0.0,0.0,0.0,0.0,0.0,0.0,758,0,28,310,229,4,0
1791046295,4.3,8.2,8.2,5.0,2.0,0.0,0.0,1.0,6.2,1.0,1.0,1.0,2.0,0.0,1.0,1.0,0.0,758,0,0,307,229,5,0
1791046296,8.0,0.0,5.2,6.1,0.0,3.2,0.0,0.0,0.0,0.0,0.0,0.0,6.1,0.0,0.0,0.0,0.0,758,0,28,307,228,5,0
1791046297,6.2,0.0,0.0,4.0,0.0,2.2,5.1,0.0,1.0,0.0,0.0,0.0,6.2,0.0,0.0,0.0,0.0,758,0,0,310,229,5,0
1791046298,7.9,0.0,6.2,0.0,0.0,3.2,8.2,0.0,0.0,0.0,0.0,0.0,4.0,0.0,0.0,0.0,0.0,758,0,0,310,227,4,0
1791046299,5.1,0.0,4.2,0.0,0.0,1.1,5.1,0.0,0.0,0.0,0.0,0.0,7.1,0.0,0.0,0.0,0.0,758,0,0,308,227,5,0
1791046300,8.1,1.0,4.1,2.0,4.0,3.2,4.0,1.0,1.0,1.0,3.0,1.0,5.1,1.0,2.0,1.0,0.0,760,0,28,307,228,5,0
1791046301,8.0,0.0,7.1,0.0,4.1,1.1,0.0,0.0,0.0,0.0,0.0,0.0,0.0,0.0,6.1,0.0,0.0,760,0,44,310,228,5,0
1791046302,5.1,0.0,8.2,0.0,5.1,3.2,0.0,0.0,0.0,0.0,1.0,0.0,0.0,0.0,5.1,0.0,0.0,760,0,8,311,228,5,0
1791046303,8.2,0.0,4.2,0.0,5.2,1.1,0.0,0.0,0.0,0.0,0.0,0.0,0.0,0.0,5.1,0.0,0.0,760,0,0,309,228,5,0
1791046304,6.0,0.0,6.1,0.0,7.1,2.2,0.0,0.0,0.0,0.0,0.0,0.0,0.0,0.0,5.1,0.0,0.0,760,0,0,309,228,5,0
1791046305,4.0,1.0,4.1,0.0,5.0,2.1,1.0,0.0,1.0,4.0,2.1,4.1,1.0,4.0,4.0,3.0,0.0,760,0,0,309,228,4,0
1791046306,0.0,0.0,0.0,0.0,0.0,0.0,0.0,0.0,0.0,4.2,0.0,7.1,1.1,5.1,0.0,4.1,0.0,761,0,56,307,227,5,0
1791046307,0.0,0.0,0.0,0.0,0.0,0.0,0.0,0.0,0.0,6.1,0.0,5.1,2.2,3.1,0.0,8.1,0.0,761,0,0,308,227,5,0
1791046308,0.0,0.0,0.0,0.0,0.0,0.0,0.0,0.0,0.0,4.1,0.0,7.1,2.1,4.0,0.0,6.1,0.0,761,0,4,309,227,5,0
1791046309,0.0,0.0,0.0,0.0,0.0,0.0,0.0,0.0,1.0,4.1,0.0,4.1,1.1,7.1,0.0,5.2,0.0,761,0,0,309,228,5,0
1791046310,5.1,1.0,5.1,3.0,1.0,1.0,1.0,1.0,3.1,4.0,7.1,3.1,2.0,3.0,1.0,2.0,0.0,761,0,0,308,228,5,0
1791046311,7.1,0.0,5.3,0.0,0.0,0.0,0.0,0.0,9.2,0.0,0.0,2.2,0.0,0.0,2.1,0.0,0.0,761,0,56,307,228,5,0
1791046312,7.1,0.0,6.2,0.0,0.0,0.0,0.0,5.1,5.1,0.0,0.0,1.1,0.0,0.0,0.0,0.0,0.0,761,0,0,311,229,5,0
1791046313,5.0,1.0,7.1,0.0,0.0,0.0,2.0,3.1,6.2,0.0,0.0,2.1,0.0,0.0,0.0,0.0,0.0,761,0,0,307,227,5,0
1791046314,9.2,0.0,5.2,2.0,1.0,1.0,6.9,1.0,8.1,1.0,1.0,2.1,1.0,1.0,1.0,1.0,0.0,761,0,4,310,229,5,0
1791046315,0.0,0.0,7.2,5.1,1.0,0.0,0.0,5.1,0.0,0.0,0.0,0.0,6.2,0.0,2.2,0.0,0.0,761,0,0,311,228,5,0
1791046316,0.0,0.0,4.2,7.1,0.0,0.0,0.0,6.1,0.0,0.0,0.0,0.0,8.2,0.0,2.1,0.0,0.0,762,0,84,307,228,5,0
1791046317,0.0,0.0,2.0,6.1,0.0,0.0,0.0,4.1,0.0,1.0,0.0,0.0,9.1,0.0,2.2,0.0,0.0,762,0,0,311,229,5,0
1791046318,0.0,0.0,0.0,6.1,0.0,0.0,0.0,6.2,0.0,6.1,1.0,0.0,3.0,0.0,1.1,0.0,0.0,762,0,0,309,228,5,0
1791046319,2.0,1.0,1.0,3.1,1.0,1.0,1.0,7.1,3.0,4.0,1.0,1.0,5.1,0.0,3.2,1.0,0.0,762,0,0,310,229,5,0
1791046320,8.1,0.0,0.0,0.0,0.0,0.0,0.0,4.0,5.1,0.0,0.0,0.0,5.1,0.0,1.1,0.0,0.0,762,0,4,309,229,5,0
1791046321,6.1,0.0,0.0,0.0,0.0,0.0,0.0,4.1,6.2,0.0,0.0,0.0,4.0,0.0,2.1,0.0,0.0,762,0,36,310,229,5,0
1791046322,8.9,0.0,0.0,0.0,0.0,0.0,0.0,4.0,6.1,0.0,0.0,0.0,7.1,0.0,2.2,0.0,0.0,762,0,0,308,227,5,0
1791046323,6.1,0.0,0.0,0.0,0.0,0.0,0.0,7.2,4.0,0.0,0.0,0.0,5.0,0.0,0.0,0.0,0.0,762,0,44,308,225,5,0
1791046324,5.1,1.0,5.1,1.0,1.0,0.0,0.0,6.1,4.0,0.0,3.1,3.0,3.1,1.0,4.2,0.0,0.0,762,0,0,308,227,5,0
1791046325,0.0,0.0,2.1,0.0,0.0,6.2,0.0,4.1,0.0,0.0,1.0,1.0,2.2,0.0,9.1,0.0,0.0,763,0,0,309,227,5,0
1791046326,0.0,0.0,7.0,0.0,0.0,6.1,0.0,5.1,0.0,0.0,0.0,0.0,1.1,0.0,6.1,0.0,0.0,763,0,4,309,227,5,0
1791046327,0.0,0.0,6.1,0.0,0.0,4.1,4.0,2.0,0.0,0.0,0.0,0.0,2.1,1.0,8.2,0.0,0.1,763,0,24,308,227,5,0
1791046328,0.0,0.0,5.1,0.0,0.0,3.0,6.2,0.0,0.0,0.0,2.0,0.0,1.1,0.0,4.1,0.0,0.0,763,0,0,308,227,5,0
1791046329,7.0,1.0,5.2,0.0,1.0,1.0,2.0,6.1,0.0,1.0,2.0,1.1,2.0,1.0,1.0,5.1,0.0,763,0,0,309,228,5,0
1791046330,9.1,0.0,7.2,0.0,0.0,0.0,0.0,7.1,0.0,0.0,0.0,3.2,0.0,0.0,0.0,4.0,0.0,763,0,44,309,227,5,0
1791046331,6.0,0.0,7.1,0.0,0.0,0.0,0.0,8.2,0.0,0.0,0.0,0.0,2.2,0.0,0.0,6.1,0.0,763,0,0,306,227,5,0
1791046332,3.0,0.0,2.1,0.0,3.0,0.0,0.0,6.2,0.0,0.0,0.0,0.0,1.1,0.0,0.0,5.2,0.0,763,0,4,310,228,5,0
1791046333,8.2,1.0,6.1,3.0,1.0,3.0,1.0,5.1,1.0,1.0,1.0,1.0,3.2,2.0,1.0,6.0,0.0,763,0,24,309,228,5,0
1791046334,8.0,0.0,0.0,2.0,0.0,6.2,0.0,0.0,0.0,0.0,0.0,0.0,2.2,5.1,0.0,0.0,0.0,764,0,0,311,228,4,0
1791046335,1.0,7.1,0.0,5.0,1.0,10.1,0.0,0.0,1.0,0.0,0.0,0.0,3.3,5.1,3.0,0.0,0.0,764,0,0,340,251,5,0
1791046336,0.0,6.1,0.0,0.0,0.0,3.1,0.0,0.0,3.0,0.0,0.0,0.0,1.1,6.1,5.1,0.0,0.0,764,0,0,389,284,4,0
1791046337,4.0,6.2,0.0,1.0,4.1,10.0,1.0,1.0,6.2,1.0,0.0,1.1,3.2,8.2,0.0,1.0,0.0,764,0,44,433,320,5,0
1791046338,12.2,9.0,0.0,0.0,3.0,6.2,7.1,0.0,0.0,0.0,0.0,2.2,0.0,0.0,0.0,0.0,0.0,764,0,4,482,354,5,0
1791046339,7.0,8.2,0.0,0.0,0.0,8.2,3.1,0.0,0.0,0.0,0.0,3.4,0.0,11.0,0.0,1.0,0.0,764,0,24,525,389,5,0
1791046340,11.1,3.0,1.1,2.1,1.0,6.1,6.1,0.0,1.0,5.0,1.0,3.3,2.0,8.2,1.0,1.0,0.0,765,0,0,574,423,4,0
1791046341,7.1,0.0,0.0,10.1,0.0,0.0,0.0,0.0,0.0,0.0,8.2,2.2,12.2,8.2,1.0,0.0,0.0,765,0,0,618,458,5,0
1791046342,5.0,1.0,1.0,9.2,1.0,1.0,1.0,1.0,1.0,1.0,10.3,12.1,7.1,8.0,4.4,2.0,0.0,765,0,0,664,494,5,0
1791046343,12.1,6.5,1.1,4.0,0.0,0.0,10.3,0.0,0.0,1.0,0.0,0.0,0.0,10.2,0.0,8.2,0.0,765,0,80,709,527,5,0
1791046344,12.9,8.7,6.3,11.2,2.0,1.0,9.0,1.0,1.0,1.0,2.0,1.0,2.0,11.2,1.0,10.3,0.0,765,0,8,757,560,5,0
1791046345,0.0,11.2,0.0,7.1,6.1,0.0,0.0,1.0,2.1,1.1,11.1,0.0,12.2,9.2,0.0,0.0,0.0,766,0,28,773,572,5,0
1791046346,1.0,10.2,0.0,0.0,10.1,0.0,1.0,2.1,5.6,2.0,9.3,4.0,7.1,10.2,0.0,1.0,0.0,766,0,0,768,571,5,0
1791046347,0.0,0.0,12.4,0.0,0.0,0.0,0.0,3.0,12.1,2.2,5.1,10.2,14.0,3.0,0.0,0.0,0.0,766,0,0,773,570,6,0
1791046348,5.1,5.9,13.7,1.0,1.0,1.0,1.0,0.0,9.2,3.3,15.5,1.0,7.2,5.3,1.0,1.0,0.0,766,0,0,771,572,5,0
1791046349,11.1,10.2,16.8,0.0,0.0,0.0,0.0,0.0,0.0,9.4,3.1,0.0,5.1,1.1,0.0,0.0,0.0,767,0,0,773,572,5,0
1791046350,14.3,5.1,14.6,1.0,2.0,1.0,0.0,5.1,3.0,5.2,4.0,9.3,1.0,2.2,1.0,0.0,0.0,767,0,132,771,570,5,0
1791046351,14.1,0.0,7.4,0.0,3.0,3.4,0.0,10.0,12.1,0.0,0.0,12.2,0.0,0.0,0.0,0.0,0.0,767,0,0,769,570,5,0
1791046352,5.0,7.1,7.7,1.0,6.1,2.1,1.0,3.1,12.2,1.0,7.1,9.2,1.0,2.0,7.1,1.0,0.0,767,0,0,770,571,5,0
1791046353,1.0,9.2,8.1,0.0,0.0,0.0,2.0,0.0,14.4,0.0,8.3,6.1,0.0,0.0,11.3,0.0,0.0,768,0,0,774,571,6,0
1791046354,9.1,1.0,2.1,0.0,3.3,9.2,7.1,10.1,1.0,10.2,1.0,1.0,0.0,1.0,1.0,8.1,0.0,768,0,0,772,570,5,0
1791046355,12.0,2.0,1.0,2.0,1.0,8.1,4.4,8.2,1.0,9.4,1.0,1.0,3.0,0.0,1.0,10.2,0.0,768,0,0,770,571,5,0
1791046356,0.0,8.3,0.0,11.3,0.0,6.2,2.3,10.3,0.0,0.0,0.0,1.0,7.2,0.0,0.0,0.0,0.0,768,0,44,772,569,4,0
1791046357,0.0,9.2,3.2,11.3,1.0,10.1,3.3,3.0,2.0,0.0,2.0,10.1,5.1,4.0,5.0,1.0,0.0,768,0,80,746,566,14,0
1791046358,0.0,10.4,9.1,0.0,0.0,10.3,0.0,0.0,0.0,0.0,0.0,0.0,0.0,10.3,9.2,9.5,0.0,768,0,0,798,577,5,0
1791046359,1.0,7.1,6.7,0.0,6.1,10.2,1.0,2.0,1.0,4.0,2.0,3.1,1.0,7.0,8.2,10.1,0.0,769,0,0,769,569,5,0
1791046360,1.0,0.0,0.0,0.0,10.4,0.0,2.2,8.1,0.0,0.0,11.1,0.0,0.0,8.3,5.0,7.1,0.0,769,0,0,772,570,6,0
1791046361,1.0,1.0,3.2,1.0,4.0,1.0,7.1,14.4,3.2,1.0,5.1,6.0,1.1,12.1,8.2,1.0,0.0,769,0,0,772,569,6,0
1791046362,0.0,0.0,11.5,0.0,0.0,0.0,8.3,10.2,0.0,0.0,0.0,8.2,3.4,11.1,4.0,0.0,0.0,770,0,28,772,571,6,0
1791046363,7.1,1.0,7.4,1.0,0.0,8.1,6.5,7.9,0.0,4.0,8.2,7.0,6.4,5.1,3.1,0.0,0.0,770,0,100,771,569,5,0
1791046364,12.1,0.0,13.3,0.0,0.0,13.3,9.5,4.4,0.0,0.0,9.3,0.0,0.0,0.0,0.0,0.0,0.0,770,0,0,770,569,5,0
1791046365,2.0,0.0,15.6,1.0,3.0,3.0,9.3,3.1,1.0,1.0,4.0,5.1,4.0,2.2,6.2,9.0,0.0,770,0,0,773,568,5,0
1791046366,7.5,0.0,12.5,0.0,0.0,0.0,9.3,0.0,0.0,0.0,0.0,10.2,0.0,3.4,13.4,9.2,0.0,770,0,0,771,570,5,0
1791046367,3.0,9.1,4.2,2.0,7.1,3.3,4.0,1.0,1.0,10.2,1.0,4.0,8.1,3.1,3.0,9.4,0.0,771,0,0,773,569,5,0
1791046368,0.0,9.4,0.0,0.0,7.1,2.3,0.0,0.0,0.0,10.2,0.0,0.0,10.3,0.0,0.0,11.2,0.0,771,0,28,771,569,5,0
1791046369,9.1,12.1,1.1,6.2,3.0,1.0,1.0,2.1,3.0,1.0,3.1,1.0,9.3,1.0,0.0,11.5,0.0,771,0,100,768,570,6,0
1791046370,11.1,11.1,0.0,10.2,0.0,0.0,0.0,2.3,0.0,0.0,0.0,0.0,8.1,0.0,0.0,11.2,0.0,772,0,0,772,571,6,0
1791046371,9.2,3.0,1.1,3.1,0.0,9.1,1.0,1.0,3.3,1.0,8.2,9.4,2.0,1.0,1.0,8.3,0.0,772,0,0,774,572,5,0
1791046372,10.9,0.0,0.0,0.0,0.0,9.4,0.0,1.0,2.3,0.0,12.4,6.1,0.0,0.0,0.0,12.2,0.0,772,0,0,771,569,5,0
1791046373,1.0,6.0,11.8,4.1,8.3,6.1,6.1,2.0,1.0,1.0,2.0,10.4,4.1,1.0,1.0,2.0,0.0,772,0,24,773,571,5,0
1791046374,0.0,8.2,4.5,0.0,11.2,7.9,4.0,0.0,1.0,1.0,0.0,9.1,9.3,0.0,0.0,0.0,0.0,773,0,4,771,570,6,0
1791046375,0.0,1.0,3.1,1.0,1.0,3.4,12.2,1.0,6.4,9.3,8.2,0.0,1.0,0.0,10.4,0.0,0.0,773,0,0,773,572,4,0
1791046376,3.0,1.0,1.1,0.0,2.0,5.6,5.2,13.3,12.2,0.0,7.1,1.0,2.0,2.0,9.2,1.0,0.0,773,0,84,771,569,4,0
1791046377,11.0,4.3,4.3,12.1,0.0,12.5,0.0,8.2,0.0,1.0,0.0,0.0,0.0,8.2,0.0,0.0,0.0,773,0,0,771,571,5,0
1791046378,9.1,1.1,2.1,11.0,3.0,7.1,1.0,10.3,2.0,0.0,2.0,4.0,1.0,13.3,1.0,1.0,0.0,774,0,0,770,572,5,0
1791046379,0.0,3.4,16.3,0.0,10.3,0.0,0.0,0.0,0.0,0.0,10.1,10.4,0.0,0.0,7.2,1.0,0.1,774,0,48,772,572,6,0
1791046380,14.0,6.6,11.5,0.0,9.2,1.0,0.0,4.1,1.0,5.0,1.0,8.2,1.0,1.0,1.0,11.2,0.0,775,0,8,774,570,5,0
1791046381,8.0,3.4,12.6,0.0,2.0,0.0,0.0,11.3,0.0,9.2,0.0,0.0,10.4,0.0,0.0,0.0,0.0,775,0,0,771,571,6,0
1791046382,9.2,4.3,17.2,1.1,12.2,1.0,1.0,2.0,5.1,1.0,4.0,2.0,8.2,4.0,5.0,1.0,0.0,775,0,100,771,571,4,0
1791046383,12.2,0.0,15.5,5.6,0.0,0.0,0.0,0.0,0.0,0.0,11.0,6.2,1.0,7.2,2.0,0.0,0.0,775,0,0,768,569,5,0
1791046384,10.1,1.0,8.6,5.5,4.0,2.0,1.0,1.0,6.0,1.0,8.2,1.0,9.1,11.1,4.1,4.0,0.0,776,0,28,774,570,6,0
1791046385,13.0,5.6,2.1,0.0,11.2,0.0,0.0,3.0,8.1,0.0,0.0,0.0,0.0,0.0,11.1,10.3,0.0,777,0,0,771,570,5,0
1791046386,13.9,2.2,1.1,2.1,5.2,1.0,1.0,11.0,1.0,0.0,6.0,4.0,0.0,3.1,9.1,10.3,0.0,777,0,4,770,567,5,0
1791046387,12.2,0.0,0.0,2.1,0.0,0.0,3.2,0.0,0.0,1.0,10.3,11.3,0.0,12.1,0.0,10.2,0.0,777,0,0,772,569,5,0
1791046388,6.0,11.2,7.4,9.1,1.0,2.1,2.1,1.0,8.1,7.1,4.1,5.1,1.0,2.0,1.0,6.1,0.0,778,0,100,769,569,6,0
1791046389,0.0,13.4,17.3,4.1,0.0,3.3,0.0,0.0,11.3,6.1,7.0,0.0,0.0,0.0,0.0,0.0,0.0,778,0,4,772,568,6,0
1791046390,3.0,3.1,9.9,1.0,1.0,2.1,9.1,7.3,11.2,3.1,1.0,10.2,1.0,2.0,8.1,1.0,0.0,778,0,24,736,563,17,0
1791046391,3.0,3.4,0.0,0.0,0.0,0.0,10.3,8.0,13.3,1.0,0.0,12.2,0.0,0.0,9.3,0.0,0.0,778,0,0,805,576,6,0
1791046392,12.4,13.1,6.2,0.0,2.0,12.1,3.3,5.3,3.0,7.1,2.0,2.0,1.0,1.0,0.0,2.0,0.0,778,0,4,772,570,5,0
1791046393,12.9,11.2,1.1,1.0,4.1,12.4,2.2,1.0,0.0,1.0,11.3,3.0,1.0,1.0,3.0,1.0,0.0,775,0,0,771,571,5,0
1791046394,6.7,0.0,0.0,0.0,0.0,4.1,0.0,0.0,8.5,1.1,12.1,8.2,9.3,2.0,7.1,1.0,0.0,775,0,0,769,570,5,0
1791046395,2.0,1.0,3.2,4.0,1.0,11.0,1.0,3.0,2.2,3.2,7.2,8.2,1.0,5.1,8.1,5.2,0.0,775,0,24,772,570,5,0
1791046396,0.0,8.2,16.5,4.1,0.0,0.0,0.0,0.0,2.3,0.0,11.1,0.0,0.0,0.0,5.2,9.0,0.0,775,0,96,772,571,5,0
1791046397,2.0,9.1,4.2,8.1,7.1,1.0,1.0,5.2,2.1,2.1,10.3,1.0,4.0,5.1,1.0,10.4,0.0,776,0,0,771,568,4,0
1791046398,2.0,0.0,0.0,11.2,0.0,0.0,0.0,12.1,1.0,0.0,11.3,0.0,8.2,7.1,0.0,2.3,0.0,776,0,4,770,569,6,0
1791046399,6.9,0.0,4.2,9.2,3.1,1.0,5.1,8.4,8.1,1.0,6.1,1.0,9.2,5.1,1.0,7.7,0.0,777,0,0,770,570,6,0
1791046400,0.0,0.0,10.6,10.1,3.0,0.0,10.2,4.5,0.0,0.0,0.0,0.0,0.0,11.2,0.0,12.4,0.0,777,0,0,771,571,6,0
1791046401,8.9,1.0,8.2,8.2,5.1,1.0,10.3,2.2,1.0,2.0,0.0,6.9,1.0,8.1,5.1,5.1,0.0,777,0,24,772,570,5,0
1791046402,0.0,0.0,1.1,0.0,8.0,3.0,11.1,0.0,0.0,10.1,3.4,7.3,0.0,0.0,11.2,0.0,0.0,777,0,0,771,570,5,0
1791046403,1.0,1.0,8.3,0.0,6.1,7.1,6.1,6.1,2.1,2.0,4.2,7.0,7.1,1.0,8.0,7.1,0.0,778,0,100,769,569,6,0
1791046404,1.0,0.0,15.3,0.0,11.2,0.0,0.0,13.1,4.5,0.0,0.0,1.0,8.1,0.0,0.0,10.1,0.0,778,0,4,774,572,5,0
1791046405,1.0,1.0,10.5,7.1,7.4,2.0,5.0,15.2,2.1,4.0,9.2,7.1,6.1,1.0,0.0,1.0,0.0,778,0,0,826,610,6,0
1791046406,12.1,0.0,0.0,9.2,3.4,0.0,10.1,12.5,0.0,0.0,8.2,13.3,0.0,0.0,0.0,0.0,0.0,779,0,24,902,666,6,0
1791046407,8.8,1.0,1.1,4.0,1.0,0.0,7.1,3.0,0.0,10.0,11.2,14.1,1.0,10.3,1.0,11.5,0.0,779,0,0,981,722,6,0
1791046408,5.5,10.0,6.4,2.0,3.1,1.0,6.1,1.0,1.0,8.2,16.5,4.0,5.0,8.1,1.0,13.0,0.0,779,0,0,1057,781,6,0
1791046409,1.0,2.0,20.8,11.2,17.2,6.0,16.3,5.7,1.0,0.0,7.1,1.0,10.2,0.0,1.0,0.0,0.0,779,0,120,1135,836,6,0
1791046410,13.4,14.4,14.6,1.0,12.5,0.0,0.0,0.0,0.0,16.3,0.0,5.7,0.0,18.4,0.0,1.0,0.0,780,0,4,1217,894,6,0
1791046411,5.1,14.3,17.0,11.1,12.1,1.0,14.4,1.0,1.0,13.1,16.3,1.0,1.0,4.0,1.0,1.0,0.0,780,0,0,1285,952,7,0
1791046412,1.0,5.1,4.3,19.4,13.4,1.0,11.5,3.3,1.0,8.2,14.6,1.0,1.0,17.3,0.0,3.1,0.1,780,0,24,1372,1008,6,0
1791046413,2.0,1.0,21.1,6.1,6.1,3.4,16.5,13.0,0.0,8.2,13.4,1.0,0.0,7.0,1.0,18.4,0.0,780,0,0,1445,1067,6,0
1791046414,18.0,4.0,23.2,9.2,1.0,3.1,14.4,4.1,4.3,7.0,3.0,9.2,12.1,0.0,1.0,13.3,0.0,780,0,0,1513,1125,6,0
1791046415,18.0,17.2,7.6,1.0,2.0,14.1,5.0,10.0,11.6,7.1,1.0,3.4,9.2,11.2,1.0,5.1,0.0,780,0,152,1539,1142,9,0
1791046416,4.0,8.0,1.1,9.3,13.4,16.8,1.0,4.0,14.1,1.0,0.0,4.7,2.0,9.0,14.1,12.1,0.0,781,0,4,1552,1142,7,0
1791046417,17.7,8.0,10.6,10.1,14.4,3.0,10.3,9.0,6.9,2.0,1.0,3.1,1.0,20.4,16.3,4.0,0.0,781,0,24,1542,1140,7,0
1791046418,21.0,19.2,3.3,4.0,4.0,10.3,3.0,1.0,4.6,0.0,1.0,17.3,13.4,15.2,5.0,1.0,0.0,781,0,0,1546,1139,5,0
1791046419,9.2,2.0,1.1,18.6,0.0,15.6,19.6,1.0,1.0,10.3,1.0,2.0,17.5,13.4,1.0,1.0,0.0,782,0,0,1543,1142,8,0
1791046420,16.5,13.3,0.0,24.5,1.0,14.3,13.3,3.0,2.0,8.0,11.3,2.0,1.0,1.0,3.4,0.0,0.0,782,0,0,1544,1140,7,0
1791046421,1.0,2.0,25.5,1.0,1.0,2.0,4.8,7.0,10.1,14.3,14.1,9.1,15.6,1.0,2.0,16.3,0.0,782,0,0,1538,1140,8,0
1791046422,1.0,13.7,4.3,17.2,16.3,1.0,1.0,4.7,0.0,0.0,17.7,1.0,2.0,17.2,1.0,19.4,0.0,782,0,184,1540,1141,9,0
1791046423,18.8,4.9,1.1,2.0,11.3,1.0,1.0,1.0,14.3,9.0,1.0,16.5,15.3,1.0,15.3,4.6,0.0,782,0,60,1550,1141,8,0
1791046424,3.4,3.1,14.7,1.0,1.0,15.8,1.0,1.0,15.2,11.2,1.0,1.0,2.0,17.7,20.4,17.3,0.0,782,0,0,1546,1139,7,0
1791046425,9.4,1.0,28.6,17.3,2.0,3.0,3.1,20.6,8.0,12.2,2.0,17.5,2.0,14.7,6.0,2.0,0.0,783,0,0,1543,1142,6,0
1791046426,6.7,5.7,19.4,15.5,19.4,12.2,16.0,0.0,2.0,6.1,1.0,3.0,2.0,1.0,1.0,13.4,0.0,783,0,0,1545,1142,6,0
1791046427,1.0,5.0,3.3,14.3,2.0,1.0,16.8,1.0,19.6,6.1,1.0,14.4,14.6,8.0,15.5,3.0,0.0,783,0,156,1542,1138,7,0
1791046428,4.1,10.2,6.5,20.8,12.4,3.0,10.2,7.1,19.8,1.0,4.6,1.0,1.0,10.3,5.0,4.0,0.0,783,0,24,1543,1139,8,0
1791046429,2.0,1.0,13.8,15.5,14.6,17.0,2.0,6.1,12.5,1.0,9.2,4.1,0.0,6.9,8.1,13.3,0.0,783,0,0,1551,1141,5,0
1791046430,3.0,5.1,13.8,22.0,13.1,1.0,6.2,3.0,16.3,3.0,14.1,7.2,6.0,14.4,1.0,1.0,0.0,784,0,0,1545,1138,5,0
1791046431,9.1,19.0,9.7,6.5,15.2,4.0,11.2,5.1,1.0,1.0,0.0,19.4,10.2,4.1,1.0,0.0,0.0,785,0,0,1542,1141,7,0
1791046432,14.3,20.6,16.8,14.0,8.1,4.0,9.0,4.2,4.0,1.0,1.0,9.2,10.1,11.0,0.0,12.9,0.0,785,0,156,1545,1142,7,0
1791046433,8.1,10.0,1.1,1.0,11.2,1.0,7.1,14.1,6.1,12.0,4.3,9.1,10.2,1.0,10.1,16.5,0.0,785,0,4,1531,1137,12,0
1791046434,1.0,1.0,9.4,0.0,12.1,12.4,1.0,13.4,1.0,12.2,2.1,21.4,19.8,1.0,14.3,5.0,0.0,785,0,24,1549,1142,9,0
1791046435,15.3,4.4,6.7,12.1,14.4,6.1,1.0,13.4,1.0,6.1,13.3,5.0,16.3,0.0,5.0,7.1,0.0,785,0,0,1551,1142,6,0
1791046436,2.0,19.1,5.4,15.5,5.1,3.0,7.1,16.7,1.0,6.1,8.1,1.0,5.1,15.5,3.3,13.4,0.0,786,0,0,1545,1138,6,0
1791046437,17.2,5.1,23.2,2.0,14.1,2.0,13.4,15.2,19.4,2.1,5.3,4.2,1.0,3.0,3.1,3.0,0.0,786,0,0,1545,1142,7,0
1791046438,22.2,5.0,22.1,2.0,5.1,4.5,16.7,12.4,13.4,1.0,1.0,1.1,11.2,5.1,1.0,0.0,0.0,786,0,0,1546,1140,7,0
1791046439,7.8,1.0,15.2,1.0,15.5,1.0,2.0,20.6,5.0,9.2,11.1,5.1,4.0,18.4,8.2,1.0,0.0,786,0,192,1535,1140,9,0
1791046440,4.3,15.6,17.7,1.0,8.0,1.0,1.0,5.0,1.0,1.0,18.6,8.0,14.3,13.1,15.3,1.0,0.0,787,0,24,1553,1142,6,0
1791046441,7.1,1.0,18.9,1.0,15.3,17.5,1.0,1.0,1.0,1.0,20.6,14.7,4.0,8.0,1.0,14.3,0.0,787,0,0,1544,1141,7,0
1791046442,3.0,1.0,6.5,0.0,6.1,11.3,8.1,13.3,13.5,1.0,2.0,15.2,2.3,16.8,9.3,3.0,0.0,787,0,0,1543,1140,6,0
1791046443,14.1,3.0,15.6,4.0,0.0,2.0,11.3,12.4,12.1,1.0,4.5,2.0,15.8,19.6,5.0,1.0,0.0,788,0,0,1544,1141,6,0
1791046444,3.1,2.0,6.5,19.8,1.0,14.4,14.1,1.0,3.0,7.9,13.8,11.3,2.0,16.8,1.0,1.0,0.0,788,0,0,1546,1139,6,0
1791046445,15.3,14.4,10.5,15.3,14.0,11.3,3.0,4.0,1.0,11.8,5.0,1.0,1.0,7.5,2.1,13.4,0.0,788,0,216,1546,1138,7,0
1791046446,21.4,17.5,25.0,0.0,1.0,9.2,12.4,4.0,1.0,3.0,0.0,16.2,7.7,7.1,7.3,1.0,0.0,789,0,0,1544,1141,7,0
1791046447,3.0,14.7,10.6,1.0,14.6,2.0,19.4,1.0,10.3,13.3,19.4,2.0,3.5,0.0,1.0,1.0,0.0,789,0,0,1545,1143,7,0
1791046448,0.0,19.2,0.0,1.0,0.0,1.0,1.0,17.7,14.4,9.2,2.0,14.7,1.0,13.1,16.2,5.6,0.0,789,0,0,1538,1141,7,0
1791046449,2.0,10.3,2.2,1.0,19.6,1.0,1.0,3.0,17.9,8.1,2.0,12.2,13.7,5.7,19.6,0.0,0.0,789,0,0,1547,1138,7,0
1791046450,8.0,1.0,20.2,0.0,17.5,1.0,14.1,12.4,4.0,18.4,0.0,0.0,18.4,5.0,1.0,1.0,0.0,790,0,208,1543,1141,6,0
1791046451,1.0,9.2,4.5,10.1,17.5,4.1,11.6,5.1,1.0,1.0,16.2,12.1,1.0,18.6,1.0,6.1,0.0,790,0,4,1541,1142,6,0
1791046452,9.0,15.3,26.5,14.3,3.4,14.3,2.0,4.1,13.3,8.1,0.0,3.0,1.0,2.0,1.0,21.4,0.0,790,0,0,1530,1140,10,0
1791046453,1.0,1.0,2.2,17.7,15.2,0.0,1.0,15.6,12.5,6.9,2.0,1.0,0.0,16.2,15.2,12.5,0.0,791,0,0,1504,1131,22,0
1791046454,14.0,7.1,11.8,14.4,1.0,1.0,3.4,2.0,17.7,1.0,1.0,17.3,1.0,2.0,14.7,18.4,0.0,791,0,0,1588,1154,5,0
1791046455,2.0,2.0,1.1,1.0,17.3,1.0,1.0,17.7,4.0,2.1,16.3,17.5,3.3,13.1,17.2,3.0,0.1,793,0,0,1533,1141,11,0
1791046456,10.9,1.0,1.1,9.2,8.1,1.0,12.2,2.0,20.4,15.5,2.0,16.3,5.0,16.5,7.1,1.0,0.0,794,0,200,1551,1142,8,0
1791046457,13.3,1.0,16.0,13.1,4.7,1.0,22.7,1.0,2.0,3.0,15.2,1.0,5.1,15.2,1.0,17.5,0.0,794,0,4,1546,1141,7,0
1791046458,1.0,12.5,14.0,10.3,14.4,11.0,16.7,1.0,1.0,2.0,11.3,12.1,6.9,5.1,1.0,2.0,0.0,794,0,0,1546,1141,6,0
1791046459,5.1,1.0,1.1,15.5,17.7,20.8,1.0,6.1,1.0,14.3,1.0,1.0,13.8,2.1,4.4,12.4,0.0,794,0,0,1539,1142,7,0
1791046460,16.3,9.1,0.0,1.0,1.0,16.7,2.0,1.0,4.6,18.0,8.0,3.0,16.7,12.4,2.0,1.0,0.0,794,0,0,1539,1138,10,0
1791046461,1.0,12.2,30.9,4.0,1.0,1.0,12.4,1.0,16.5,1.0,8.0,9.2,20.6,7.3,4.0,3.1,0.1,787,0,36,1553,1142,5,0
1791046462,4.0,0.0,1.1,5.1,17.5,1.0,13.4,14.4,1.0,18.1,17.3,3.6,1.0,1.0,17.0,4.0,0.0,787,0,0,1547,1141,6,0
1791046463,3.0,17.3,26.0,21.4,12.4,16.3,1.0,1.0,4.9,16.0,11.3,1.0,0.0,1.0,2.0,0.0,0.0,787,0,184,1535,1138,9,0
1791046464,1.0,21.4,2.2,9.1,17.0,1.0,1.0,4.0,11.3,0.0,5.1,16.5,2.0,1.0,18.9,15.5,0.0,787,0,0,1550,1147,6,0
1791046465,17.5,19.0,12.9,19.4,12.2,0.0,0.0,15.6,3.5,1.0,15.3,1.0,1.0,0.0,1.0,1.0,0.0,788,0,0,1538,1139,8,0
1791046466,3.0,1.0,13.7,16.2,1.0,18.4,1.0,1.0,4.6,16.5,1.0,2.0,16.5,15.3,6.0,9.4,0.0,788,0,188,1545,1141,8,0
1791046467,1.0,13.5,27.8,1.0,11.2,1.0,2.9,2.0,5.9,17.5,1.0,1.0,17.5,5.2,1.0,15.3,0.0,788,0,40,1552,1140,6,0
1791046468,18.4,20.0,14.0,15.8,6.0,1.0,0.0,13.5,1.0,1.0,0.0,1.0,1.0,20.6,10.4,1.0,0.0,788,0,0,1546,1141,5,0
1791046469,15.2,1.0,7.5,13.3,1.0,10.3,1.0,1.0,18.6,14.3,1.0,0.0,12.1,1.0,4.6,18.6,0.0,788,0,180,1540,1140,8,0
1791046470,5.1,1.0,5.4,25.5,15.2,12.4,2.0,2.0,12.1,14.7,11.3,3.0,3.0,15.5,6.7,2.0,0.0,792,0,0,1545,1144,7,0
1791046471,13.0,1.0,22.1,18.6,2.0,4.7,17.5,6.1,1.0,0.0,2.0,16.2,19.6,0.0,2.0,1.0,0.0,792,0,24,1543,1142,7,0
1791046472,1.0,1.0,1.1,1.0,10.3,0.0,14.4,5.7,22.2,3.0,15.5,13.3,10.1,2.0,15.6,1.0,0.0,792,0,0,1549,1142,6,0
1791046473,17.2,6.7,10.4,0.0,0.0,0.0,0.0,0.0,18.6,15.5,14.3,17.3,0.0,0.0,0.0,13.4,0.0,793,0,0,1542,1142,7,0
1791046474,20.4,19.4,5.6,17.2,13.1,3.1,15.2,2.0,2.0,2.0,4.7,1.0,1.0,1.0,1.0,18.4,0.0,792,0,172,1550,1142,6,0
1791046475,3.0,3.0,3.3,24.5,2.0,14.0,4.0,20.6,1.0,17.3,13.4,7.1,16.7,2.0,18.4,2.0,0.0,793,0,4,1653,1221,6,0
1791046476,1.0,19.4,6.7,9.3,11.2,1.0,0.0,1.0,5.1,4.0,12.1,22.4,15.5,9.0,14.7,4.0,0.0,793,0,36,1804,1336,9,0
1791046477,1.0,1.0,24.2,9.1,1.0,6.1,1.0,6.1,23.5,20.2,1.0,20.8,12.4,4.0,8.8,9.6,0.0,793,0,0,1952,1452,12,0
1791046478,4.1,1.0,22.6,7.2,1.0,21.6,16.2,7.1,19.4,10.1,2.0,10.1,5.0,8.0,14.4,4.5,0.0,794,0,0,2101,1563,17,0
1791046479,22.2,9.0,8.0,16.5,7.0,19.6,5.9,6.0,4.0,23.7,16.7,7.1,15.5,16.3,2.1,3.1,0.0,794,0,0,2285,1693,15,0
1791046480,11.5,18.6,17.8,13.3,1.0,13.0,0.0,1.0,8.0,17.7,12.9,17.3,1.0,9.2,12.1,2.2,0.0,794,0,0,2115,1735,126,0
1791046481,24.5,10.2,9.1,19.4,17.3,8.2,2.0,7.1,25.8,12.1,10.3,9.5,4.0,6.0,6.1,9.2,0.0,797,0,260,2417,1877,196,0
1791046482,22.2,6.9,15.2,13.5,10.2,18.4,1.0,7.1,13.1,2.0,18.6,9.1,3.0,9.1,18.3,2.2,0.0,807,0,0,2250,1926,373,0
1791046483,26.3,4.0,29.3,6.1,3.0,7.3,16.2,19.4,3.2,10.2,11.1,10.1,3.0,18.6,19.4,21.6,0.0,840,0,20,2357,1952,533,0
1791046484,6.1,9.3,15.6,1.0,6.1,15.0,23.5,13.3,14.1,26.5,14.6,14.4,12.2,3.2,16.3,8.1,0.0,853,0,0,2575,1892,617,0
1791046485,16.2,8.2,25.0,10.3,15.5,17.2,1.0,13.3,17.2,16.7,10.6,3.0,3.0,3.0,23.7,16.2,0.0,872,0,0,2527,1990,715,0
1791046486,11.3,14.3,22.0,10.1,20.4,12.2,16.0,11.0,11.8,9.0,17.7,15.3,14.4,10.1,19.2,10.0,0.0,911,0,0,2382,2041,827,0
1791046487,11.0,16.3,15.7,20.4,10.1,18.4,5.1,10.2,23.5,17.2,2.1,19.4,7.0,9.2,11.2,8.2,0.0,944,0,280,2407,2258,943,0
1791046488,12.9,10.3,26.6,13.3,10.1,17.5,11.6,10.2,15.5,10.0,5.1,6.1,13.1,6.1,10.2,10.4,0.0,971,0,24,2369,2490,1065,0
1791046489,17.3,11.1,19.1,16.5,11.5,13.3,7.1,19.4,11.0,20.2,7.1,5.4,17.0,10.2,9.0,8.1,0.0,984,0,0,2342,2434,1196,0
1791046490,19.2,19.2,14.6,30.9,4.1,9.3,9.0,16.3,5.1,21.6,10.1,11.2,6.1,4.0,19.6,3.0,0.0,1026,0,0,2322,2243,1325,0
1791046491,14.3,17.2,30.2,24.5,7.1,14.0,10.2,12.1,13.1,19.4,15.6,15.2,7.1,11.2,16.0,9.1,0.0,1090,0,0,2411,2570,1443,0
1791046492,4.1,2.0,26.9,25.0,6.1,7.1,14.3,5.1,15.3,8.2,19.4,7.1,3.1,15.5,19.8,3.0,0.0,1092,0,264,2444,2631,1559,0
1791046493,12.1,14.4,17.0,21.4,10.3,17.3,16.3,24.5,11.1,14.3,18.4,8.2,13.5,7.1,9.2,14.3,0.0,1158,0,4,2486,2986,1641,0
1791046494,5.1,8.0,32.6,3.1,17.3,9.6,15.6,11.0,3.0,14.1,16.3,5.1,3.0,13.5,7.9,14.3,0.0,1159,0,24,2549,2566,1724,0
1791046495,14.1,9.2,38.0,13.7,18.4,12.2,19.2,8.2,14.1,18.6,10.1,13.4,10.3,13.1,15.5,10.1,0.0,1195,0,0,2598,2768,1810,0
1791046496,14.7,15.3,15.6,19.0,12.2,9.4,7.1,6.2,11.3,9.3,15.2,10.5,8.2,4.1,7.1,12.2,0.0,1196,0,0,2356,2621,1934,0
1791046497,7.1,10.1,14.8,16.2,21.2,17.2,14.3,10.2,13.4,8.1,22.9,13.1,17.2,7.0,11.3,16.3,0.0,1230,0,0,2292,2507,2032,0
1791046498,11.1,11.3,17.8,14.7,4.1,13.0,17.2,6.1,8.2,9.2,5.2,12.5,10.3,8.2,11.2,9.4,0.0,1232,0,308,2534,2995,2069,0
1791046499,15.8,5.0,17.6,17.0,4.1,17.4,6.2,7.1,7.1,13.4,4.1,10.3,11.3,6.1,7.1,16.3,0.0,1234,0,36,2298,2501,2210,0
1791046500,14.1,18.4,19.8,19.8,16.3,16.3,17.7,10.1,15.2,16.3,12.2,19.8,14.3,7.1,14.1,8.3,0.0,1280,0,0,2371,2806,2251,0
1791046501,14.1,13.3,15.7,14.4,8.1,10.1,11.1,8.2,6.2,9.3,14.4,7.1,14.1,17.3,11.2,8.2,0.0,1283,0,0,2403,3267,2073,1
1791046502,12.1,15.0,18.2,19.6,15.2,12.4,15.6,10.0,10.6,14.4,10.1,13.3,16.5,11.2,11.1,9.3,0.0,1286,8,44,2297,2546,2246,0
1791046503,9.0,8.3,27.3,18.6,18.4,6.1,6.1,7.1,5.3,5.1,16.3,8.2,8.0,11.1,14.6,13.4,0.0,1287,0,164,2377,2868,2249,0
1791046504,14.4,11.1,23.1,13.8,10.5,11.5,11.3,7.1,8.2,11.3,6.1,7.1,10.4,12.4,9.3,9.2,0.0,1286,0,0,2386,2900,2279,0
1791046505,11.2,15.5,24.7,12.4,9.4,13.5,10.8,8.2,14.9,13.1,14.3,19.8,17.3,14.3,13.3,19.6,0.0,1294,0,20,2539,2691,2391,0
1791046506,15.2,9.9,25.0,9.2,12.1,12.2,14.3,16.7,17.5,10.3,20.4,11.1,11.1,18.9,12.4,12.5,0.0,1308,460,216,2783,3379,2189,0
1791046507,13.0,14.0,31.2,13.4,19.8,13.5,8.3,14.3,9.1,11.2,12.4,13.1,15.2,14.1,18.4,16.7,0.1,1307,0,112,2592,3014,2227,0
1791046508,6.1,9.2,18.5,10.3,12.1,12.2,9.3,11.2,11.2,12.4,3.0,11.2,7.1,11.3,3.1,14.0,0.0,1307,0,0,2421,2691,2331,0
1791046509,16.2,17.5,20.0,7.1,8.1,7.1,12.1,14.6,14.3,4.0,3.0,9.3,18.0,2.0,7.1,5.1,0.0,1306,0,0,2158,2380,2548,0
1791046510,17.0,12.4,28.3,15.5,9.3,16.2,17.2,13.1,12.5,18.6,15.5,12.0,10.2,12.5,10.2,15.0,0.0,1304,0,0,2147,2550,2637,0
1791046511,7.0,6.0,25.3,17.3,17.5,10.3,12.5,12.4,7.1,6.2,10.2,1.0,10.4,14.3,8.2,8.2,0.0,1309,0,176,2313,2643,2752,0
1791046512,11.3,14.3,19.6,17.3,6.1,13.0,15.6,12.1,9.2,5.1,15.5,8.2,11.2,9.2,8.2,7.3,0.0,1308,0,120,2269,2619,2789,0
1791046513,11.2,12.5,29.7,20.6,11.3,13.3,18.4,12.4,19.8,13.1,21.6,10.2,20.4,16.5,12.2,9.2,0.0,1332,0,0,2410,2927,2791,0
1791046514,7.9,10.0,23.9,17.5,8.2,14.3,10.2,4.0,9.3,6.3,12.2,8.2,15.6,11.3,13.3,13.1,0.0,1333,0,0,2313,2854,2880,0
1791046515,9.2,11.3,27.1,17.5,5.1,6.9,7.1,9.2,13.3,12.8,8.2,13.4,7.4,9.4,12.4,11.2,0.0,1333,0,0,2164,2943,2779,0
1791046516,17.2,18.6,32.6,15.5,12.2,21.6,9.2,16.3,12.4,16.3,12.2,12.5,17.2,18.4,12.2,14.1,0.0,1369,0,0,2526,3101,2719,0
1791046517,18.4,6.1,16.7,20.6,12.0,9.3,12.4,6.1,8.1,14.1,6.1,11.2,4.2,11.5,10.2,13.4,0.0,1369,0,16,2304,2730,2840,0
1791046518,11.0,11.1,22.8,16.5,11.3,12.2,9.1,7.2,12.4,7.2,11.3,10.4,10.4,14.4,11.2,14.1,0.0,1368,0,0,2528,3204,2647,0
1791046519,16.3,14.4,29.3,27.6,13.3,11.1,9.3,14.1,6.2,9.1,12.1,13.4,11.0,14.3,10.0,17.2,0.0,1372,0,0,2146,2537,2872,0
1791046520,8.2,10.5,19.6,11.3,11.2,11.1,16.7,6.2,6.1,4.1,7.2,13.4,8.2,5.1,11.2,15.3,0.0,1371,0,0,2223,2691,3021,0
1791046521,15.3,12.5,18.7,11.3,15.2,18.9,11.5,7.2,8.2,7.1,8.0,7.2,14.4,10.1,3.0,7.3,0.0,1370,0,0,2385,2755,3018,0
1791046522,12.5,11.2,27.2,15.8,9.1,17.3,11.1,9.0,18.4,12.4,13.3,17.5,13.1,17.9,18.6,10.4,0.0,1376,0,12,2201,2870,3097,0
1791046523,17.0,14.3,17.8,12.4,11.3,10.3,11.0,7.1,7.2,15.8,8.5,9.2,12.5,9.3,8.1,6.1,0.0,1378,0,4,2118,2948,3081,0
1791046524,12.5,12.0,18.5,18.4,10.1,8.2,8.2,10.2,18.8,11.7,14.1,9.3,6.1,16.5,12.5,10.4,0.0,1378,0,0,2477,3195,2850,0
1791046525,7.1,10.4,23.7,18.8,6.1,8.0,17.3,20.0,12.1,22.4,17.3,14.4,19.4,17.3,7.2,12.1,0.0,1386,0,0,2450,2651,3017,0
1791046526,10.1,10.0,21.7,20.6,16.3,10.8,6.1,9.3,3.0,3.0,9.1,13.1,7.1,12.6,8.2,11.1,0.0,1386,0,0,2386,2666,3152,0
1791046527,8.2,20.4,19.6,21.6,8.3,7.2,9.3,5.0,9.2,7.1,3.1,4.0,11.1,14.3,10.2,10.5,0.0,1385,0,0,2237,2739,3140,0
1791046528,14.3,12.0,27.7,11.5,6.2,11.1,8.2,8.1,8.6,3.1,9.3,12.8,8.1,8.1,15.5,11.3,0.0,1386,0,16,2291,2923,3201,0
1791046529,17.0,11.1,28.4,24.5,12.2,15.2,17.2,7.1,10.8,10.1,6.2,16.5,14.3,9.2,13.4,12.1,0.0,1387,0,4,2213,2919,3152,0
1791046530,14.1,14.9,15.4,16.3,6.1,11.3,7.1,4.0,8.6,7.1,4.0,12.6,6.1,7.1,13.3,11.6,0.0,1386,0,1688,2078,2711,3304,0
1791046531,17.3,11.2,18.1,13.3,9.2,4.3,13.3,6.1,5.1,11.5,9.2,7.1,6.1,4.0,11.6,7.1,0.0,1386,0,0,1857,2550,3364,0
1791046532,12.4,9.0,20.9,19.6,13.4,9.1,12.0,14.1,18.2,13.4,10.2,22.7,10.9,11.3,12.2,12.1,0.0,1399,0,0,2018,2551,3492,0
1791046533,13.1,7.1,25.0,16.7,7.0,9.5,6.2,8.2,15.5,8.1,10.4,16.2,12.2,12.6,9.3,11.2,0.0,1399,0,24,2407,3148,3345,0
1791046534,17.7,4.1,24.5,18.6,8.1,5.1,9.2,12.4,9.1,11.3,6.1,4.1,12.4,5.5,8.1,16.2,0.0,1423,0,0,2203,2760,3411,0
1791046535,19.4,15.2,19.1,23.7,8.1,22.2,12.1,17.7,14.3,14.3,17.5,9.3,8.1,16.7,13.3,17.2,0.0,1448,0,8,2426,2739,3504,0
1791046536,11.1,12.2,31.6,17.7,10.2,8.2,16.2,12.4,13.5,11.2,13.3,12.4,11.2,14.3,16.3,11.5,0.0,1456,0,0,2624,3597,3150,0
1791046537,12.1,16.3,27.2,21.0,7.1,14.0,10.2,5.1,9.2,11.1,10.5,11.2,12.6,9.1,17.5,5.1,0.0,1455,0,0,2608,3233,3081,0
1791046538,13.0,13.3,28.4,21.1,12.0,13.4,18.9,19.0,14.0,19.8,14.3,15.0,14.1,18.0,13.0,15.5,0.0,1472,0,44,2628,3190,2936,0
1791046539,9.9,7.2,19.1,15.6,9.4,11.3,10.1,11.0,11.0,15.5,12.4,12.2,13.4,12.5,8.2,11.2,0.0,1472,0,0,2631,3103,2715,0
1791046540,12.0,15.2,33.7,11.8,6.4,11.3,13.4,16.7,10.1,6.2,4.1,7.3,7.1,1.0,10.2,10.0,0.0,1471,0,0,2450,2673,2865,0
1791046541,17.3,11.0,29.3,19.2,17.3,14.3,18.2,17.5,15.5,16.8,12.1,10.5,12.0,16.5,16.3,12.4,0.0,1469,0,4,2589,2925,2815,0
1791046542,12.1,9.1,31.9,15.2,9.1,15.5,7.3,5.1,11.0,9.1,11.2,17.2,7.1,13.3,10.1,11.1,0.0,1468,0,0,2641,3063,2754,0
1791046543,10.3,9.0,32.6,15.6,9.3,11.0,14.4,8.2,12.2,16.3,8.2,13.5,9.2,14.1,13.5,9.3,0.1,1466,0,12,3128,3653,2433,0
1791046544,4.1,18.8,30.8,15.6,14.4,6.1,13.3,16.3,11.1,13.4,15.2,17.7,8.0,17.5,17.2,18.8,0.0,1466,0,0,2861,2905,2468,0
1791046545,2.0,1.0,10.1,5.4,12.1,12.5,22.2,7.1,3.0,10.0,19.4,8.0,9.3,16.7,10.2,14.3,0.1,1464,0,0,2418,2497,2649,0
1791046546,18.0,13.1,17.8,12.5,13.3,5.0,14.4,1.0,10.4,14.3,9.2,16.5,9.1,2.0,5.1,7.2,0.0,1462,0,0,2385,2700,2984,0
1791046547,11.1,6.1,12.1,14.4,9.2,8.2,11.3,8.2,10.0,17.2,10.3,12.1,8.4,13.4,8.2,10.1,0.0,1461,0,4,2454,2813,3343,0
1791046548,17.0,18.2,24.4,21.6,14.4,15.3,16.2,16.5,11.5,13.0,12.1,14.3,16.5,21.4,9.0,20.4,0.0,1462,0,0,2384,2968,3501,0
1791046549,17.5,9.1,21.1,12.1,8.2,12.1,16.3,6.1,18.4,8.2,7.3,14.1,7.1,16.5,15.8,13.1,0.0,1462,0,16,2392,2999,3705,0
1791046550,16.2,17.3,26.9,16.5,12.4,20.4,11.3,20.0,23.5,16.3,18.2,16.3,16.0,12.4,24.7,19.4,0.0,1464,0,0,2336,3684,3780,0
1791046551,16.0,10.1,28.6,17.5,7.2,9.3,14.4,11.2,14.6,5.0,12.2,16.5,11.2,11.5,16.2,10.3,0.0,1463,0,0,2319,3455,3933,0
1791046552,16.5,7.2,23.6,16.7,18.0,12.2,18.6,15.5,10.2,16.7,23.2,14.6,10.1,19.2,10.3,11.1,0.0,1548,0,0,2410,3705,4099,0
1791046553,19.0,18.4,36.2,24.5,12.2,18.8,24.7,18.6,24.7,19.4,18.4,16.5,18.4,17.2,19.6,18.9,0.0,1575,0,4,2401,4007,4178,0
1791046554,15.2,16.3,26.4,16.7,12.2,14.6,10.4,17.5,16.5,18.8,13.1,9.2,14.6,10.5,15.6,17.5,0.0,1578,0,12,2387,4195,4386,0
1791046555,22.4,23.5,30.1,24.7,18.4,18.6,19.4,20.6,19.2,16.5,18.9,17.3,25.8,25.0,16.7,24.7,0.0,1688,0,0,2337,3515,4637,0
1791046556,18.4,14.4,35.5,22.9,15.5,11.3,11.2,9.3,21.1,9.3,18.6,15.6,13.4,11.3,18.8,14.6,0.0,1703,0,0,2610,4598,4681,0
1791046557,18.6,13.1,26.7,25.3,13.5,15.3,11.3,18.4,17.3,13.4,14.3,12.2,14.6,12.2,18.1,14.3,0.0,1703,0,0,2570,4280,4933,0
1791046558,17.3,23.7,37.6,28.9,17.5,20.0,21.9,19.6,15.2,22.7,17.0,20.8,19.4,28.1,27.8,19.1,0.0,1834,0,0,2413,4029,5073,0
1791046559,16.5,16.7,17.8,19.8,14.4,13.4,15.8,12.5,14.7,11.3,16.3,16.7,12.4,10.3,21.6,14.4,0.0,1841,0,16,2338,4497,5167,0
1791046560,19.4,15.0,27.8,24.0,17.5,11.2,13.1,15.2,17.7,13.5,12.4,10.2,12.5,17.2,20.0,11.3,0.0,1844,0,0,2444,4786,5165,0
1791046561,14.3,14.6,30.1,27.1,23.5,11.3,12.5,16.8,15.6,18.1,16.7,14.4,12.2,10.3,13.3,13.5,0.0,1900,0,1892,2400,5090,5187,0
1791046562,22.2,16.3,30.8,26.8,18.8,23.2,20.4,21.4,22.9,24.5,22.9,21.9,24.7,21.4,28.3,19.4,0.0,1937,0,0,2284,4980,5175,0
1791046563,13.1,14.6,21.7,21.6,7.3,10.3,12.5,12.5,12.4,17.9,10.4,8.2,12.4,9.2,21.3,12.4,0.0,1936,0,0,2281,3836,5518,0
1791046564,17.9,20.8,21.1,18.9,13.4,15.8,26.5,13.5,17.5,18.4,16.7,15.6,16.8,13.5,17.9,15.3,0.0,1936,0,24,2319,5336,5258,0
1791046565,20.2,17.5,28.9,21.6,22.9,20.6,20.8,18.4,23.7,25.0,17.7,21.9,20.8,21.9,23.2,28.4,0.0,1981,0,8,2323,4305,5697,0
1791046566,11.3,16.5,35.1,25.5,15.6,15.6,19.6,17.5,14.6,16.8,13.5,17.5,11.5,12.5,14.4,16.5,0.0,1987,0,0,2436,4933,5595,0
1791046567,21.2,17.5,20.9,18.9,15.6,15.5,18.9,18.8,16.5,17.3,18.6,16.5,12.4,16.7,17.5,22.9,0.0,1985,0,0,2650,5595,5345,0
1791046568,14.0,15.5,25.3,22.9,10.4,16.7,12.5,11.5,16.3,16.7,14.7,16.3,20.6,16.3,14.6,16.5,0.0,1983,0,0,2350,5116,5360,0
1791046569,17.2,19.6,31.5,31.2,24.5,21.1,23.7,22.7,21.6,20.8,26.3,23.7,20.6,21.9,16.3,20.6,0.1,2055,0,36,2233,4318,5620,0
1791046570,10.2,15.5,27.8,13.3,13.4,9.4,12.6,11.5,12.6,20.6,18.6,13.5,11.2,13.5,13.7,13.5,0.0,2056,0,28,2114,4191,6042,0
1791046571,16.3,21.6,29.0,19.1,11.5,21.9,17.7,14.7,10.5,15.8,13.5,14.7,14.6,14.6,13.5,20.0,0.0,2054,0,176,2398,5018,5991,0
1791046572,18.8,11.5,22.7,17.7,18.9,20.8,24.0,19.6,9.4,14.0,18.6,11.6,14.3,14.4,16.8,15.5,0.0,2054,0,0,2636,5429,5808,0
1791046573,22.2,20.2,43.0,25.5,28.6,21.9,26.8,20.6,26.0,20.4,19.4,19.2,23.7,27.1,24.0,25.3,0.0,2066,0,0,2973,5868,5610,0
1791046574,14.1,16.7,35.9,25.0,16.7,12.2,11.3,10.1,10.3,11.3,13.4,5.1,15.6,18.8,14.4,15.5,0.0,2065,0,0,2424,4591,5825,0
1791046575,18.6,11.3,25.8,18.1,21.6,10.3,13.3,13.5,11.3,11.5,9.3,11.2,16.5,13.4,18.6,9.3,0.0,2064,0,12,2420,4519,6174,0
1791046576,18.6,15.5,21.6,22.1,17.5,14.9,11.2,15.6,16.8,13.3,13.7,15.6,12.4,14.7,13.5,15.8,0.0,2062,0,0,2578,4960,6003,0
1791046577,20.6,21.2,32.6,29.9,20.4,21.2,18.6,20.6,22.7,23.7,26.0,22.4,24.7,19.6,17.3,35.8,0.0,2112,0,4,2472,5414,5894,0
1791046578,18.4,14.4,25.3,24.7,11.6,13.5,13.4,20.8,20.6,12.5,13.4,13.7,14.4,19.4,14.6,10.4,0.0,2113,0,0,2556,5280,5933,0
1791046579,15.6,17.5,26.7,20.8,18.6,13.5,13.5,14.7,12.4,8.3,13.5,9.3,13.5,17.5,15.6,15.6,0.0,2105,0,0,2615,4949,5880,0
1791046580,15.2,15.6,24.4,23.7,14.3,10.3,14.1,16.5,15.5,24.5,12.1,17.7,12.4,11.5,15.2,14.3,0.0,2107,0,16,2568,5110,6004,0
1791046581,19.8,22.7,31.2,26.5,18.6,20.8,18.9,21.6,21.9,15.6,17.9,18.8,25.5,27.1,17.7,18.8,0.0,2112,0,0,2545,4979,5923,0
1791046582,16.5,16.5,34.0,25.3,15.5,12.4,15.3,14.3,14.3,17.3,10.4,20.4,13.5,12.6,13.4,16.7,0.0,2112,0,0,2700,5274,5868,0
1791046583,19.4,17.3,31.9,22.9,13.5,25.5,14.3,15.6,18.8,17.9,10.4,14.9,14.6,12.4,18.6,14.6,0.0,2112,0,4,2870,5748,5604,0
1791046584,18.4,22.9,39.8,34.0,20.8,22.9,22.7,20.4,21.9,19.8,24.7,24.5,21.1,17.5,25.3,22.1,0.0,2113,0,0,2953,5322,5420,0
1791046585,16.3,15.6,30.4,26.0,19.4,16.0,11.6,16.8,17.5,16.3,18.4,16.7,15.3,15.6,22.4,20.2,0.0,2113,0,16,2786,5406,5286,0
1791046586,18.8,19.6,33.7,26.5,16.8,17.7,21.6,17.5,15.5,17.3,24.0,18.9,18.6,12.5,15.5,23.7,0.0,2111,0,0,2873,5938,4862,0
1791046587,19.4,16.5,30.8,22.9,13.7,13.4,13.4,25.8,17.5,21.9,15.8,18.8,15.6,15.8,18.8,14.6,0.0,2111,0,0,3101,5071,4745,0
1791046588,20.4,15.5,37.2,32.0,25.5,25.3,21.6,21.9,22.7,21.6,24.5,21.6,18.8,27.1,21.6,24.7,0.0,2116,0,0,2748,4816,4924,0
1791046589,15.3,18.6,27.0,19.8,14.7,17.7,18.2,17.7,17.5,22.4,19.8,18.4,17.7,15.2,21.6,18.6,0.0,2116,0,4,2873,5536,4754,0
1791046590,10.4,17.9,30.9,17.9,11.3,16.7,12.4,14.6,18.9,13.5,15.6,13.5,17.3,14.6,10.4,23.2,0.0,2114,0,12,2653,4721,4887,0
1791046591,21.2,20.6,33.0,29.6,19.6,13.7,14.6,17.5,15.6,16.7,14.7,17.5,15.8,18.9,20.8,16.3,0.0,2115,0,0,3126,5785,4636,0
1791046592,23.5,23.5,38.9,27.1,25.0,21.1,18.4,18.6,19.6,22.7,22.1,17.7,17.3,19.4,24.2,18.4,0.0,2114,0,2792,2769,4738,4792,0
1791046593,19.0,17.7,33.0,23.7,16.0,15.5,20.0,22.1,14.6,15.5,20.6,16.7,20.8,21.9,15.5,14.7,0.0,2115,0,0,3002,6026,4343,0
1791046594,17.7,18.4,34.1,27.1,14.3,18.8,15.6,15.5,13.4,15.5,20.6,17.0,18.8,17.7,17.9,25.3,0.0,2116,0,0,3117,5833,4018,0
1791046595,15.3,14.6,30.1,28.1,9.5,15.3,18.8,13.7,7.3,14.7,15.6,13.1,14.6,10.3,14.3,11.2,0.0,2108,0,28,2634,4079,4445,0
1791046596,23.7,28.6,40.9,31.6,24.0,29.5,27.1,24.0,23.7,23.7,27.4,24.5,27.1,26.8,25.0,22.7,0.0,2111,0,0,3309,6257,3831,0
1791046597,13.5,15.6,34.1,26.0,12.2,17.5,13.4,9.2,15.3,14.3,18.4,14.6,13.5,15.6,17.7,13.7,0.0,2113,0,0,2989,4937,3950,0
1791046598,14.4,12.5,35.9,20.8,10.4,11.7,14.4,14.1,14.7,18.1,10.4,17.5,12.4,15.6,8.2,12.8,0.0,2129,0,0,2840,4490,4195,0
1791046599,22.4,23.2,30.4,27.8,18.4,22.7,19.6,19.4,18.4,18.4,18.6,19.2,23.7,24.5,22.1,16.3,0.0,2135,0,0,2766,4309,4504,0
1791046600,17.7,21.3,28.7,23.2,13.5,15.8,22.4,12.6,16.5,16.3,15.5,13.7,15.5,17.9,23.7,15.6,0.0,2136,0,28,2976,5829,4228,0
1791046601,17.2,17.7,34.8,23.7,27.6,15.3,14.6,15.3,15.5,16.5,17.5,18.8,16.5,20.0,13.5,13.1,0.0,2136,0,8,2776,5093,4174,0
1791046602,15.3,17.5,27.3,24.2,16.8,16.5,14.4,14.6,25.3,21.9,13.5,20.8,12.6,18.6,16.5,16.7,0.0,2136,0,0,2887,5580,3978,0
1791046603,33.3,21.9,34.1,29.6,26.3,27.4,23.7,21.3,25.8,21.6,25.0,22.4,20.6,26.9,19.8,20.4,0.0,2136,0,0,3086,5223,3839,0
1791046604,12.2,21.4,29.3,19.8,6.2,17.3,12.2,12.1,10.3,17.7,15.6,8.2,13.7,22.7,19.6,12.5,0.0,2135,0,0,2702,4271,4274,0
1791046605,19.6,13.7,34.4,26.0,19.6,15.3,19.8,14.9,17.9,14.4,12.5,15.3,19.6,20.6,23.7,12.5,0.0,2134,0,0,3121,5815,4102,0
1791046606,21.6,18.4,34.8,32.3,19.8,19.8,18.6,23.7,22.4,26.0,23.7,21.6,22.9,17.5,21.1,27.8,0.0,2135,0,24,2953,4944,4027,0
1791046607,10.1,15.2,23.1,15.2,9.2,16.3,13.4,17.7,9.3,14.1,12.8,14.3,17.7,12.5,15.6,15.3,0.0,2134,0,4,2454,4490,4386,0
1791046608,15.6,14.9,36.5,17.7,14.1,13.4,12.4,13.4,12.4,14.9,15.3,15.5,12.4,13.4,21.2,14.6,0.0,2135,0,0,2573,4358,4696,0
1791046609,22.2,16.2,27.5,21.9,18.6,12.5,15.6,12.4,12.1,19.2,17.9,19.8,18.2,16.5,16.0,22.4,0.0,2134,0,0,2711,5587,4565,0
1791046610,22.1,21.1,31.2,28.1,21.9,21.9,20.0,23.5,17.9,17.9,22.4,22.4,25.5,20.6,22.4,18.9,0.0,2136,0,0,2585,5543,4350,0
1791046611,17.3,23.2,26.1,20.0,12.4,10.3,11.3,12.6,17.5,8.3,18.6,12.5,14.4,14.4,14.6,14.6,0.0,2134,0,24,2428,4478,4488,0
1791046612,18.2,15.3,23.9,16.5,13.7,13.7,13.4,14.4,13.4,13.4,16.7,13.5,17.0,15.5,16.7,26.6,0.0,2131,0,0,2589,4910,4565,0
1791046613,18.6,11.3,29.7,26.3,10.3,15.8,19.4,11.2,12.6,14.6,19.8,18.2,20.6,11.1,14.3,17.7,0.0,2134,0,4,2575,5196,4679,0
1791046614,27.8,28.4,33.3,24.7,19.4,22.2,22.7,17.2,19.4,18.2,26.8,17.7,19.4,14.4,18.4,25.5,0.0,2135,0,0,2469,4254,4914,0
1791046615,11.3,14.3,27.2,26.5,12.4,16.5,12.5,16.5,19.4,20.6,20.6,15.2,19.6,13.4,20.6,17.3,0.0,2135,0,0,2667,5424,5096,0
1791046616,20.2,18.4,31.2,18.6,20.6,16.7,13.5,17.5,12.5,13.7,16.5,15.3,10.6,12.2,14.6,15.6,0.0,2135,0,12,2328,4670,5481,0
1791046617,21.9,16.7,34.4,27.1,14.4,16.5,16.5,19.8,18.4,12.2,22.9,16.5,17.7,13.4,19.6,17.9,0.0,2135,0,0,2516,5849,5588,0
1791046618,27.6,23.5,37.9,24.2,21.6,23.7,22.7,21.4,22.1,26.8,25.8,24.7,20.8,26.8,17.9,22.4,0.0,2137,0,0,2384,4976,5820,0
1791046619,17.3,15.2,30.1,27.1,21.6,17.5,14.4,23.2,16.3,16.7,16.5,20.6,15.5,19.4,21.6,20.6,0.1,2135,0,4,2628,5944,5805,0
1791046620,19.8,22.9,25.8,27.6,14.7,21.4,19.6,20.4,17.5,19.6,13.4,15.5,18.6,27.3,17.5,18.8,0.0,2136,0,0,2442,6112,5812,0
1791046621,24.7,21.4,37.2,23.5,25.8,17.9,28.4,20.8,19.4,24.7,21.9,21.4,18.8,22.1,23.7,26.5,0.0,2135,0,12,2173,5017,5912,0
1791046622,19.4,15.6,23.4,15.6,12.5,16.3,11.5,12.2,14.4,13.3,12.1,12.4,15.5,13.3,15.8,15.2,0.0,2135,0,0,1983,4543,5975,0
1791046623,20.8,21.6,30.0,24.0,17.3,14.1,13.3,23.7,17.5,13.3,16.7,21.6,18.8,21.9,19.8,23.5,0.0,2136,0,2912,2407,6141,5958,0
1791046624,26.0,21.6,35.1,37.8,29.2,22.9,19.8,22.4,23.5,25.8,22.6,24.0,23.2,21.9,23.7,24.7,0.0,2137,0,0,2843,7792,6023,0
1791046625,26.8,26.5,40.7,37.1,26.8,27.3,28.9,27.8,30.6,27.1,26.5,33.0,23.7,21.9,26.8,36.1,0.1,2181,0,4,2826,7090,6062,0
1791046626,20.8,18.4,39.2,24.7,17.9,20.4,19.8,16.3,17.7,17.5,17.0,20.4,19.2,12.2,16.5,15.5,0.1,2181,0,24,2622,6248,6090,0
1791046627,17.2,20.2,34.7,23.2,17.2,17.3,19.4,20.4,18.6,19.4,19.4,16.5,17.3,18.8,22.7,18.6,0.0,2181,0,0,2375,6031,6075,0
1791046628,28.1,23.7,38.7,27.8,22.7,18.6,25.5,25.5,18.2,23.7,21.9,27.8,21.4,23.5,21.2,22.4,0.0,2181,0,0,2114,5624,6112,0
1791046629,24.2,23.5,40.2,23.2,20.8,19.4,23.2,21.4,19.4,20.4,23.2,26.5,20.2,22.2,20.6,20.6,0.0,2183,0,0,2357,7135,6142,0
1791046630,20.4,20.2,32.3,32.0,18.0,21.4,18.8,18.4,20.6,21.6,15.5,19.6,15.5,14.6,25.5,22.4,0.0,2181,0,0,2399,6580,6167,0
1791046631,28.6,27.1,33.0,30.6,30.9,24.7,34.7,25.0,23.7,22.7,20.4,25.0,29.3,27.1,25.3,23.2,0.0,2207,0,4,2343,6369,6171,0
1791046632,18.8,18.2,36.2,23.7,19.4,17.5,16.7,25.5,16.2,18.4,15.3,15.3,27.1,16.3,14.1,20.8,0.0,2210,0,24,2453,6083,6079,0
1791046633,23.2,18.6,38.5,26.0,19.4,14.4,20.4,17.7,17.5,18.8,16.5,16.5,20.6,15.6,12.4,30.2,0.0,2209,0,0,2742,6102,6076,0
1791046634,19.4,18.4,35.8,25.8,20.8,17.5,17.5,24.7,21.1,23.2,20.4,18.4,15.6,17.5,15.5,24.0,0.0,2209,0,0,2509,6834,6200,0
1791046635,30.6,32.7,48.9,41.4,36.4,40.4,30.9,29.9,32.7,29.8,28.9,33.7,29.2,31.6,36.1,31.6,0.0,2229,0,0,3176,8912,6027,0
1791046636,27.4,27.6,44.3,34.7,24.7,23.7,34.0,22.9,25.8,23.7,28.3,26.5,30.2,28.9,28.6,24.2,0.0,2227,0,0,3116,8903,5903,0
1791046637,31.6,34.7,38.9,40.8,28.6,30.3,33.7,35.1,29.9,31.6,26.3,34.4,27.8,29.6,27.6,40.4,0.0,2230,0,20,2996,8005,6097,0
1791046638,24.5,24.5,39.4,27.4,18.8,22.1,18.4,26.5,30.3,23.7,21.1,22.7,24.0,31.2,24.0,18.6,0.0,2231,0,0,2838,7773,5949,0
1791046639,26.3,25.0,33.7,33.7,31.6,25.8,25.0,22.4,21.4,28.9,20.2,21.9,20.4,21.4,23.7,22.4,0.0,2230,0,0,3017,7754,5965,0
1791046640,30.2,32.6,51.0,36.1,29.9,31.6,30.6,30.2,31.6,34.3,36.1,32.3,26.3,28.1,32.0,31.2,0.0,2229,0,0,3175,8429,5934,0
1791046641,31.0,21.4,39.6,30.3,24.0,20.6,24.0,24.7,28.4,22.4,22.9,21.6,29.2,32.3,21.9,25.5,0.0,2229,0,0,2873,7852,5742,0
1791046642,30.9,30.6,40.4,32.0,22.7,25.0,22.7,22.9,27.1,21.9,25.8,25.0,33.0,27.8,29.6,25.8,0.0,2228,0,24,3168,8366,5818,0
1791046643,26.5,30.6,45.3,50.5,32.7,33.7,32.3,29.6,34.0,31.3,28.6,31.2,29.9,31.3,29.3,27.6,0.0,2229,0,4,2995,8307,5692,0
1791046644,21.6,27.8,43.9,33.0,24.0,26.5,28.3,23.5,25.8,20.0,20.0,26.0,31.2,27.8,25.3,23.5,0.0,2228,0,0,3013,8554,5707,0
1791046645,30.6,30.9,43.6,45.8,36.7,35.7,31.2,30.9,33.3,32.0,30.2,33.0,30.9,34.7,32.0,32.3,0.0,2229,0,0,3141,8354,5719,0
1791046646,23.5,24.7,37.4,32.0,32.7,20.4,24.0,22.4,23.5,19.6,25.0,19.2,18.8,24.0,21.9,20.4,0.0,2230,0,0,2985,7396,5704,0
1791046647,19.6,22.7,41.5,34.4,18.9,18.6,25.0,21.1,19.6,23.5,25.3,23.2,21.6,23.5,24.5,23.7,0.0,2228,0,32,2723,7416,5616,0
1791046648,32.7,32.3,50.0,41.8,37.4,37.8,30.0,36.7,30.3,32.0,29.6,29.0,32.3,35.4,35.4,33.0,0.0,2262,0,0,3321,8576,5402,0
1791046649,26.5,26.0,33.7,39.2,27.3,24.2,24.5,24.5,28.4,23.7,26.8,27.8,25.8,23.2,26.5,23.5,0.0,2260,0,4,3122,8082,5540,0
1791046650,22.4,17.7,38.7,32.3,20.6,19.6,21.9,20.8,21.6,24.7,17.7,27.1,21.9,19.6,22.2,15.8,0.0,2261,0,0,2833,7441,5566,0
1791046651,29.6,31.3,44.2,40.2,29.9,26.5,31.6,28.9,30.2,32.3,31.6,31.6,31.3,36.1,31.2,32.0,0.0,2261,0,0,3230,8518,5538,0
1791046652,20.2,21.4,42.6,26.3,22.0,17.7,20.0,17.3,24.2,16.5,21.2,18.6,24.7,21.6,20.4,21.6,0.0,2261,0,12,2586,7528,5384,0
1791046653,31.6,30.6,51.5,37.8,32.7,26.8,31.2,32.7,34.3,36.7,33.0,32.7,30.2,35.4,35.4,33.0,0.0,2260,0,0,3236,8664,5475,0
1791046654,22.7,20.8,34.0,26.0,16.8,28.3,26.6,21.4,18.8,25.0,21.4,22.4,20.6,19.8,19.8,19.6,0.0,2261,0,0,2550,7662,5103,0
1791046655,27.0,24.7,43.6,35.7,22.4,22.1,21.6,29.3,21.4,25.8,21.6,22.4,20.8,24.7,27.6,25.0,0.0,2259,0,3964,2951,8301,5438,0
1791046656,26.8,24.5,47.4,35.1,23.7,26.5,31.6,30.5,28.6,27.8,33.0,34.0,29.6,26.8,29.3,37.1,0.1,2260,0,0,3171,7282,5463,0
1791046657,30.9,28.3,47.4,35.4,27.6,27.4,30.2,23.7,25.8,33.7,26.5,30.6,24.0,29.9,25.0,29.3,0.0,2260,0,24,3307,8955,5370,0
1791046658,30.3,31.6,45.5,32.0,27.8,29.9,27.8,33.3,29.9,25.8,28.9,27.8,39.4,30.6,30.6,29.5,0.0,2262,0,12,3103,7932,5431,0
1791046659,24.7,26.8,35.8,37.8,20.8,24.2,20.6,25.3,22.7,21.6,24.7,22.4,25.0,22.1,23.5,33.0,0.0,2261,0,0,3128,8085,5287,0
1791046660,34.7,27.6,40.9,36.4,25.8,24.5,27.6,27.4,26.3,25.5,28.9,30.9,29.9,23.2,21.4,27.6,0.0,2262,0,0,3375,8572,5332,0
1791046661,30.3,34.4,46.9,39.6,30.0,27.6,29.2,26.8,27.8,36.7,27.6,29.3,34.7,33.3,25.3,32.3,0.0,2262,0,4,3148,8409,5414,0
1791046662,24.0,25.0,40.6,30.6,27.6,21.9,20.6,31.6,19.6,19.6,18.6,24.7,24.5,20.8,17.7,24.7,0.0,2263,0,12,3235,8006,5393,0
1791046663,27.0,19.2,36.6,31.3,15.6,18.6,17.3,19.6,20.6,19.6,18.6,16.5,16.5,19.4,21.6,25.0,0.0,2260,0,0,2549,6476,5392,0
1791046664,29.9,26.5,43.2,37.5,29.3,35.1,29.9,28.9,27.8,27.8,25.0,26.5,31.6,27.3,28.3,29.2,0.0,2260,0,0,2638,7309,5413,0
1791046665,28.6,23.7,42.1,34.0,25.5,26.8,25.0,22.7,28.6,24.0,27.1,27.8,27.8,24.2,25.8,22.9,0.0,2261,0,0,3032,8685,5204,0
1791046666,32.0,31.6,46.3,39.6,31.2,30.6,32.0,31.6,28.9,27.8,30.6,30.9,31.6,32.6,27.8,28.9,0.0,2261,0,0,2922,8351,5433,0
1791046667,22.2,17.7,27.2,21.4,13.3,11.2,15.5,13.5,15.3,16.5,14.4,15.5,17.3,13.0,14.3,18.6,0.0,2260,0,8,2228,4890,5365,0
1791046668,15.5,20.2,33.0,23.7,24.5,21.4,16.5,14.4,17.5,17.3,19.8,16.5,18.4,19.4,20.4,19.4,0.0,2261,0,24,2474,5622,5427,0
1791046669,21.0,20.4,37.6,28.9,16.7,23.0,20.2,18.4,21.6,20.6,21.6,25.0,18.8,21.4,22.4,18.6,0.0,2254,0,0,2459,6355,5427,0
1791046670,24.2,28.1,37.8,31.6,23.2,22.9,23.5,25.5,22.7,24.5,28.9,20.8,20.8,25.8,24.0,30.6,0.0,2257,0,0,2141,5811,5411,0
1791046671,23.5,23.5,33.3,27.8,19.6,25.5,21.4,25.8,22.4,20.6,21.2,19.6,19.6,19.2,17.3,21.9,0.0,2257,0,0,2637,6893,5476,0
1791046672,16.3,18.2,30.9,32.0,18.2,15.5,17.5,16.5,16.5,19.4,18.6,13.5,13.4,19.6,15.3,17.7,0.0,2259,0,0,2647,5553,5549,0
1791046673,29.6,29.6,40.4,32.7,26.5,27.8,26.5,33.7,25.8,25.0,26.8,26.5,25.8,26.5,26.0,25.8,0.0,2256,0,28,2488,6969,5386,0
1791046674,20.6,19.4,31.6,27.8,22.4,19.6,20.4,17.5,18.8,18.6,18.6,17.3,15.3,22.7,22.2,23.2,0.0,2259,0,0,2689,6492,5553,0
1791046675,18.2,17.3,32.6,25.8,19.6,23.5,14.3,15.3,16.5,14.1,17.5,11.3,15.3,18.8,24.0,19.4,0.0,2259,0,0,2687,5361,5647,0
1791046676,19.4,23.5,30.9,20.8,17.7,21.6,18.9,21.4,15.3,18.6,16.5,22.4,23.5,15.3,20.4,27.6,0.0,2283,0,0,2540,6063,5644,0
1791046677,22.8,29.6,39.2,29.9,24.2,25.5,26.0,19.6,19.6,25.8,26.5,23.7,26.8,20.4,33.7,24.7,0.0,2276,0,0,2554,6650,5723,0
1791046678,21.6,23.7,34.0,25.8,15.3,18.6,17.0,21.6,24.7,24.7,20.8,17.7,32.3,16.3,18.6,18.6,0.0,2281,0,12,2739,6852,5721,0
1791046679,17.0,16.3,37.2,27.0,16.3,20.4,20.2,16.3,18.8,17.5,27.6,20.6,19.6,18.6,17.7,19.8,0.0,2281,0,4,2706,6276,5697,0
1791046680,26.5,24.5,41.1,29.9,32.3,28.6,25.5,26.5,26.3,28.3,25.0,26.8,29.6,26.3,30.6,31.0,0.0,2278,0,0,2547,6591,5814,0
1791046681,18.2,12.2,31.6,23.5,18.6,18.6,11.2,20.2,16.7,16.3,16.3,19.0,16.5,15.8,12.4,19.6,0.0,2253,0,3160,2200,5816,5729,0
1791046682,12.1,17.2,23.2,21.4,17.5,17.7,14.1,15.3,15.3,12.4,17.7,14.4,16.5,22.2,16.3,11.3,0.0,2252,0,0,1760,5196,5855,0
1791046683,26.3,23.7,34.0,26.8,25.0,23.5,27.8,21.4,22.4,21.4,19.6,22.7,22.4,22.7,24.0,27.6,0.0,2251,0,24,1872,5289,5912,0
1791046684,23.7,24.2,33.0,31.2,22.7,23.7,24.2,23.5,23.5,18.6,24.7,21.6,23.5,21.9,23.7,16.7,0.0,2251,0,0,2727,7311,5825,0
1791046685,20.6,20.8,43.3,37.4,19.6,22.7,21.4,22.7,20.6,25.3,20.6,21.4,21.6,29.9,25.8,20.8,0.0,2251,0,4,2754,7428,5941,0
1791046686,39.8,36.7,40.4,41.2,33.3,33.0,28.4,29.2,32.0,29.5,35.7,25.3,28.4,33.7,28.1,27.1,0.0,2251,0,0,3115,8294,5918,0
1791046687,28.1,25.5,47.5,34.7,25.8,25.5,24.5,22.4,23.5,31.6,23.7,24.5,21.6,26.3,26.8,30.9,0.0,2252,0,0,3036,8835,5991,0
1791046688,31.6,30.9,46.3,43.4,30.6,35.1,32.3,30.9,32.3,35.1,28.6,30.6,34.7,33.3,34.7,30.9,0.0,2252,0,12,3099,8663,6008,0
1791046689,26.0,27.1,37.9,36.7,27.4,23.7,24.0,21.1,25.8,24.5,23.7,22.1,26.8,25.8,33.3,25.0,0.0,2253,0,12,2979,8901,6003,0
1791046690,32.0,26.3,42.7,33.3,25.3,25.0,26.8,24.2,22.9,23.2,24.5,24.2,23.4,21.6,21.9,26.3,0.0,2255,0,0,3077,8866,5941,0
1791046691,31.3,30.2,41.2,37.4,31.6,28.9,27.6,27.8,28.9,27.6,28.9,26.5,30.6,28.4,30.6,31.3,0.0,2264,0,4,3021,7481,5923,0
1791046692,20.2,20.8,41.7,27.3,16.5,22.9,22.4,19.6,22.7,20.8,21.1,25.0,27.8,20.8,27.1,22.9,0.0,2266,0,0,2993,7815,5814,0
1791046693,24.7,28.9,33.7,29.9,28.1,23.5,18.4,26.3,28.1,27.1,26.8,25.0,23.7,23.2,18.8,25.3,0.0,2264,0,0,3235,8348,5820,0
1791046694,32.0,30.3,36.8,36.5,40.6,27.1,29.2,27.1,28.4,29.2,26.0,24.5,27.4,26.3,29.3,30.2,0.0,2265,0,12,2918,7486,5782,0
1791046695,26.3,21.9,35.5,30.5,22.9,24.0,30.2,23.5,20.0,28.4,22.7,21.1,22.1,24.7,21.9,23.4,0.0,2265,0,0,3181,8597,5684,0
1791046696,18.4,23.4,40.4,31.6,28.1,18.9,17.9,19.8,28.7,17.9,19.8,20.0,25.3,23.2,24.2,22.7,0.0,2264,0,0,3073,7744,5650,0
1791046697,34.4,30.2,48.9,39.2,29.5,29.5,44.8,30.2,33.7,32.6,30.5,32.0,29.2,29.5,31.6,36.8,0.0,2266,0,4,3429,9481,5620,0
1791046698,24.2,32.3,39.8,28.1,23.7,21.6,23.7,23.4,17.7,21.3,17.7,21.9,18.8,24.7,19.6,22.7,0.0,2265,0,0,2908,8276,5583,0
1791046699,39.2,31.2,41.7,32.3,26.8,28.4,31.9,29.2,28.1,28.4,25.3,28.1,27.4,27.1,28.4,29.5,0.0,2265,0,16,3059,8347,5562,0
1791046700,31.9,23.4,38.5,28.7,24.2,24.0,27.4,20.8,21.9,23.2,22.7,27.7,25.5,25.5,20.8,21.1,0.0,2265,0,4,2947,8655,5552,0
1791046701,26.1,25.8,38.9,30.5,18.9,24.0,24.2,21.1,17.7,21.9,24.0,28.4,22.3,23.7,23.4,21.9,0.0,2265,0,0,3329,8262,5533,0
1791046702,32.0,27.6,41.3,37.9,29.6,28.1,25.3,29.9,28.6,24.5,30.5,35.1,25.0,28.1,29.9,30.2,0.0,2265,0,2812,2802,8077,5457,0
1791046703,24.2,26.0,41.1,28.9,36.5,18.8,24.0,29.9,26.6,28.7,24.0,22.3,27.1,21.6,22.4,23.2,0.0,2265,0,8,3252,9052,5433,0
1791046704,27.6,29.9,40.4,34.0,29.6,32.7,28.1,28.4,29.6,26.8,29.5,24.7,27.6,31.6,35.1,28.1,0.1,2265,0,32,2933,7655,5453,0
1791046705,25.8,25.8,39.1,31.0,22.4,28.7,25.8,27.6,25.0,22.9,24.5,23.2,31.6,26.8,24.7,23.7,0.0,2266,0,0,3158,8509,5222,0
1791046706,25.0,24.0,39.8,29.6,27.4,26.0,18.6,24.7,23.7,21.9,25.0,31.2,26.6,21.9,26.0,27.8,0.0,2265,0,0,3420,8051,5432,0
1791046707,35.4,34.3,47.9,44.9,35.1,34.7,34.7,34.7,31.9,31.6,37.5,37.1,34.7,34.7,44.3,37.8,0.0,2267,0,0,3404,10146,5429,0
1791046708,22.0,29.2,39.2,26.8,22.7,24.0,27.1,19.6,19.4,20.6,28.4,25.0,16.8,21.1,22.4,18.9,0.0,2264,0,0,3129,7873,5369,0
1791046709,34.7,26.8,42.4,37.1,28.1,30.3,31.6,31.6,38.9,29.6,30.2,37.1,27.6,30.2,34.4,33.7,0.0,2296,0,36,3251,8457,5394,0
1791046710,23.5,27.6,36.8,26.0,25.0,21.1,25.5,22.7,32.7,21.4,23.5,24.0,22.9,24.2,27.8,24.0,0.0,2314,0,0,3116,8257,5306,0
1791046711,20.4,24.2,38.5,33.7,22.1,19.1,21.9,19.8,23.2,23.2,20.8,21.9,21.9,19.8,26.6,21.3,0.0,2313,0,0,3011,7942,5402,0
1791046712,44.3,29.9,45.3,41.7,33.0,36.1,30.9,31.2,29.2,31.6,37.1,34.7,30.2,35.1,30.2,30.5,0.0,2314,0,1620,3152,9315,5364,0
1791046713,28.3,28.9,45.9,35.1,23.5,30.9,25.5,27.3,22.7,25.8,28.6,27.1,26.3,29.8,26.8,25.3,0.0,2314,0,0,3443,9331,5405,0
1791046714,29.9,28.1,41.7,37.8,40.2,27.6,26.8,26.8,30.5,28.4,26.0,28.3,30.2,24.2,33.0,27.8,0.0,2312,0,24,3220,8101,5401,0
1791046715,24.5,29.9,39.8,35.1,29.2,28.9,27.8,29.9,27.6,29.9,24.7,25.0,26.8,38.9,28.9,29.9,0.0,2313,0,4,3424,9345,5399,0
1791046716,29.9,21.6,41.5,38.5,24.5,22.4,25.8,34.4,30.9,25.8,25.8,27.1,24.0,27.8,29.9,26.8,0.0,2314,0,0,3299,9466,5339,0
1791046717,29.3,30.9,51.0,36.4,29.5,29.9,29.9,29.6,23.5,29.5,29.2,39.2,33.3,27.6,31.6,26.8,0.0,2314,0,0,3184,8015,5416,0
1791046718,25.0,27.4,46.3,27.4,21.1,25.8,22.1,24.7,17.9,25.5,25.0,24.7,24.7,21.9,23.7,20.6,0.0,2315,0,0,2965,8273,5404,0
1791046719,19.8,21.9,35.5,26.0,24.0,22.9,25.0,24.2,24.0,23.2,21.9,24.0,24.2,22.6,22.1,24.2,0.0,2314,0,0,3202,7806,5413,0
1791046720,32.7,31.3,50.0,41.2,35.8,32.3,27.8,31.3,37.4,34.7,32.0,29.2,23.2,28.3,33.7,29.2,0.1,2316,0,28,3324,8779,5406,0
1791046721,29.9,26.3,42.6,36.1,25.0,23.7,31.2,24.0,22.1,22.3,24.2,33.3,28.9,24.0,26.0,27.4,0.0,2315,0,4,3435,9095,5208,0
1791046722,31.2,29.6,50.0,37.2,33.7,30.9,29.2,28.4,30.5,33.3,33.7,35.8,32.6,35.7,29.2,35.1,0.0,2315,0,0,3129,8980,5399,0
1791046723,26.8,24.2,39.1,29.5,31.6,25.5,27.1,28.6,24.5,25.0,24.7,24.0,23.2,24.2,26.3,24.5,0.0,2315,0,0,3135,8735,5402,0
1791046724,23.4,27.6,44.8,28.1,21.9,27.3,35.1,25.0,25.3,17.0,22.1,28.1,24.2,24.7,26.8,26.3,0.0,2314,0,1704,3263,8602,5391,0
1791046725,31.3,32.0,41.9,35.4,21.4,28.9,27.4,37.1,27.8,26.5,28.4,31.6,27.4,23.5,29.2,26.8,0.0,2314,0,24,3259,7887,5330,0
1791046726,28.9,18.9,36.6,27.8,20.8,17.9,17.2,22.7,22.4,16.2,18.8,16.7,20.6,14.6,21.6,21.6,0.0,2313,0,0,2773,6781,5411,0
1791046727,27.4,26.8,40.6,34.4,20.2,27.8,23.2,20.0,20.8,25.0,27.1,26.0,20.8,22.1,24.0,25.0,0.0,2315,0,4,3000,9172,5380,0
1791046728,25.0,31.2,40.2,43.4,31.6,32.3,30.5,32.0,28.9,30.2,30.9,28.4,26.0,29.9,30.9,34.7,0.0,2319,0,0,3028,8190,5359,0
1791046729,23.5,25.0,39.4,34.4,25.0,24.7,24.7,23.7,23.2,20.6,26.0,23.4,25.5,26.0,22.9,18.9,0.0,2317,0,0,3151,8831,5368,0
1791046730,24.7,27.8,36.6,33.7,23.5,28.9,29.9,26.8,27.6,31.2,29.2,22.7,26.8,30.2,26.3,28.6,0.0,2317,0,24,2530,7391,5394,0
1791046731,24.0,17.9,33.7,27.4,22.7,19.2,20.8,21.4,23.2,22.1,24.7,18.8,25.8,29.3,20.6,22.9,0.0,2317,0,0,2769,8118,5383,0
1791046732,24.0,25.0,53.1,37.8,27.4,30.2,21.1,23.2,24.0,25.5,27.8,20.6,23.5,23.7,18.9,21.9,0.0,2317,0,0,3253,8631,5279,0
1791046733,29.3,28.6,44.3,38.8,24.7,32.0,25.5,25.0,22.9,27.6,26.8,32.3,21.6,31.6,27.8,28.3,0.0,2316,0,8,2945,7365,5387,0
1791046734,26.5,20.6,38.3,32.0,21.9,28.1,21.4,23.7,26.3,22.3,25.3,26.0,29.9,29.6,22.7,26.3,0.0,2316,0,1560,3303,8765,5384,0
1791046735,20.6,20.8,31.9,26.0,20.6,19.8,19.6,19.6,22.4,21.6,22.2,19.6,28.9,24.7,21.1,19.4,0.0,2318,0,32,2728,7671,5380,0
1791046736,27.6,27.3,37.9,29.5,23.7,27.6,24.0,26.8,24.5,25.8,23.7,25.3,24.2,21.9,24.7,27.4,0.0,2316,0,0,2498,6772,5417,0
1791046737,22.4,19.8,44.7,35.0,22.7,24.5,22.4,21.9,28.1,20.0,26.8,17.5,23.2,17.5,20.4,21.4,0.0,2318,0,0,2920,7668,5416,0
1791046738,25.5,24.5,38.3,29.2,23.4,26.0,29.2,34.4,30.2,23.7,27.8,25.0,22.9,27.8,24.7,23.2,0.0,2318,0,0,3312,9035,5424,0
1791046739,30.9,28.1,40.0,33.7,30.9,32.0,34.7,38.8,30.5,34.4,31.2,27.1,31.2,34.4,33.3,29.2,0.0,2319,0,4,3236,8769,5444,0
1791046740,24.7,21.6,41.5,30.2,21.9,19.4,18.6,19.8,26.3,24.7,20.6,21.1,23.7,22.4,16.7,23.5,0.0,2319,0,12,2907,7859,5392,0
1791046741,22.7,20.6,31.2,29.9,18.6,22.1,22.9,25.3,19.6,19.6,21.9,15.6,15.6,18.8,19.8,16.5,0.0,2318,0,840,2899,7074,5440,0
1791046742,24.2,30.6,40.4,31.6,33.3,26.0,29.9,25.0,25.3,29.2,24.0,28.9,36.5,27.1,25.0,28.1,0.0,2318,0,0,2716,7626,5450,0
1791046743,28.1,22.7,39.8,26.3,24.7,24.5,21.9,23.4,22.9,23.7,16.5,20.0,20.4,21.1,20.8,20.4,0.0,2320,0,0,2747,8082,5422,0
1791046744,25.5,33.0,45.8,35.4,32.0,27.8,34.7,26.5,31.6,27.1,30.9,28.3,32.0,27.6,30.2,21.9,0.0,2319,0,0,3083,8000,5432,0
1791046745,22.7,19.1,39.4,27.1,24.0,23.2,22.9,19.8,18.9,18.6,21.3,23.2,26.8,23.7,33.0,26.0,0.0,2320,0,28,2983,8438,5313,0
1791046746,30.2,27.8,36.6,40.6,24.0,26.8,22.3,27.8,23.2,26.0,20.6,29.9,27.4,27.1,20.8,29.5,0.0,2320,0,0,3133,8986,5436,0
1791046747,32.3,33.0,45.3,46.9,33.3,35.1,30.6,34.0,32.3,30.9,31.2,36.8,30.9,34.4,35.1,32.6,0.0,2319,0,840,3121,9092,5345,0
1791046748,22.2,25.0,33.7,29.6,25.8,30.5,21.9,20.8,26.3,19.8,25.8,24.0,30.2,22.7,26.3,26.8,0.0,2368,0,0,2914,8543,5411,0
1791046749,29.2,29.2,43.8,35.8,28.9,28.9,30.9,31.2,27.4,35.4,29.2,29.6,27.3,34.0,26.8,29.5,0.0,2368,0,0,3034,8316,5391,0
1791046750,21.6,27.4,37.2,30.6,23.5,26.8,23.7,26.3,21.4,22.7,24.7,26.0,26.6,24.7,37.9,25.5,0.0,2368,0,24,3172,8462,5433,0
1791046751,25.8,26.3,44.1,32.7,31.2,24.5,28.9,26.0,21.1,31.6,29.6,22.4,25.3,29.2,29.9,24.2,0.0,2370,0,4,3228,9322,5408,0
1791046752,34.0,35.8,44.8,36.5,31.2,33.7,29.8,31.6,28.6,26.0,36.8,27.8,31.3,30.9,40.6,35.1,0.0,2368,0,920,3333,8647,5436,0
1791046753,22.9,22.9,40.0,26.8,28.1,24.2,26.8,32.3,26.3,20.8,24.2,19.6,20.8,23.2,25.8,24.2,0.0,2367,0,0,2895,8560,5427,0
1791046754,28.3,29.9,38.3,34.7,33.7,29.2,24.7,29.2,26.5,27.8,22.4,27.1,26.8,23.7,32.3,29.2,0.0,2366,0,0,2967,8169,4787,0
1791046755,21.6,20.8,27.2,28.1,17.3,18.8,21.1,21.2,16.7,18.4,19.6,18.6,20.6,18.6,19.6,21.4,0.0,2331,0,0,3023,7357,1164,0
1791046756,0.0,5.1,11.2,9.2,1.0,8.2,9.1,6.1,4.0,5.1,1.1,9.2,6.1,4.0,15.5,0.0,0.0,2319,0,24,2008,770,476,1
1791046757,0.0,0.0,4.0,0.0,0.0,1.0,0.0,2.0,0.0,1.0,0.0,0.0,1.0,0.0,2.0,0.0,0.0,2305,0,4,189,206,405,0
1791046758,0.0,2.0,1.0,1.0,0.0,0.0,0.0,1.0,0.0,2.0,0.0,0.0,0.0,0.0,2.0,0.0,0.1,2300,0,0,136,56,336,0
1791046759,2.0,2.0,1.0,0.0,2.0,1.0,1.0,1.0,0.0,12.2,0.0,40.2,1.0,0.0,0.0,0.0,0.0,622,0,512,323,315,3,1
1791046760,0.0,0.0,0.0,0.0,0.0,0.0,0.0,0.0,1.0,2.0,0.0,0.0,0.0,0.0,0.0,0.0,0.0,622,0,0,3,3,4,1
1791046761,25.0,1.0,0.0,0.0,2.0,1.0,1.0,1.0,1.0,2.0,1.0,0.0,0.0,1.0,0.0,1.0,0.0,642,0,80,1,2,4,1
