ts,cpu0_busy_pct,cpu1_busy_pct,cpu_iowait_pct,mem_used_mb,disk_read_kbps,disk_write_kbps,net_rx_kbps,net_tx_kbps,tcp_inuse,tcp_timewait
1791046264,0.0,1.0,0.0,393,0,0,1,0,3,1
1791046265,16.2,3.0,0.0,393,0,0,75,98,3,1
1791046266,43.9,3.1,0.0,394,0,0,232,310,3,1
1791046267,19.6,26.0,0.0,394,0,0,229,309,3,1
1791046268,4.2,37.1,0.0,395,0,0,229,309,3,1
1791046269,4.1,37.8,0.5,396,0,48,233,311,3,1
1791046270,7.3,41.2,0.0,408,0,0,231,309,3,1
1791046271,4.1,36.7,0.0,409,0,0,231,310,3,1
1791046272,3.1,36.7,0.0,410,0,0,230,310,3,1
1791046273,4.2,39.2,0.0,411,0,0,231,310,3,1
1791046274,4.2,40.4,0.0,412,0,20,230,310,3,1
1791046275,4.2,37.1,0.0,412,0,4,229,309,3,1
1791046276,2.1,35.4,0.0,413,0,0,229,309,3,1
1791046277,2.1,37.8,0.0,415,0,1368,229,309,3,1
1791046278,1.1,35.7,0.0,416,0,0,229,309,3,1
1791046279,2.1,33.7,0.0,417,0,0,228,309,3,1
1791046280,2.1,33.7,0.0,419,0,36,228,309,3,1
1791046281,2.1,36.1,0.0,419,0,4,228,309,3,1
1791046282,2.1,34.0,0.0,419,0,0,228,309,3,1
1791046283,2.1,34.3,0.0,419,0,0,228,309,3,1
1791046284,2.1,33.0,0.0,419,0,0,228,309,3,1
1791046285,2.1,37.4,0.0,419,0,0,229,310,3,1
1791046286,14.7,27.8,0.0,420,0,12,227,309,3,1
1791046287,36.4,2.0,0.0,420,0,4,229,308,3,1
1791046288,9.4,28.9,0.0,420,0,0,229,309,3,1
1791046289,3.1,37.8,0.0,420,0,0,228,309,3,1
1791046290,1.0,34.0,0.5,423,0,24,228,309,3,1
1791046291,30.9,10.1,0.0,426,0,0,229,309,3,1
1791046292,4.2,40.2,0.0,427,0,24,229,309,3,1
1791046293,36.4,0.0,0.0,427,0,4,227,309,3,1
1791046294,38.8,1.0,0.0,427,0,0,228,309,3,1
1791046295,39.2,1.0,0.0,429,0,0,230,309,3,1
1791046296,39.8,2.0,0.5,431,0,108,231,308,3,1
1791046297,38.1,1.0,0.0,433,0,12,226,308,3,1
1791046298,14.6,28.6,0.0,433,0,16,228,309,3,1
1791046299,2.1,33.0,0.0,433,0,4,227,309,3,1
1791046300,4.2,36.4,0.0,433,0,0,228,309,3,0
1791046301,2.1,36.4,0.0,433,0,0,228,309,3,0
1791046302,5.3,35.1,0.0,433,0,0,228,310,3,0
1791046303,41.2,2.0,0.0,436,0,4,228,309,3,0
1791046304,35.1,1.0,0.0,436,0,12,228,308,3,0
1791046305,37.8,0.0,0.0,436,0,4,229,309,3,0
1791046306,36.1,2.0,0.0,436,0,0,227,308,3,0
1791046307,37.8,1.0,0.0,436,0,0,228,308,3,0
1791046308,22.9,12.1,0.0,436,0,0,227,308,3,0
1791046309,5.2,32.0,0.0,441,0,0,227,309,3,0
1791046310,1.1,29.9,0.0,441,0,12,228,309,3,0
1791046311,34.4,1.0,0.0,441,0,4,228,308,3,0
1791046312,41.8,1.0,0.0,441,0,0,228,309,3,0
1791046313,7.2,31.6,0.0,441,0,0,229,309,3,0
1791046314,3.1,35.7,0.0,441,0,0,227,309,3,0
1791046315,1.1,38.8,0.0,441,0,0,229,310,3,0
1791046316,1.1,35.1,0.0,442,0,12,228,309,3,0
1791046317,2.1,34.3,0.0,444,0,4,228,309,3,0
1791046318,9.3,35.4,0.0,446,0,0,229,309,3,0
1791046319,2.1,34.0,0.0,447,0,0,228,309,3,0
1791046320,1.1,36.4,0.0,449,0,0,230,310,3,0
1791046321,36.7,2.0,0.0,451,0,4,229,308,3,0
1791046322,1.1,32.0,0.0,453,0,12,228,310,3,0
1791046323,35.0,2.0,0.0,454,0,4,227,308,3,0
1791046324,30.6,0.0,0.0,454,0,0,225,308,3,0
1791046325,29.9,6.1,0.0,454,0,0,228,308,3,0
1791046326,1.1,32.7,0.0,454,0,0,227,309,3,0
1791046327,16.5,21.4,0.0,455,0,0,227,308,3,0
1791046328,1.1,35.0,0.0,457,0,12,227,308,3,0
1791046329,2.1,35.1,0.0,459,0,4,227,308,3,0
1791046330,1.1,31.6,0.0,460,0,0,228,309,3,0
1791046331,2.1,34.0,0.0,462,0,0,227,308,3,0
1791046332,35.1,1.0,0.0,464,0,0,228,309,3,0
1791046333,36.0,6.2,0.0,466,0,0,228,309,3,0
1791046334,11.5,31.6,0.0,467,0,12,227,309,3,0
1791046335,1.1,33.7,0.0,467,0,4,230,313,3,0
1791046336,5.1,37.4,0.0,467,0,0,256,346,3,0
1791046337,2.1,40.2,0.0,468,0,0,288,394,3,0
1791046338,2.1,49.5,0.0,468,0,0,325,440,3,0
1791046339,4.2,50.5,0.0,468,0,0,359,489,3,0
1791046340,32.3,24.2,0.0,468,0,12,392,531,3,0
1791046341,61.2,1.0,0.0,468,0,4,428,577,3,0
1791046342,67.0,8.1,0.0,472,0,0,461,624,3,0
1791046343,66.3,1.0,0.0,472,0,0,498,671,3,0
1791046344,67.7,4.0,0.0,472,0,0,531,714,3,0
1791046345,61.6,12.4,0.0,472,0,0,565,761,3,0
1791046346,3.2,66.3,0.5,472,0,12,570,773,3,0
1791046347,5.3,71.7,0.0,472,0,4,574,771,3,0
1791046348,11.6,69.1,0.0,472,0,0,569,771,3,0
1791046349,6.3,68.4,0.0,472,0,0,572,772,3,0
1791046350,58.2,18.4,0.0,474,0,0,570,771,3,0
1791046351,70.0,3.1,0.0,474,0,0,570,770,3,0
1791046352,70.1,20.4,0.0,474,0,12,572,771,3,0
1791046353,22.9,58.8,0.0,477,0,4,570,772,3,0
1791046354,20.8,54.2,0.0,478,0,0,569,772,3,0
1791046355,62.2,8.1,0.0,481,0,0,572,770,3,0
1791046356,5.3,65.3,0.0,485,0,0,571,770,3,0
1791046357,5.2,60.8,0.0,489,0,0,569,771,3,0
1791046358,19.8,57.1,0.0,494,0,12,572,773,3,0
1791046359,5.3,66.0,0.0,494,0,8,570,771,3,0
1791046360,48.0,19.4,0.0,494,0,0,569,772,3,0
1791046361,34.4,39.6,0.0,494,0,0,570,771,3,0
1791046362,4.3,67.0,0.0,494,0,0,567,771,3,0
1791046363,3.2,67.7,0.0,494,0,0,573,772,3,0
1791046364,7.3,67.7,0.0,494,0,24,570,771,3,0
1791046365,5.3,67.7,0.0,494,0,4,568,771,3,0
1791046366,10.4,55.1,0.0,495,0,0,569,771,3,0
1791046367,3.2,64.3,0.0,495,0,0,569,771,3,0
1791046368,6.2,63.9,0.0,495,0,0,569,772,3,0
1791046369,5.3,61.6,0.0,495,0,24,567,771,3,0
1791046370,28.7,43.3,0.0,495,0,0,570,772,3,0
1791046371,5.3,64.3,0.0,495,0,4,570,772,3,0
1791046372,30.2,42.3,0.0,495,0,0,569,769,3,0
1791046373,5.3,64.6,0.0,495,0,0,570,771,3,0
1791046374,7.3,66.3,0.0,499,0,12,570,773,3,0
1791046375,5.3,64.3,0.0,503,0,0,569,769,3,0
1791046376,6.3,70.1,0.0,508,0,0,572,775,3,0
1791046377,3.2,68.7,0.0,512,0,4,569,772,3,0
1791046378,7.4,65.3,0.0,516,0,0,571,772,3,0
1791046379,74.0,8.2,0.0,533,0,0,572,772,3,0
1791046380,20.6,52.5,0.0,533,0,12,572,772,3,0
1791046381,4.3,63.6,0.0,533,0,0,569,772,3,0
1791046382,67.3,2.0,0.0,533,0,0,571,771,3,0
1791046383,66.7,4.0,0.0,533,0,4,571,770,3,0
1791046384,6.3,63.5,0.0,533,0,0,569,771,3,0
1791046385,4.2,64.9,0.0,533,0,0,567,771,3,0
1791046386,5.3,64.6,0.0,533,0,12,571,772,3,0
1791046387,6.3,62.9,0.0,533,0,0,568,771,3,0
1791046388,6.3,64.0,0.0,533,0,0,568,770,3,0
1791046389,71.0,3.1,0.0,533,0,4,571,772,3,0
1791046390,4.3,62.0,0.0,533,0,0,568,771,3,0
1791046391,54.1,22.9,0.0,533,0,12,570,772,3,0
1791046392,6.3,62.6,0.0,533,0,0,569,772,3,0
1791046393,4.3,68.4,0.0,533,0,0,570,769,3,0
1791046394,4.3,69.0,0.0,533,0,0,571,772,3,0
1791046395,6.2,66.3,0.0,533,0,4,570,771,3,0
1791046396,55.1,16.0,0.0,533,0,0,567,770,3,0
1791046397,49.0,22.2,0.5,533,0,12,572,772,3,0
1791046398,6.3,59.8,0.0,533,0,0,567,770,3,0
1791046399,20.4,48.0,0.0,533,0,0,570,772,3,0
1791046400,62.9,7.2,0.0,533,0,0,570,770,3,0
1791046401,71.1,8.1,0.0,533,0,4,571,771,3,0
1791046402,18.9,54.6,0.0,533,0,0,570,771,3,0
1791046403,3.2,66.3,0.0,533,0,12,570,771,3,0
1791046404,3.3,66.0,0.0,533,0,0,569,771,3,0
1791046405,6.2,67.7,0.0,533,0,0,572,774,3,0
1791046406,65.3,10.1,0.0,533,0,0,619,836,3,0
1791046407,4.3,76.5,0.0,533,0,4,673,912,3,0
1791046408,6.4,75.8,0.0,533,0,0,730,994,3,0
1791046409,7.4,76.5,0.0,533,0,12,788,1066,3,0
1791046410,7.4,72.4,0.0,533,0,0,842,1146,3,0
1791046411,8.6,81.8,0.0,533,0,0,902,1225,3,0
1791046412,7.4,81.6,0.0,533,0,0,959,1297,3,0
1791046413,9.6,83.8,0.0,533,0,4,1016,1378,3,0
1791046414,25.5,67.3,0.0,533,0,12,1072,1454,3,0
1791046415,79.4,16.3,0.0,533,0,0,1131,1517,3,0
1791046416,52.6,74.2,0.5,546,460,252,1143,1547,3,0
1791046417,8.5,86.7,0.0,546,0,0,1141,1547,3,0
1791046418,9.7,83.8,0.0,546,0,0,1139,1538,3,0
1791046419,8.6,88.1,0.0,546,0,4,1141,1552,3,0
1791046420,7.6,86.6,0.0,545,0,0,1143,1542,3,0
1791046421,16.0,86.0,0.0,545,0,96,1136,1535,4,0
1791046422,37.9,57.3,0.0,546,0,0,1146,1551,3,0
1791046423,23.4,71.7,0.0,546,0,0,1143,1548,3,0
1791046424,9.7,84.7,0.0,546,0,0,1136,1535,3,0
1791046425,8.6,85.9,0.0,545,0,4,1140,1554,3,0
1791046426,75.8,17.3,0.0,545,0,0,1142,1535,3,0
1791046427,33.7,64.0,0.0,545,0,100,1142,1551,3,0
1791046428,7.6,81.8,0.0,546,0,0,1137,1535,3,0
1791046429,7.5,83.5,0.0,546,0,0,1141,1554,3,0
1791046430,8.4,81.6,0.0,545,0,0,1139,1547,3,0
1791046431,7.5,84.5,0.0,546,0,4,1139,1542,3,0
1791046432,7.6,89.2,0.0,546,0,0,1142,1544,3,0
1791046433,9.7,88.7,0.0,545,0,12,1140,1535,3,0
1791046434,10.5,85.7,0.0,546,0,0,1141,1554,3,0
1791046435,31.2,67.0,0.0,546,0,0,1141,1536,3,0
1791046436,88.0,2.1,0.0,546,0,0,1142,1553,3,0
1791046437,86.7,5.2,0.0,546,0,4,1127,1491,3,1
1791046438,8.7,83.5,0.0,546,0,0,1148,1585,3,1
1791046439,16.1,74.0,0.0,546,0,12,1143,1555,3,1
1791046440,48.5,47.5,0.0,546,0,0,1139,1536,3,1
1791046441,40.4,52.0,0.0,546,0,0,1142,1555,3,1
1791046442,69.4,25.5,0.0,546,0,0,1140,1541,3,1
1791046443,96.0,1.0,0.0,546,0,4,1136,1518,3,1
1791046444,16.5,77.0,0.0,546,0,0,1143,1564,3,1
1791046445,6.6,79.6,0.0,546,0,12,1140,1553,3,1
1791046446,29.2,65.7,0.0,546,0,0,1138,1545,3,1
1791046447,85.0,1.0,0.0,546,0,228,1141,1547,3,1
1791046448,68.0,30.3,0.0,546,0,0,1143,1541,3,1
1791046449,91.0,2.1,0.0,546,0,8,1140,1540,3,1
1791046450,78.4,14.1,0.0,546,0,0,1137,1541,3,1
1791046451,90.9,2.0,0.5,546,0,28,1142,1548,3,1
1791046452,92.1,2.1,0.0,546,0,4,1140,1532,3,1
1791046453,89.0,3.1,0.0,546,0,0,1144,1543,3,1
1791046454,86.7,4.1,0.0,546,0,0,1139,1531,3,1
1791046455,90.0,4.0,0.0,546,0,4,1146,1554,3,1
1791046456,80.6,8.2,0.0,546,0,0,1141,1539,3,1
1791046457,83.5,2.1,0.0,546,0,12,1139,1541,3,1
1791046458,7.6,86.0,0.0,546,0,24,1140,1552,3,1
1791046459,52.6,45.9,0.0,546,0,0,1140,1537,3,1
1791046460,87.9,3.0,0.0,546,0,0,1141,1538,3,1
1791046461,18.1,76.5,0.0,546,0,4,1140,1555,3,1
1791046462,6.5,87.9,0.0,546,0,12,1139,1530,3,1
1791046463,6.5,90.0,0.0,546,0,0,1142,1554,3,1
1791046464,6.5,87.9,0.0,546,0,0,1143,1550,3,1
1791046465,67.7,27.3,0.0,546,0,0,1141,1536,3,1
1791046466,86.7,8.2,0.0,546,0,0,1143,1549,3,1
1791046467,7.5,85.1,0.0,546,0,16,1140,1543,3,1
1791046468,6.5,87.0,0.5,545,0,0,1140,1547,3,1
1791046469,7.6,82.2,0.0,546,0,0,1139,1544,3,1
1791046470,71.4,25.8,0.0,546,0,0,1143,1545,3,1
1791046471,82.0,9.1,0.0,546,0,0,1141,1537,3,1
1791046472,6.5,88.7,0.0,546,0,0,1142,1545,3,0
1791046473,6.5,86.9,0.0,546,0,16,1142,1551,3,0
1791046474,6.6,89.1,0.0,546,0,0,1142,1542,3,0
1791046475,5.6,87.3,0.0,545,0,0,1145,1552,3,0
1791046476,8.7,90.0,0.0,546,0,0,1235,1665,3,0
1791046477,13.5,85.7,0.0,546,0,0,1352,1836,3,0
1791046478,7.7,93.1,0.0,544,0,0,1469,1985,3,0
1791046479,5.6,96.0,0.0,545,0,16,1581,2126,3,0
1791046480,93.0,15.3,0.0,545,0,0,1701,2286,3,0
1791046481,100.0,2.1,0.0,547,0,0,1742,2101,3,0
1791046482,100.0,2.1,0.0,549,0,0,1876,2357,3,0
1791046483,100.0,4.1,0.0,552,0,0,1952,2337,3,0
1791046484,100.0,4.1,0.0,556,0,0,1940,2371,3,0
1791046485,100.0,2.1,0.0,557,0,16,1900,2577,3,0
1791046486,100.0,2.1,0.0,557,0,0,1981,2487,3,0
1791046487,100.0,10.2,0.0,557,0,0,2083,2427,3,0
1791046488,100.0,2.1,0.0,557,0,0,2277,2372,3,0
1791046489,100.0,2.1,0.0,557,0,0,2522,2347,3,0
1791046490,100.0,2.1,0.0,557,0,0,2395,2411,3,0
1791046491,100.0,5.1,0.0,557,0,16,2244,2280,3,0
1791046492,100.0,2.1,0.0,558,0,0,2618,2425,3,0
1791046493,100.0,2.1,0.0,558,0,0,2682,2479,3,0
1791046494,100.0,7.1,0.0,558,0,0,2945,2469,3,0
1791046495,100.0,2.1,0.0,558,0,0,2522,2554,3,0
1791046496,100.0,4.2,0.0,558,0,0,2832,2577,3,0
1791046497,100.0,6.1,0.0,558,0,52,2439,2246,3,0
1791046498,100.0,5.2,0.0,558,0,0,2538,2414,3,0
1791046499,100.0,2.1,0.0,558,0,0,2954,2485,3,0
1791046500,100.0,7.2,0.0,558,0,0,2446,2307,3,0
1791046501,67.7,50.0,0.0,558,0,0,2863,2421,3,0
1791046502,10.9,100.0,0.0,552,0,0,2951,2289,3,0
1791046503,13.5,100.0,0.0,554,8,36,2612,2364,3,0
1791046504,14.0,100.0,0.0,555,0,0,2757,2311,3,0
1791046505,12.4,100.0,0.0,557,0,0,2858,2406,3,0
1791046506,13.0,100.0,0.0,550,0,0,2883,2641,3,0
1791046507,13.2,100.0,0.0,552,0,0,3075,2666,3,0
1791046508,58.5,58.6,0.0,552,0,40,2912,2577,3,0
1791046509,100.0,5.1,0.0,552,0,4,2680,2419,3,0
1791046510,100.0,5.2,0.0,552,0,0,2407,2085,3,0
1791046511,100.0,5.2,0.0,552,0,0,2448,2222,3,0
1791046512,100.0,5.2,0.0,552,0,0,2493,2197,3,0
1791046513,100.0,2.1,0.0,553,0,0,2711,2387,3,0
1791046514,100.0,2.1,0.0,553,0,12,2922,2389,3,0
1791046515,100.0,3.1,0.0,553,0,4,2736,2242,3,0
1791046516,100.0,6.2,0.0,553,0,0,2868,2205,3,0
1791046517,100.0,3.1,0.0,553,0,0,2964,2523,3,0
1791046518,100.0,2.1,0.0,553,0,0,2641,2287,3,0
1791046519,100.0,1.0,0.0,553,0,0,3100,2527,3,0
1791046520,100.0,4.2,0.0,553,0,12,2544,2122,3,0
1791046521,100.0,2.1,0.0,553,0,4,2734,2238,3,0
1791046522,100.0,2.1,0.0,553,0,0,2626,2394,3,0
1791046523,100.0,8.1,0.0,553,0,0,2820,2144,3,0
1791046524,100.0,2.1,0.0,553,0,0,2975,2192,3,0
1791046525,100.0,2.1,0.5,553,0,224,3064,2485,3,0
1791046526,100.0,3.1,0.0,553,0,20,2543,2392,3,0
1791046527,100.0,7.1,0.0,552,0,4,2511,2277,3,0
1791046528,100.0,3.1,0.0,553,0,0,2823,2331,3,0
1791046529,100.0,4.1,0.0,553,0,0,2777,2299,3,0
1791046530,100.0,2.1,0.0,553,0,0,2778,2160,3,0
1791046531,99.0,7.4,0.0,553,0,12,2749,2086,3,0
1791046532,100.0,2.1,0.0,553,0,0,2372,1794,3,0
1791046533,100.0,3.1,0.0,553,0,40,2667,2110,3,0
1791046534,100.0,3.1,0.0,553,0,0,2963,2380,3,0
1791046535,100.0,3.2,0.0,553,0,4,2644,2176,3,0
1791046536,100.0,4.2,0.0,553,0,20,2861,2515,3,0
1791046537,100.0,2.1,0.0,553,0,0,3340,2533,3,0
1791046538,100.0,3.1,0.0,553,0,0,3340,2684,3,0
1791046539,100.0,7.3,0.0,553,0,4,2965,2568,3,0
1791046540,100.0,2.1,0.0,553,0,0,2978,2631,3,0
1791046541,100.0,2.1,0.0,553,0,0,2648,2440,3,0
1791046542,94.9,12.5,0.0,553,0,12,2832,2551,3,0
1791046543,10.6,100.0,0.0,555,0,0,3169,2729,3,0
1791046544,16.1,100.0,0.0,556,0,0,3487,3133,3,0
1791046545,19.5,100.0,0.0,557,0,4,2999,2869,3,0
1791046546,85.3,21.6,0.0,557,0,0,2330,2316,3,0
1791046547,100.0,3.1,0.0,557,0,0,2740,2399,3,0
1791046548,100.0,3.1,0.0,557,0,24,2734,2426,3,0
1791046549,100.0,5.2,0.0,557,0,0,2947,2397,3,0
1791046550,100.0,1.0,0.0,557,0,0,2921,2310,3,0
1791046551,100.0,3.1,0.0,558,0,4,3617,2426,3,0
1791046552,100.0,8.2,0.0,558,0,0,3141,2263,3,0
1791046553,100.0,2.1,0.0,558,0,0,3583,2384,3,0
1791046554,100.0,3.1,0.5,558,0,12,3843,2374,3,0
1791046555,100.0,4.1,0.0,559,0,0,4036,2374,3,0
1791046556,100.0,2.1,0.0,559,0,0,3286,2352,3,0
1791046557,100.0,4.2,0.0,559,0,4,4661,2653,3,0
1791046558,100.0,4.1,0.0,559,0,0,3850,2495,3,0
1791046559,100.0,3.1,0.0,559,0,12,3853,2388,3,0
1791046560,100.0,9.4,0.0,559,0,0,4219,2358,3,0
1791046561,100.0,3.1,0.0,559,0,0,4550,2410,3,0
1791046562,100.0,2.1,0.0,559,0,0,4775,2304,3,0
1791046563,100.0,2.1,0.0,559,0,4,4570,2339,3,0
1791046564,99.0,4.2,0.0,559,0,12,3743,2220,3,0
1791046565,100.0,1.0,0.0,559,0,0,4815,2277,3,0
1791046566,100.0,3.1,0.0,559,0,0,4036,2283,3,0
1791046567,100.0,4.1,0.0,559,0,20,5056,2518,3,0
1791046568,100.0,6.2,0.0,559,0,0,4971,2578,3,0
1791046569,100.0,3.1,0.0,559,0,4,4914,2340,3,0
1791046570,100.0,2.1,0.0,559,0,16,3784,2177,3,0
1791046571,100.0,2.1,0.0,559,0,0,4227,2124,3,0
1791046572,100.0,4.2,0.0,559,0,0,4406,2403,3,0
1791046573,100.0,2.1,0.0,559,0,0,5460,2685,3,0
1791046574,100.0,2.1,0.0,559,0,0,5086,2863,3,0
1791046575,100.0,6.3,0.0,559,0,4,4477,2430,3,0
1791046576,100.0,4.1,0.0,559,0,180,4288,2400,3,0
1791046577,100.0,1.1,0.0,559,0,0,4838,2514,3,0
1791046578,100.0,4.1,0.0,559,0,0,4973,2436,3,0
1791046579,100.0,4.2,0.0,559,0,0,4864,2610,3,0
1791046580,100.0,3.1,0.0,559,0,0,4566,2534,3,0
1791046581,100.0,2.1,0.0,559,0,16,4797,2545,3,0
1791046582,100.0,7.2,0.0,559,0,0,4546,2506,3,0
1791046583,100.0,2.1,0.0,559,0,0,5372,2769,3,0
1791046584,36.4,79.0,0.0,561,0,0,5155,2808,3,0
1791046585,18.8,100.0,0.0,561,0,0,5229,3017,3,0
1791046586,17.4,100.0,0.0,561,0,0,5109,2786,3,0
1791046587,16.3,100.0,0.0,561,0,16,5288,2824,3,0
1791046588,20.2,100.0,0.0,560,0,0,5113,3145,3,0
1791046589,24.7,100.0,0.0,560,0,0,4276,2703,3,0
1791046590,15.3,100.0,0.0,561,0,0,5255,2792,3,0
1791046591,14.8,100.0,0.0,560,0,0,4814,2725,3,0
1791046592,18.8,100.0,0.0,562,0,0,5072,3001,3,0
1791046593,13.3,100.0,0.0,561,0,16,4794,2784,3,0
1791046594,17.4,100.0,0.0,562,0,0,5287,3034,3,0
1791046595,22.1,100.0,0.0,561,0,0,5417,3081,3,0
1791046596,15.1,100.0,0.0,561,0,0,4097,2648,3,0
1791046597,20.0,100.0,0.0,554,0,0,6032,3355,3,0
1791046598,15.1,100.0,0.0,555,0,0,4344,2903,3,0
1791046599,16.3,100.0,0.0,557,0,16,4241,2718,3,0
1791046600,12.8,100.0,0.0,559,0,4,4449,2856,3,0
1791046601,20.5,100.0,0.0,561,0,0,5134,2822,3,0
1791046602,17.2,100.0,0.0,554,0,0,5336,2950,3,0
1791046603,14.8,100.0,0.0,548,0,0,4964,2842,3,0
1791046604,15.7,100.0,0.0,550,0,0,4948,3076,3,0
1791046605,14.0,100.0,0.0,551,0,16,3936,2700,3,0
1791046606,18.6,100.0,0.0,553,0,0,5505,3070,3,0
1791046607,15.3,100.0,0.0,555,0,0,4784,2965,3,0
1791046608,87.8,22.7,0.0,542,0,0,4205,2324,3,0
1791046609,100.0,2.1,0.0,542,0,0,4075,2632,3,0
1791046610,47.3,66.0,0.0,543,0,0,5332,2621,3,0
1791046611,12.6,100.0,0.5,544,0,16,5304,2615,3,0
1791046612,81.6,29.9,0.0,545,0,0,4145,2389,3,0
1791046613,100.0,2.1,0.0,545,0,0,4676,2642,3,0
1791046614,100.0,3.1,0.0,545,0,0,4799,2504,3,0
1791046615,100.0,8.3,0.0,545,0,0,3782,2476,3,0
1791046616,100.0,3.1,0.5,545,0,16,5144,2556,3,0
1791046617,100.0,3.1,0.0,545,0,4,4318,2307,3,0
1791046618,100.0,4.0,0.0,545,0,0,5756,2581,3,0
1791046619,100.0,3.1,0.0,546,0,0,4850,2387,3,0
1791046620,100.0,3.1,0.0,546,0,0,5332,2568,3,0
1791046621,100.0,2.1,0.0,546,0,0,5774,2385,3,0
1791046622,100.0,2.1,0.0,546,0,12,4164,2105,3,0
1791046623,100.0,7.2,0.0,546,0,8,4332,1997,3,0
1791046624,75.0,36.4,0.0,547,0,0,6286,2482,3,0
1791046625,18.6,100.0,0.0,550,0,0,7359,2826,3,0
1791046626,18.4,100.0,0.0,552,0,0,6285,2820,3,0
1791046627,78.4,34.0,0.0,553,0,0,5793,2517,3,0
1791046628,100.0,2.1,0.0,553,0,20,5277,2266,3,0
1791046629,100.0,3.1,0.0,553,0,4,5325,2188,3,0
1791046630,100.0,4.2,0.0,553,0,0,6418,2225,3,0
1791046631,100.0,5.2,0.0,553,0,0,6245,2460,3,0
1791046632,100.0,2.1,0.0,553,0,0,5753,2321,3,0
1791046633,100.0,3.1,0.0,553,0,12,5786,2489,3,0
1791046634,100.0,3.1,0.0,553,0,0,5854,2672,3,0
1791046635,76.3,36.4,0.0,544,0,16,6363,2526,3,0
1791046636,20.9,100.0,0.0,546,0,0,8083,3168,3,0
1791046637,20.5,100.0,0.0,548,0,0,8134,3076,3,0
1791046638,27.9,100.0,0.0,550,0,12,7428,2968,3,0
1791046639,14.1,100.0,0.0,552,0,0,6813,2735,3,0
1791046640,20.0,100.0,0.0,545,0,0,7865,3104,3,0
1791046641,20.5,100.0,0.0,545,0,4,7249,3033,3,0
1791046642,15.5,100.0,0.0,547,0,0,7617,2971,3,0
1791046643,20.7,100.0,0.0,550,0,0,7407,3106,3,0
1791046644,27.4,100.0,0.0,552,0,12,7875,2961,3,0
1791046645,22.0,100.0,0.0,546,0,0,7847,3002,3,0
1791046646,19.3,100.0,0.0,545,0,0,7529,3129,3,0
1791046647,17.1,100.0,0.0,544,0,4,6924,2910,3,0
1791046648,17.9,100.0,0.0,546,0,0,6916,2757,3,0
1791046649,18.3,100.0,0.0,542,0,0,7869,3251,3,0
1791046650,16.9,100.0,0.0,545,0,12,7754,3097,3,0
1791046651,20.9,100.0,0.0,547,0,0,6528,2854,3,0
1791046652,21.6,100.0,0.0,544,0,0,7810,3182,3,0
1791046653,21.8,100.0,0.0,546,0,4,7193,2609,3,0
1791046654,25.8,100.0,0.0,549,0,0,7246,2984,3,0
1791046655,22.5,100.0,0.0,552,0,0,8051,2714,3,0
1791046656,26.4,100.0,0.0,544,0,12,7057,2939,3,0
1791046657,27.3,100.0,0.0,546,0,0,6853,3094,3,0
1791046658,29.7,100.0,0.0,549,0,0,8016,3265,3,0
1791046659,29.3,100.0,0.0,551,0,4,7877,3151,3,0
1791046660,26.9,100.0,0.0,553,0,0,7295,3100,3,0
1791046661,30.3,100.0,0.0,555,0,0,8051,3343,3,0
1791046662,25.3,100.0,0.0,550,0,12,7256,3093,3,0
1791046663,27.8,100.0,0.0,552,0,0,7234,3073,3,0
1791046664,22.8,100.0,0.0,545,0,0,6588,2615,3,0
1791046665,23.3,100.0,0.0,547,0,4,6539,2603,3,0
1791046666,21.8,100.0,0.0,550,0,0,8074,3061,3,0
1791046667,34.1,93.1,0.0,546,0,0,7192,2766,3,0
1791046668,100.0,2.1,0.0,546,0,16,4622,2284,3,0
1791046669,100.0,2.1,0.0,546,0,0,5839,2462,3,0
1791046670,100.0,2.1,0.0,546,0,0,5256,2392,3,0
1791046671,100.0,6.2,0.0,546,0,4,5621,2161,3,0
1791046672,100.0,2.1,0.0,546,0,0,6317,2628,3,0
1791046673,100.0,3.1,0.0,546,0,0,5203,2633,3,0
1791046674,100.0,2.1,0.0,546,0,12,6316,2452,3,0
1791046675,100.0,5.2,0.0,546,0,0,6512,2712,3,0
1791046676,100.0,3.1,0.0,546,0,0,4503,2615,3,0
1791046677,100.0,2.1,0.0,546,0,4,6132,2561,3,0
1791046678,100.0,7.2,0.0,546,0,0,5614,2537,3,0
1791046679,100.0,2.1,0.0,546,0,0,6456,2688,3,0
1791046680,100.0,3.1,0.0,546,0,16,5711,2675,3,0
1791046681,100.0,2.1,0.0,546,0,0,6079,2461,3,0
1791046682,100.0,3.1,0.0,546,0,0,5317,2117,3,0
1791046683,100.0,5.2,0.0,546,0,4,4957,1757,3,0
1791046684,91.0,12.5,0.0,546,0,0,4978,1926,3,0
1791046685,19.1,100.0,0.0,549,0,12,6707,2734,3,0
1791046686,24.4,100.0,0.0,546,0,0,7032,2772,3,0
1791046687,20.0,100.0,0.0,545,0,0,7631,3050,3,0
1791046688,19.5,100.0,0.0,546,0,0,8168,3046,3,0
1791046689,23.6,100.0,0.0,549,0,4,7973,3074,3,0
1791046690,21.8,100.0,0.0,551,0,0,8236,2905,3,0
1791046691,19.8,100.0,0.0,553,0,12,7989,3101,3,0
1791046692,19.8,100.0,0.0,554,0,0,7244,3015,3,0
1791046693,24.4,100.0,0.0,557,0,0,7142,2983,3,0
1791046694,20.5,100.0,0.0,551,0,0,7753,3129,3,0
1791046695,19.8,100.0,0.0,553,0,4,7451,2971,3,0
1791046696,25.0,100.0,0.0,555,0,0,7020,2979,3,0
1791046697,21.2,100.0,0.0,556,0,12,7619,3270,3,0
1791046698,24.7,100.0,0.0,558,0,0,8687,3414,3,0
1791046699,26.1,99.0,0.0,560,0,0,7287,2781,3,0
1791046700,17.6,100.0,0.0,554,0,0,7698,3003,3,0
1791046701,22.4,100.0,0.0,556,0,4,8165,3061,3,0
1791046702,24.7,100.0,0.0,558,0,0,7704,3239,3,0
1791046703,21.8,100.0,0.0,547,0,12,7767,2845,3,0
1791046704,25.6,100.0,0.0,549,0,4,7929,3128,3,0
1791046705,23.3,100.0,0.0,549,0,0,7630,3021,3,0
1791046706,29.9,100.0,0.0,551,0,0,7544,3184,3,0
1791046707,23.8,100.0,0.0,549,0,8,7662,3390,3,0
1791046708,25.0,100.0,0.0,549,0,0,8657,3305,3,0
1791046709,21.4,100.0,0.0,551,0,20,7361,3138,3,0
1791046710,23.3,100.0,0.0,550,0,0,7810,3227,3,0
1791046711,23.0,100.0,0.0,552,0,0,7714,3079,3,0
1791046712,25.9,100.0,0.0,548,0,0,7637,2988,3,0
1791046713,24.7,100.0,0.0,549,0,4,8132,3141,3,0
1791046714,27.1,100.0,0.0,552,0,0,8884,3406,3,0
1791046715,22.4,100.0,0.0,549,0,12,7636,3183,3,0
1791046716,26.2,100.0,0.5,552,0,20,8383,3412,3,0
1791046717,27.9,100.0,0.0,551,0,0,8552,3301,3,0
1791046718,30.2,99.0,0.0,553,0,0,7338,3127,3,0
1791046719,26.7,100.0,0.0,549,0,4,7688,2946,3,0
1791046720,23.3,100.0,0.0,552,0,0,7372,3204,3,0
1791046721,25.9,100.0,0.0,554,0,0,8480,3358,3,0
1791046722,24.7,100.0,0.0,550,0,12,8562,3316,3,0
1791046723,23.3,100.0,0.0,552,0,0,7958,3164,3,0
1791046724,29.1,100.0,0.0,550,0,0,7808,3068,3,0
1791046725,25.9,100.0,0.0,552,0,4,7610,3232,3,0
1791046726,23.3,100.0,0.0,554,0,0,7617,3201,3,0
1791046727,20.7,100.0,0.0,556,0,0,6781,2840,3,0
1791046728,19.0,100.0,0.0,551,0,12,8179,2962,3,0
1791046729,18.6,100.0,0.0,553,0,0,6969,2983,3,0
1791046730,26.7,100.0,0.0,551,0,0,8794,3111,3,0
1791046731,17.4,100.0,0.0,552,0,4,6747,2499,3,0
1791046732,21.2,100.0,0.0,554,0,0,7400,2820,3,0
1791046733,21.2,100.0,0.0,553,0,0,7800,3247,3,0
1791046734,26.7,100.0,0.0,555,0,12,7004,2946,3,0
1791046735,21.4,100.0,0.0,557,0,0,7478,3217,3,0
1791046736,24.4,100.0,0.0,552,0,0,7491,2719,3,0
1791046737,67.4,50.5,0.0,552,0,4,5957,2425,3,0
1791046738,23.9,100.0,0.0,551,0,0,7782,2965,3,0
1791046739,22.7,100.0,0.0,553,0,12,7708,3300,3,0
1791046740,26.7,100.0,0.0,554,0,12,8118,3141,3,0
1791046741,17.4,100.0,0.0,556,0,0,7543,2906,3,0
1791046742,15.3,100.0,0.0,557,0,0,6736,2936,3,0
1791046743,20.5,99.0,0.0,552,0,4,7194,2646,3,0
1791046744,17.0,100.0,0.0,554,0,0,6822,2791,3,0
1791046745,21.6,100.0,0.0,552,0,0,8152,3044,3,0
1791046746,18.0,100.0,0.0,553,0,12,7038,2936,3,0
1791046747,27.9,100.0,0.0,553,0,0,8861,3155,3,0
1791046748,26.7,100.0,0.0,554,0,0,7709,3096,3,0
1791046749,25.0,100.0,0.0,556,0,4,8165,2890,3,0
1791046750,22.5,100.0,0.0,553,0,0,7831,2987,3,0
1791046751,25.8,100.0,0.0,553,0,16,8321,3267,3,0
1791046752,20.9,100.0,0.0,556,0,0,7997,3119,3,0
1791046753,26.7,100.0,0.0,548,0,0,7962,3175,3,0
1791046754,24.4,100.0,0.0,548,0,0,8197,3046,3,0
1791046755,21.3,100.0,0.0,548,0,4,6858,2840,3,0
1791046756,20.9,100.0,0.0,546,0,12,6281,3052,3,0
1791046757,6.2,60.6,0.0,545,0,0,578,1645,3,0
1791046758,0.0,14.1,0.0,545,0,0,213,275,3,0
1791046759,0.0,5.1,0.0,545,0,0,85,84,3,0
1791046760,2.0,12.0,0.0,550,0,0,260,262,3,0
1791046761,0.0,0.0,0.0,550,0,4,0,0,3,0
1791046762,0.0,0.0,0.0,550,0,12,0,0,3,0
1791046763,0.0,0.0,0.0,550,0,0,0,0,3,0
1791046764,0.0,1.0,0.0,550,0,0,0,0,3,0
1791046765,0.0,0.0,0.0,550,0,0,0,0,3,0
1791046766,3.0,4.0,0.0,551,0,0,3,3,4,0
1791046767,31.3,4.1,0.0,568,0,28,2,1,4,0
