window_start,req_per_s,p50_ms,p95_ms,p99_ms,error_pct,statuses,load_cpu_pct,sfp-ok_cpu_avg_pct,sfp-ok_cpu_top_core_pct,sfp-ok_mem_mb,valid
1791046260,57.6,8.9,12.2,14.2,0.0,200:576,6.0,24.0,44.0,396,ok
1791046270,100.0,8.9,11.6,14.8,0.0,200:1000,3.0,24.0,41.0,417,ok
1791046280,100.0,8.5,11.4,12.7,0.0,200:1000,3.0,21.0,38.0,420,ok
1791046290,100.0,8.8,11.7,16.4,0.0,200:1000,3.0,22.0,40.0,433,ok
1791046300,100.0,8.5,11.6,15.5,0.0,200:1000,3.0,22.0,41.0,441,ok
1791046310,100.0,8.7,11.7,13.4,0.0,200:1000,3.0,22.0,42.0,447,ok
1791046320,100.0,8.1,11.2,14.6,0.0,200:1000,2.0,19.0,37.0,459,ok
1791046330,124.9,8.5,11.5,16.8,0.0,200:1249,3.0,27.0,50.0,468,ok
1791046340,236.6,8.0,12.9,30.3,0.0,200:2366,5.0,40.0,72.0,472,ok
1791046350,250.0,7.5,12.6,18.5,0.0,200:2500,5.0,45.0,70.0,494,ok
1791046360,250.0,7.6,11.6,13.9,0.0,200:2500,5.0,38.0,68.0,495,ok
1791046370,250.0,7.6,12.9,32.9,0.0,200:2500,4.0,41.0,74.0,533,ok
1791046380,250.0,7.6,12.0,15.4,0.0,200:2500,5.0,37.0,71.0,533,ok
1791046390,250.0,7.6,11.8,30.9,0.0,200:2500,5.0,38.0,69.0,533,ok
1791046400,291.6,7.7,12.9,16.4,0.0,200:2916,6.0,42.0,76.0,533,ok
1791046410,477.3,8.5,20.3,28.8,0.0,200:4773,9.0,63.0,88.0,546,ok
1791046420,500.3,7.6,20.7,47.9,0.0,200:5003,9.0,51.0,87.0,546,ok
1791046430,499.7,8.1,21.4,44.8,0.0,200:4997,9.0,49.0,89.0,546,ok
1791046440,500.3,7.6,21.3,52.2,0.0,200:5003,8.0,49.0,96.0,546,ok
1791046450,499.9,8.4,23.7,49.2,0.0,200:4999,9.0,49.0,92.0,546,ok
1791046460,499.8,8.4,21.2,35.1,0.0,200:4998,8.0,48.0,90.0,546,ok
1791046470,575.7,11.1,57.6,162.4,0.0,200:5757,11.0,51.0,96.0,546,ok
1791046480,757.1,1268.2,3354.9,6047.4,0.0,200:7571,14.0,55.0,100.0,557,SATURATED: 808 requests not sent
1791046490,872.9,1364.8,6484.1,12044.6,13.09,0:1143 200:7586,15.0,54.0,100.0,558,SATURATED: 682 requests not sent
1791046500,973.4,1409.4,6180.7,11674.8,23.58,0:2295 200:7439,15.0,59.0,100.0,558,SATURATED: 130 requests not sent
1791046510,967.3,1439.1,7126.4,12927.4,26.37,0:2551 200:7122,16.0,53.0,100.0,553,SATURATED: 158 requests not sent
1791046520,977.7,1470.4,6366.6,12371.0,28.17,0:2754 200:7023,15.0,54.0,100.0,553,SATURATED: 117 requests not sent
1791046530,1048.2,1427.6,7179.6,12291.1,30.48,0:3195 200:7287,16.0,54.0,100.0,553,SATURATED: 171 requests not sent
1791046540,980.2,1345.2,5781.7,11563.5,19.93,0:1954 200:7848,16.0,60.0,100.0,557,SATURATED: 581 requests not sent
1791046550,1528.3,1429.1,5157.4,9628.2,52.76,0:8063 200:7220,22.0,54.0,100.0,559,SATURATED: 2378 requests not sent
1791046560,1902.0,1515.8,5161.3,8834.7,64.22,0:12214 200:6806,23.0,55.0,100.0,559,SATURATED: 676 requests not sent
1791046570,2004.8,1413.7,5151.2,7923.2,63.03,0:12637 200:7411,25.0,53.0,100.0,559,SATURATED: 135 requests not sent
1791046580,2095.2,1271.7,5149.9,8741.6,60.61,0:12698 200:8254,24.0,62.0,100.0,561,ok
1791046590,1987.4,1196.7,5103.1,7889.9,56.2,0:11170 200:8704,27.0,61.0,100.0,562,ok
1791046600,1976.0,1239.2,5108.7,7795.7,58.18,0:11497 200:8263,25.0,60.0,100.0,561,ok
1791046610,2061.1,1395.8,5139.7,7926.4,64.39,0:13272 200:7339,24.0,57.0,100.0,546,SATURATED: 1702 requests not sent
1791046620,2533.8,1395.7,5142.8,7981.7,73.57,0:18641 200:6697,29.0,59.0,100.0,553,SATURATED: 12877 requests not sent
1791046630,3103.9,1167.9,4450.2,7494.0,74.95,0:23263 200:7776,34.0,64.0,100.0,553,SATURATED: 8899 requests not sent
1791046640,3369.9,1078.8,4117.5,7474.0,75.16,0:25329 200:8370,35.0,64.0,100.0,552,SATURATED: 6360 requests not sent
1791046650,3389.9,1070.0,4115.7,7497.5,75.29,0:25523 200:8376,34.0,65.0,100.0,552,SATURATED: 6011 requests not sent
1791046660,2908.7,1169.2,4137.5,7684.6,73.7,0:21437 200:7650,32.0,65.0,100.0,555,SATURATED: 10880 requests not sent
1791046670,2625.1,1363.2,5154.8,7924.4,71.94,0:18884 200:7367,28.0,54.0,100.0,546,SATURATED: 13756 requests not sent
1791046680,3036.8,1179.2,5118.4,7756.6,76.22,0:23147 200:7221,34.0,62.0,100.0,549,SATURATED: 16295 requests not sent
1791046690,3406.6,1068.8,4124.5,7513.9,75.02,0:25555 200:8511,34.0,63.0,100.0,560,SATURATED: 42481 requests not sent
1791046700,3531.6,1067.8,4115.6,7587.4,75.02,0:26493 200:8823,37.0,65.0,100.0,558,SATURATED: 44549 requests not sent
1791046710,3573.8,1067.3,4092.6,7391.0,75.27,0:26900 200:8838,34.0,65.0,100.0,553,SATURATED: 44261 requests not sent
1791046720,3554.6,1067.3,4119.1,7531.1,75.92,0:26985 200:8561,34.0,65.0,100.0,556,SATURATED: 44457 requests not sent
1791046730,3351.3,1071.9,4136.1,7639.2,75.5,0:25303 200:8210,33.0,63.0,100.0,557,SATURATED: 46486 requests not sent
1791046740,3418.0,1068.5,4124.8,7698.3,76.23,0:26055 200:8125,35.0,64.0,100.0,557,SATURATED: 45821 requests not sent
1791046750,2031.1,1075.6,5152.7,10363.3,73.91,0:15012 200:5299,33.0,63.0,100.0,556,SATURATED: 18449 requests not sent
