ts,cpu0_busy_pct,cpu1_busy_pct,cpu2_busy_pct,cpu3_busy_pct,cpu_iowait_pct,cpu_steal_pct,mem_used_mb,disk_read_kbps,disk_write_kbps,net_rx_kbps,net_tx_kbps,tcp_inuse,tcp_timewait,accept_queue_443,turned_away,node_cpu_pct,node_rss_mb,nginx_cpu_pct,nginx_rss_mb,k6_cpu_pct,k6_rss_mb,litestream_cpu_pct,litestream_rss_mb
1791385235,19.4,37.8,30.9,40.6,0.3,0.0,535,0,284,1,0,7,4,0,0,0.0,87,0.0,40,0.0,0,125.0,47
1791385236,28.3,42.3,16.3,40.2,0.5,0.0,550,0,188,0,0,7,4,0,0,0.0,87,0.0,40,0.0,0,123.0,56
1791385237,34.0,42.9,38.4,40.2,0.3,0.0,551,0,264,199,197,20,4,0,0,10.0,89,11.0,40,0.0,0,125.0,60
1791385238,52.0,38.8,35.9,30.9,0.5,0.0,552,0,260,237,235,25,5,0,0,6.0,89,18.0,40,0.0,0,122.0,61
1791385239,43.4,46.4,33.0,33.3,0.0,0.0,549,0,260,238,236,24,5,0,0,7.0,89,15.0,40,0.0,0,125.0,61
1791385240,37.1,42.0,35.8,44.4,0.5,0.0,551,0,360,238,235,26,6,0,0,6.0,90,17.0,40,0.0,0,122.0,62
1791385241,40.0,36.7,43.0,43.8,0.3,0.0,565,0,304,237,236,23,5,0,0,10.0,91,14.0,40,0.0,0,124.0,72
1791385242,45.4,33.7,41.2,37.1,0.3,0.0,570,0,380,234,231,21,7,0,0,9.0,91,16.0,40,0.0,0,121.0,81
1791385243,38.0,35.1,48.0,37.4,0.3,0.0,584,0,296,237,234,21,8,0,0,5.0,91,17.0,40,0.0,0,125.0,85
1791385244,47.4,36.6,37.4,36.1,0.5,0.0,607,0,316,237,233,19,10,0,0,5.0,92,15.0,40,0.0,0,122.0,103
1791385245,32.0,29.6,35.4,29.9,5.2,0.0,606,0,99896,238,235,18,10,0,0,6.0,92,16.0,40,0.0,0,96.0,103
1791385246,5.1,5.1,6.2,12.2,6.1,0.0,592,0,65480,237,235,18,11,0,0,5.0,94,14.0,40,0.0,0,0.0,104
1791385247,8.0,4.0,4.1,13.0,0.3,0.0,595,0,420,241,238,21,12,0,0,5.0,94,17.0,40,0.0,0,1.0,104
1791385248,7.0,4.0,2.1,11.1,1.0,0.0,595,0,1720,238,236,23,12,0,0,4.0,94,15.0,40,0.0,0,1.0,104
1791385249,9.0,6.0,3.1,9.2,0.5,0.0,594,0,352,237,235,23,14,0,0,4.0,94,15.0,40,0.0,0,0.0,104
1791385250,9.1,3.0,7.1,8.1,0.0,0.0,590,0,340,237,234,21,15,0,0,5.0,94,17.0,40,0.0,0,0.0,104
1791385251,7.0,5.0,5.2,12.2,0.5,0.0,592,0,412,239,237,22,16,0,0,5.0,95,15.0,40,0.0,0,0.0,104
1791385252,9.1,4.1,1.0,11.1,0.3,0.0,592,0,464,237,235,22,17,0,0,5.0,95,15.0,40,0.0,0,1.0,104
1791385253,8.1,5.9,2.0,7.1,0.5,0.0,592,0,348,234,230,20,19,0,0,5.0,95,14.0,40,0.0,0,0.0,104
1791385254,11.0,5.1,4.1,8.0,0.5,0.0,594,0,356,238,234,21,20,0,0,4.0,95,14.0,40,0.0,0,0.0,105
1791385255,6.1,4.1,3.1,10.1,0.3,0.0,594,0,376,236,233,22,22,0,0,3.0,95,15.0,40,0.0,0,0.0,105
1791385256,3.9,6.1,6.2,13.1,0.5,0.0,595,0,376,237,234,21,24,0,0,5.0,95,16.0,40,0.0,0,0.0,105
1791385257,3.1,3.0,7.2,10.1,0.3,0.0,593,0,504,237,234,22,26,0,0,4.0,95,14.0,40,0.0,0,2.0,105
1791385258,7.1,5.9,8.2,8.1,0.3,0.0,595,0,388,238,235,22,28,0,0,5.0,95,15.0,40,0.0,0,0.0,105
1791385259,9.9,7.0,7.1,5.1,1.0,0.0,595,0,684,236,233,22,30,0,0,4.0,95,18.0,40,0.0,0,0.0,105
1791385260,8.2,5.1,7.3,7.1,0.3,0.0,596,0,340,239,237,20,33,0,0,5.0,95,14.0,40,0.0,0,1.0,106
1791385261,6.9,7.0,6.1,8.1,0.5,0.0,597,0,344,236,233,19,34,0,0,4.0,95,15.0,40,0.0,0,0.0,106
1791385262,8.0,4.1,3.1,8.1,0.3,0.0,597,0,476,238,234,21,35,0,0,3.0,95,15.0,40,0.0,0,1.0,106
1791385263,3.0,6.0,7.2,10.0,0.5,0.0,597,0,408,238,235,21,35,0,0,4.0,95,15.0,40,0.0,0,0.0,106
1791385264,4.1,7.1,7.1,7.1,0.3,0.0,597,0,408,237,234,20,36,0,0,4.0,95,13.0,40,0.0,0,0.0,106
1791385265,5.9,8.1,7.2,7.1,0.5,0.0,597,0,372,237,234,22,36,0,0,4.0,95,17.0,40,0.0,0,1.0,106
1791385266,8.0,9.2,4.1,5.1,0.3,0.0,599,0,440,238,235,23,38,0,0,4.0,95,16.0,40,0.0,0,0.0,106
1791385267,8.1,9.1,1.0,9.1,0.5,0.0,599,0,500,239,236,24,39,0,0,4.0,95,16.0,40,0.0,0,0.0,107
1791385268,7.1,6.0,8.2,7.1,0.3,0.0,596,0,396,240,238,21,42,0,0,3.0,95,15.0,40,0.0,0,2.0,107
1791385269,6.9,6.1,6.2,7.1,0.3,0.0,597,0,392,239,238,24,43,0,0,4.0,95,17.0,40,0.0,0,0.0,107
1791385270,11.2,4.0,7.1,6.0,0.8,0.0,597,0,456,237,234,23,45,0,0,6.0,95,16.0,40,0.0,0,0.0,107
1791385271,10.0,4.0,7.2,6.1,0.3,0.0,596,0,416,237,234,20,48,0,0,4.0,95,15.0,40,0.0,0,0.0,107
1791385272,7.0,5.1,8.2,11.0,0.8,0.0,597,0,452,238,236,23,48,0,0,5.0,95,17.0,40,0.0,0,1.0,107
1791385273,9.1,4.0,6.1,7.1,0.0,0.0,599,0,496,238,235,24,49,0,0,5.0,95,17.0,40,0.0,0,0.0,107
1791385274,12.0,5.0,6.2,5.1,0.8,0.0,600,0,460,240,237,24,50,0,0,5.0,95,17.0,40,0.0,0,0.0,108
1791385275,10.2,5.0,6.1,8.1,0.0,0.0,596,0,444,237,235,23,51,0,0,4.0,95,14.0,40,0.0,0,1.0,108
1791385276,7.0,4.0,7.2,10.1,1.0,0.0,597,0,640,236,233,23,53,0,0,3.0,95,16.0,40,0.0,0,2.0,109
1791385277,6.0,3.0,9.3,6.2,0.3,0.0,598,0,484,238,235,19,55,0,0,4.0,95,14.0,40,0.0,0,2.0,109
1791385278,7.1,4.0,4.1,15.0,0.5,0.0,597,0,536,238,236,21,57,0,0,5.0,95,20.0,40,0.0,0,0.0,110
1791385279,6.0,3.0,10.2,9.1,0.5,0.0,597,0,1368,236,232,21,57,0,0,4.0,95,16.0,40,0.0,0,0.0,110
1791385280,5.1,5.9,11.1,8.2,0.3,0.0,600,0,444,240,238,22,58,0,0,4.0,95,15.0,40,0.0,0,1.0,110
1791385281,4.0,3.1,5.2,13.1,0.5,0.0,600,0,488,238,236,24,59,0,0,3.0,95,16.0,40,0.0,0,0.0,110
1791385282,2.0,5.1,12.1,10.2,0.3,0.0,598,0,500,237,235,23,60,0,0,4.0,95,16.0,40,0.0,0,0.0,111
1791385283,7.0,2.1,9.4,8.9,0.5,0.0,602,0,520,238,236,24,60,0,0,4.0,95,16.0,40,0.0,0,2.0,111
1791385284,3.0,5.0,11.3,8.2,0.5,0.0,602,0,540,238,236,22,62,0,0,5.0,95,17.0,40,0.0,0,0.0,111
1791385285,8.1,4.0,9.3,7.1,0.0,0.0,600,0,472,238,235,23,63,0,0,5.0,95,17.0,40,0.0,0,0.0,112
1791385286,6.9,5.0,8.3,5.1,0.8,0.0,600,0,508,236,233,23,65,0,0,4.0,95,15.0,40,0.0,0,1.0,112
1791385287,8.2,5.0,12.1,6.1,0.0,0.0,600,0,488,239,237,23,66,0,0,4.0,95,17.0,40,0.0,0,1.0,112
1791385288,5.9,7.1,5.2,10.0,0.8,0.0,600,0,620,237,234,23,66,0,0,7.0,95,16.0,40,0.0,0,0.0,112
1791385289,11.0,7.0,7.3,4.1,0.3,0.0,603,0,576,237,234,22,66,0,0,3.0,95,18.0,40,0.0,0,1.0,113
1791385290,5.1,5.1,11.1,6.1,0.3,0.0,604,0,520,238,236,24,68,0,0,5.0,95,14.0,40,0.0,0,0.0,113
1791385291,3.1,8.1,7.1,11.0,0.8,0.0,605,0,672,238,235,22,69,0,0,4.0,95,17.0,40,0.0,0,2.0,115
1791385292,6.0,4.0,7.2,7.2,0.3,0.0,606,0,524,238,235,22,71,0,0,4.0,95,14.0,40,0.0,0,1.0,115
1791385293,7.9,1.0,8.2,6.1,0.5,0.0,604,0,588,238,235,19,73,0,0,4.0,95,15.0,40,0.0,0,0.0,115
1791385294,6.1,7.0,9.4,6.9,0.5,0.0,605,0,556,239,237,21,75,0,0,3.0,95,17.0,40,0.0,0,1.0,116
1791385295,8.9,7.0,8.1,11.2,0.3,0.0,606,0,624,240,238,24,75,0,0,4.0,95,16.0,40,0.0,0,0.0,116
1791385296,8.1,2.0,7.0,7.1,0.8,0.0,607,0,848,237,234,24,76,0,0,3.0,95,15.0,40,0.0,0,2.0,117
1791385297,8.2,5.1,2.1,8.2,0.3,0.0,608,0,492,239,236,24,77,0,0,4.0,95,15.0,40,0.0,0,0.0,117
1791385298,10.0,3.0,3.1,8.1,0.5,0.0,608,0,536,237,234,24,78,0,0,3.0,95,14.0,40,0.0,0,0.0,117
1791385299,10.1,3.0,3.1,10.1,0.0,0.0,606,0,480,238,236,22,78,0,0,5.0,95,16.0,40,0.0,0,1.0,117
1791385300,9.0,1.0,6.1,10.1,0.8,0.0,607,0,584,235,232,22,78,0,0,4.0,95,15.0,40,0.0,0,1.0,118
1791385301,10.1,0.0,6.2,9.1,0.3,0.0,608,0,496,238,235,22,79,0,0,4.0,95,14.0,40,0.0,0,0.0,118
1791385302,10.1,5.1,4.1,9.3,0.5,0.0,611,0,512,239,237,24,78,0,0,4.0,95,17.0,40,0.0,0,1.0,118
1791385303,10.0,3.0,6.2,9.1,0.0,0.0,611,0,548,237,233,22,72,0,0,3.0,95,17.0,40,0.0,0,1.0,119
1791385304,10.1,5.9,3.1,10.0,0.8,0.0,612,0,520,238,236,24,72,0,0,5.0,95,16.0,40,0.0,0,0.0,119
1791385305,5.0,4.0,4.1,12.2,0.5,0.0,610,0,572,236,233,21,74,0,0,4.0,95,16.0,40,0.0,0,0.0,119
1791385306,9.2,4.0,8.1,7.1,0.3,0.0,609,0,544,238,236,18,75,0,0,4.0,95,16.0,40,0.0,0,2.0,120
1791385307,9.9,4.1,3.1,13.0,0.3,0.0,612,0,516,237,235,19,72,0,0,4.0,95,17.0,40,0.0,0,0.0,120
1791385308,8.2,4.0,4.1,7.1,0.5,0.0,613,0,552,238,235,22,73,0,0,3.0,95,16.0,40,0.0,0,0.0,120
1791385309,9.1,3.0,1.0,10.2,0.3,0.0,615,0,552,237,234,22,74,0,0,4.0,95,13.0,40,0.0,0,0.0,121
1791385310,10.0,4.1,6.1,8.0,0.8,0.0,616,0,520,238,235,24,75,0,0,4.0,95,17.0,40,0.0,0,2.0,121
1791385311,12.0,3.1,6.2,4.1,0.3,0.0,611,0,1524,237,234,23,71,0,0,3.0,95,17.0,40,0.0,0,0.0,121
1791385312,10.1,4.0,4.1,10.1,0.5,0.0,609,0,544,236,234,22,71,0,0,4.0,95,16.0,40,0.0,0,0.0,122
1791385313,4.0,5.9,6.1,11.1,0.8,0.0,610,0,568,236,233,22,72,0,0,4.0,95,15.0,40,0.0,0,1.0,122
1791385314,7.1,7.1,3.1,7.2,0.3,0.0,611,0,516,236,233,21,74,0,0,4.0,95,15.0,40,0.0,0,1.0,122
1791385315,6.0,6.0,4.2,16.0,0.5,0.0,613,0,496,240,238,24,70,0,0,5.0,95,17.0,40,0.0,0,0.0,123
1791385316,6.0,6.0,8.0,10.1,0.5,0.0,614,0,544,238,235,24,72,0,0,4.0,95,18.0,40,0.0,0,1.0,123
1791385317,5.2,4.1,2.1,8.2,0.5,0.0,613,0,516,235,232,21,74,0,0,4.0,95,13.0,40,0.0,0,1.0,123
1791385318,12.0,4.0,4.1,10.1,0.3,0.0,613,0,536,237,233,23,73,0,0,4.0,95,16.0,40,0.0,0,0.0,123
1791385319,9.3,5.0,7.1,5.1,0.8,0.0,614,0,612,237,234,21,67,0,0,4.0,95,16.0,40,0.0,0,0.0,124
1791385320,7.0,3.1,9.1,6.1,0.3,0.0,615,0,528,237,233,23,68,0,0,4.0,95,15.0,40,0.0,0,2.0,124
1791385321,8.9,5.0,6.2,10.2,0.8,0.0,618,0,712,236,234,23,70,0,0,3.0,95,15.0,40,0.0,0,3.0,128
1791385322,5.1,5.0,5.1,12.1,0.3,0.0,620,0,596,239,236,25,72,0,0,3.0,95,14.0,40,0.0,0,0.0,128
1791385323,6.1,6.1,6.2,10.1,0.5,0.0,618,0,556,239,235,19,70,0,0,3.0,95,14.0,40,0.0,0,1.0,128
1791385324,5.1,7.1,4.1,12.0,0.8,0.0,618,0,1064,236,234,19,72,0,0,5.0,95,15.0,40,0.0,0,2.0,129
1791385325,8.0,4.0,0.0,11.1,0.5,0.0,618,0,528,238,236,19,74,0,0,4.0,95,16.0,40,0.0,0,0.0,129
1791385326,8.1,5.1,6.2,8.2,0.3,0.0,620,0,544,239,235,23,75,0,0,6.0,96,16.0,40,0.0,0,1.0,129
1791385327,9.9,5.0,4.2,12.2,0.5,0.0,572,0,668,236,233,24,72,0,0,4.0,96,15.0,40,0.0,0,3.0,32
1791385328,7.1,1.0,5.1,15.0,0.8,0.0,572,0,572,240,237,24,73,0,0,4.0,96,17.0,40,0.0,0,0.0,32
1791385329,10.1,1.0,4.2,13.0,0.0,0.0,565,0,624,239,236,23,74,0,0,4.0,96,15.0,40,0.0,0,1.0,32
1791385330,8.1,0.0,5.1,10.3,0.5,0.0,564,0,572,237,234,23,75,0,0,4.0,96,15.0,40,0.0,0,0.0,32
1791385331,12.0,1.0,7.1,11.0,0.5,0.0,564,0,476,237,234,21,66,0,0,4.0,96,17.0,40,0.0,0,1.0,32
1791385332,8.2,4.1,5.2,9.1,0.3,0.0,564,0,580,237,235,22,67,0,0,5.0,96,15.0,40,0.0,0,0.0,32
1791385333,12.7,3.0,3.1,6.2,0.5,0.0,557,0,556,238,235,21,69,0,0,5.0,96,16.0,40,0.0,0,2.0,32
1791385334,7.1,4.0,5.2,10.8,0.5,0.0,556,0,604,240,238,24,68,0,0,3.0,96,13.0,40,0.0,0,0.0,32
1791385335,8.0,7.1,5.1,7.2,0.5,0.0,550,0,528,239,237,23,67,0,0,4.0,96,17.0,40,0.0,0,1.0,32
1791385336,7.0,7.1,4.2,8.9,0.3,0.0,550,0,548,235,232,21,70,0,0,4.0,96,16.0,40,0.0,0,0.0,32
1791385337,5.1,8.1,6.1,5.1,0.3,0.0,549,0,560,236,233,21,72,0,0,4.0,96,15.0,40,0.0,0,2.0,32
1791385338,6.0,6.1,3.1,9.1,1.0,0.0,550,0,632,236,233,24,72,0,0,4.0,96,15.0,40,0.0,0,0.0,32
1791385339,4.0,7.1,7.1,12.1,0.3,0.0,550,0,628,238,234,24,74,0,0,5.0,96,16.0,40,0.0,0,1.0,33
1791385340,11.0,8.0,8.2,10.1,0.5,0.0,541,0,568,238,235,21,73,0,0,12.0,96,17.0,40,0.0,0,1.0,33
1791385341,5.1,10.0,8.2,10.2,0.3,0.0,541,0,516,237,235,22,75,0,0,8.0,96,14.0,40,0.0,0,0.0,33
1791385342,11.1,8.0,4.1,7.1,0.5,0.0,541,0,1536,236,232,24,76,0,0,5.0,96,15.0,40,0.0,0,1.0,33
1791385343,8.1,4.0,3.1,9.0,0.3,0.0,540,0,616,236,233,24,76,0,0,4.0,96,16.0,40,0.0,0,0.0,32
1791385344,7.1,10.1,7.1,12.0,0.8,0.0,540,0,604,237,234,25,74,0,0,11.0,92,16.0,40,0.0,0,2.0,32
1791385345,9.1,9.1,4.2,10.1,0.0,0.0,541,0,564,238,235,23,78,0,0,9.0,92,16.0,40,0.0,0,0.0,32
1791385346,6.9,8.9,7.1,10.2,0.8,0.0,526,0,544,237,234,22,80,0,0,5.0,93,16.0,40,0.0,0,1.0,32
1791385347,7.1,6.1,3.1,8.2,0.0,0.0,521,0,548,237,234,23,82,0,0,6.0,93,14.0,40,0.0,0,1.0,32
1791385348,9.0,8.0,7.1,8.2,0.3,0.0,521,0,664,238,234,23,78,0,0,7.0,93,14.0,40,0.0,0,0.0,32
1791385349,10.8,6.0,12.1,6.0,1.0,0.0,521,0,1132,237,234,21,80,0,0,5.0,93,16.0,40,0.0,0,2.0,32
1791385350,6.1,2.0,11.1,8.2,0.3,0.0,519,0,584,239,235,21,82,0,0,5.0,93,17.0,40,0.0,0,1.0,32
1791385351,7.1,7.0,9.3,9.1,0.8,0.0,520,0,784,240,237,19,83,0,0,5.0,93,16.0,40,0.0,0,4.0,33
1791385352,7.1,6.0,11.3,7.1,0.3,0.0,520,0,584,237,234,19,78,0,0,10.0,93,14.0,40,0.0,0,1.0,33
1791385353,9.1,4.0,5.2,7.1,0.3,0.0,517,0,560,237,234,18,80,0,0,4.0,93,16.0,40,0.0,0,0.0,33
1791385354,8.9,4.0,7.2,7.9,0.5,0.0,517,0,740,236,233,20,80,0,0,4.0,93,15.0,40,0.0,0,1.0,33
1791385355,5.1,6.1,9.4,11.2,0.5,0.0,520,0,560,239,236,22,82,0,0,4.0,93,16.0,40,0.0,0,1.0,33
1791385356,7.0,4.0,10.2,5.2,0.3,0.0,521,0,560,238,235,22,79,0,0,6.0,93,15.0,40,0.0,0,1.0,33
1791385357,9.0,3.0,11.1,5.0,0.8,0.0,519,0,1212,236,232,21,81,0,0,3.0,93,15.0,40,0.0,0,1.0,33
1791385358,9.1,5.1,14.1,1.0,0.5,0.0,520,0,596,236,233,23,82,0,0,5.0,93,17.0,40,0.0,0,0.0,33
1791385359,11.0,5.0,5.2,6.2,0.3,0.0,518,0,704,236,233,22,83,0,0,5.0,93,16.0,40,0.0,0,1.0,32
1791385360,8.1,2.0,6.2,7.1,0.5,0.0,518,0,652,237,234,22,81,0,0,4.0,93,14.0,40,0.0,0,0.0,32
1791385361,9.0,5.1,8.1,10.9,0.3,0.0,518,0,552,237,235,21,82,0,0,5.0,93,16.0,40,0.0,0,2.0,32
1791385362,8.1,2.0,9.2,8.1,0.8,0.0,517,0,568,240,238,21,83,0,0,5.0,93,14.0,40,0.0,0,0.0,32
1791385363,6.0,4.0,9.4,7.2,0.5,0.0,518,0,548,237,233,21,84,0,0,3.0,93,17.0,40,0.0,0,0.0,32
1791385364,4.1,2.0,10.4,9.2,0.3,0.0,518,0,576,239,237,23,83,0,0,5.0,93,15.0,40,0.0,0,2.0,32
1791385365,5.9,1.0,9.1,11.1,0.5,0.0,519,0,728,237,234,23,85,0,0,3.0,93,18.0,40,0.0,0,1.0,32
1791385366,6.1,4.0,10.2,5.1,0.5,0.0,517,0,1108,236,233,20,87,0,0,3.0,93,14.0,40,0.0,0,0.0,32
1791385367,8.2,6.0,5.2,5.1,0.8,0.0,517,0,588,236,233,22,88,0,0,5.0,93,16.0,40,0.0,0,0.0,32
1791385368,12.0,5.1,11.2,5.0,0.3,0.0,518,0,572,239,236,23,82,0,0,5.0,93,14.0,40,0.0,0,1.0,32
1791385369,5.9,7.1,10.2,7.1,0.3,0.0,519,0,616,239,235,23,81,0,0,4.0,93,18.0,40,0.0,0,1.0,32
1791385370,4.0,8.1,10.3,6.1,0.5,0.0,519,0,700,236,233,19,83,0,0,4.0,93,17.0,40,0.0,0,1.0,32
1791385371,9.2,5.1,9.0,3.1,0.5,0.0,517,0,640,236,234,22,84,0,0,4.0,93,14.0,40,0.0,0,0.0,32
1791385372,5.1,6.0,12.2,3.0,0.8,0.0,518,0,1160,235,232,21,84,0,0,5.0,93,15.0,40,0.0,0,3.0,32
1791385373,10.1,5.0,5.3,5.2,0.3,0.0,517,0,932,236,232,20,86,0,0,4.0,93,15.0,40,0.0,0,0.0,32
1791385374,7.0,2.0,11.1,9.1,0.8,0.0,517,0,580,239,237,20,88,0,0,4.0,93,15.0,40,0.0,0,1.0,32
1791385375,8.1,0.0,6.2,9.1,0.5,0.0,517,0,728,236,233,20,89,0,0,5.0,93,16.0,40,0.0,0,0.0,32
1791385376,12.1,2.0,6.1,10.1,0.3,0.0,519,0,580,238,236,21,86,0,0,4.0,93,14.0,40,0.0,0,1.0,32
1791385377,6.1,1.0,11.0,8.2,0.5,0.0,519,0,612,237,233,23,87,0,0,4.0,93,16.0,40,0.0,0,1.0,32
1791385378,9.9,3.1,4.1,5.1,0.3,0.0,519,0,612,236,233,23,89,0,0,5.0,93,15.0,40,0.0,0,1.0,32
1791385379,5.1,5.1,11.2,8.2,0.3,0.0,517,0,964,240,237,22,89,0,0,4.0,93,16.0,40,0.0,0,1.0,32
1791385380,7.0,3.0,12.4,4.0,0.5,0.0,517,0,724,237,234,20,85,0,0,4.0,93,16.0,40,0.0,0,1.0,32
1791385381,9.1,6.0,11.0,7.1,0.5,0.0,517,0,908,236,232,16,89,0,0,4.0,93,16.0,40,0.0,0,5.0,33
1791385382,7.9,5.0,10.4,5.9,0.8,0.0,517,0,628,236,232,18,90,0,0,5.0,93,15.0,40,0.0,0,0.0,32
1791385383,5.0,5.1,10.2,6.1,0.3,0.0,517,0,568,237,235,18,91,0,0,5.0,93,14.0,40,0.0,0,1.0,32
1791385384,5.0,2.0,11.2,6.1,0.0,0.0,518,0,676,237,233,21,92,0,0,3.0,93,14.0,40,0.0,0,0.0,32
1791385385,4.0,5.1,19.2,3.1,0.8,0.0,519,0,1008,238,235,23,86,0,0,5.0,93,19.0,40,0.0,0,1.0,33
1791385386,9.0,5.0,7.3,9.2,0.3,0.0,519,0,680,236,234,23,87,0,0,5.0,93,15.0,40,0.0,0,1.0,32
1791385387,3.1,4.0,10.2,7.1,0.0,0.0,519,0,588,238,236,23,89,0,0,4.0,93,16.0,40,0.0,0,1.0,32
1791385388,5.9,4.1,13.1,6.1,0.8,0.0,516,0,556,239,236,20,92,0,0,4.0,93,14.0,40,0.0,0,0.0,32
1791385389,9.1,6.9,8.2,4.1,0.0,0.0,518,0,556,238,235,20,88,0,0,5.0,93,17.0,40,0.0,0,1.0,33
1791385390,7.1,4.0,10.3,5.1,0.8,0.0,519,0,1024,240,238,21,89,0,0,4.0,93,16.0,40,0.0,0,1.0,33
1791385391,9.0,6.0,9.2,4.1,0.8,0.0,520,0,724,235,232,21,90,0,0,3.0,93,17.0,40,0.0,0,1.0,33
1791385392,7.1,6.1,4.1,9.0,0.5,0.0,519,0,604,235,232,21,91,0,0,4.0,93,14.0,40,0.0,0,0.0,33
1791385393,8.9,6.0,7.1,5.2,0.0,0.0,519,0,640,236,233,21,86,0,0,5.0,93,17.0,40,0.0,0,1.0,33
1791385394,7.1,7.0,5.1,6.1,0.8,0.0,517,0,1116,235,232,20,88,0,0,4.0,93,13.0,40,0.0,0,1.0,33
1791385395,5.1,6.1,6.2,6.1,0.5,0.0,516,0,652,235,232,21,90,0,0,3.0,93,16.0,40,0.0,0,1.0,33
1791385396,7.1,7.1,11.2,5.1,0.3,0.0,520,0,952,239,235,23,91,0,0,5.0,93,13.0,40,0.0,0,0.0,32
1791385397,6.0,7.1,8.2,7.0,0.5,0.0,520,0,680,236,233,23,87,0,0,4.0,93,16.0,40,0.0,0,2.0,32
1791385398,1.0,9.2,11.1,6.2,0.3,0.0,520,0,568,236,233,23,89,0,0,4.0,93,16.0,40,0.0,0,0.0,32
1791385399,2.0,8.1,13.3,5.9,0.5,0.0,519,0,608,236,233,22,89,0,0,5.0,93,16.0,40,0.0,0,0.0,32
1791385400,1.0,5.1,12.4,7.1,0.3,0.0,519,0,648,235,233,22,90,0,0,4.0,93,14.0,40,0.0,0,2.0,32
1791385401,4.0,5.0,11.0,13.1,0.5,0.0,519,0,604,237,234,21,84,0,0,4.0,93,15.0,40,0.0,0,0.0,32
1791385402,4.1,7.2,11.3,3.0,0.3,0.0,517,0,748,237,233,22,85,0,0,5.0,93,17.0,40,0.0,0,1.0,32
1791385403,5.9,7.1,9.3,4.1,0.5,0.0,520,0,628,237,235,23,87,0,0,4.0,93,16.0,40,0.0,0,0.0,32
1791385404,4.0,9.0,10.3,6.0,0.5,0.0,520,0,648,237,234,21,88,0,0,3.0,93,15.0,40,0.0,0,2.0,33
1791385405,7.1,11.1,4.1,2.1,0.5,0.0,520,0,588,236,232,24,86,0,0,5.0,93,16.0,40,0.0,0,0.0,33
1791385406,4.0,10.0,11.3,4.0,0.3,0.0,520,0,636,237,234,24,86,0,0,3.0,93,15.0,40,0.0,0,1.0,33
1791385407,3.0,9.2,10.3,3.0,0.5,0.0,519,0,1044,238,235,21,89,0,0,5.0,93,17.0,40,0.0,0,0.0,33
1791385408,2.0,12.0,9.2,6.0,0.8,0.0,519,0,732,237,233,23,90,0,0,4.0,93,13.0,40,0.0,0,2.0,33
1791385409,1.0,4.2,15.3,5.1,0.3,0.0,519,0,604,235,232,22,83,0,0,5.0,93,18.0,40,0.0,0,1.0,33
1791385410,7.9,13.9,8.3,1.0,0.5,0.0,518,0,612,238,235,20,85,0,0,5.0,93,14.0,40,0.0,0,0.0,33
1791385411,7.1,9.1,12.1,3.1,0.8,0.0,518,0,904,236,233,18,88,0,0,4.0,93,16.0,40,0.0,0,7.0,33
1791385412,8.9,5.1,5.2,5.1,0.0,0.0,519,0,936,237,234,19,90,0,0,3.0,93,15.0,40,0.0,0,0.0,33
1791385413,2.1,5.1,13.3,5.1,0.5,0.0,519,0,584,236,233,21,86,0,0,4.0,93,13.0,40,0.0,0,1.0,33
1791385414,3.0,7.0,6.2,5.1,0.5,0.0,518,0,640,234,230,22,87,0,0,4.0,93,12.0,40,0.0,0,0.0,33
1791385415,5.9,7.0,9.0,5.1,0.5,0.0,518,0,636,236,233,22,89,0,0,4.0,93,15.0,40,0.0,0,0.0,33
1791385416,6.1,7.1,9.4,1.0,1.0,0.0,518,0,1276,235,231,22,90,0,0,4.0,93,14.0,40,0.0,0,2.0,33
1791385417,9.0,4.0,11.3,4.1,0.3,0.0,519,0,644,238,236,21,88,0,0,5.0,93,15.0,40,0.0,0,1.0,33
1791385418,9.1,5.9,9.3,6.0,0.5,0.0,519,0,880,238,236,21,89,0,0,3.0,93,15.0,40,0.0,0,1.0,33
1791385419,7.1,7.1,11.1,4.0,0.5,0.0,521,0,644,236,233,23,90,0,0,5.0,93,16.0,40,0.0,0,1.0,33
1791385420,7.9,5.2,7.2,4.1,0.3,0.0,521,0,676,237,234,23,90,0,0,5.0,93,15.0,40,0.0,0,1.0,33
1791385421,5.0,10.0,5.1,4.1,0.8,0.0,521,0,736,236,233,23,87,0,0,4.0,93,15.0,40,0.0,0,0.0,33
1791385422,8.1,4.0,8.2,8.2,0.3,0.0,517,0,640,237,234,19,88,0,0,4.0,93,18.0,40,0.0,0,0.0,33
1791385423,7.0,8.1,9.3,8.1,0.3,0.0,518,0,596,238,236,19,89,0,0,4.0,93,16.0,40,0.0,0,2.0,33
1791385424,4.1,8.2,7.2,8.0,0.5,0.0,520,0,896,238,235,21,89,0,0,4.0,93,15.0,40,0.0,0,1.0,33
1791385425,5.1,8.1,8.2,9.2,0.3,0.0,520,0,608,238,237,21,92,0,0,5.0,93,16.0,40,0.0,0,1.0,33
1791385426,5.9,7.9,8.2,5.1,0.8,0.0,520,0,736,237,234,23,89,0,0,4.0,93,17.0,40,0.0,0,1.0,33
1791385427,7.0,6.1,4.1,6.1,0.3,0.0,520,0,640,236,232,23,91,0,0,4.0,93,14.0,40,0.0,0,0.0,33
1791385428,8.1,10.1,6.2,4.0,0.8,0.0,521,0,628,238,234,23,91,0,0,4.0,93,17.0,40,0.0,0,1.0,33
1791385429,6.9,7.1,10.2,6.1,0.3,0.0,521,0,612,237,234,22,93,0,0,4.0,93,16.0,40,0.0,0,1.0,32
1791385430,6.1,10.0,5.2,7.1,0.5,0.0,522,0,900,238,236,23,91,0,0,4.0,93,15.0,40,0.0,0,0.0,32
1791385431,5.1,7.1,6.1,6.2,0.3,0.0,522,0,668,236,233,23,92,0,0,4.0,93,15.0,40,0.0,0,2.0,32
1791385432,5.0,8.0,8.2,6.1,1.0,0.0,522,0,668,236,232,24,93,0,0,4.0,93,15.0,40,0.0,0,1.0,33
1791385433,6.1,6.1,9.4,3.0,0.0,0.0,522,0,656,236,232,24,94,0,0,3.0,93,17.0,40,0.0,0,0.0,33
1791385434,7.0,7.1,7.1,7.0,0.3,0.0,522,0,628,237,236,24,86,0,0,5.0,93,17.0,40,0.0,0,1.0,33
1791385435,8.0,5.0,10.3,7.1,0.5,0.0,522,0,608,239,238,24,87,0,0,7.0,93,15.0,40,0.0,0,0.0,33
1791385436,8.0,4.0,10.1,7.0,0.5,0.0,523,0,988,237,235,24,88,0,0,4.0,93,15.0,40,0.0,0,1.0,32
1791385437,9.0,8.1,6.4,5.1,0.5,0.0,523,0,1248,237,234,22,88,0,0,3.0,93,14.0,40,0.0,0,2.0,32
1791385438,8.1,6.9,10.1,7.0,0.5,0.0,522,0,760,238,235,24,83,0,0,5.0,93,16.0,40,0.0,0,1.0,32
1791385439,5.0,8.1,7.3,5.1,0.3,0.0,522,0,596,238,235,24,85,0,0,5.0,93,17.0,40,0.0,0,1.0,32
1791385440,5.1,7.1,9.4,3.0,0.5,0.0,522,0,580,236,232,24,85,0,0,4.0,93,14.0,40,0.0,0,0.0,32
1791385441,7.1,6.0,11.1,4.1,24.3,0.0,520,0,600,237,234,21,86,0,0,3.0,93,15.0,40,0.0,0,1.0,32
1791385442,5.0,10.1,9.3,5.0,4.8,0.0,519,0,1392,235,231,23,80,0,0,5.0,93,15.0,40,0.0,0,4.0,34
1791385443,13.0,8.0,6.1,6.1,0.3,0.0,522,0,596,235,232,23,81,0,0,5.0,93,14.0,40,0.0,0,1.0,34
1791385444,7.1,7.1,4.2,5.9,0.5,0.0,523,0,600,238,235,24,83,0,0,4.0,93,16.0,40,0.0,0,1.0,34
1791385445,7.1,8.2,7.1,4.1,0.3,0.0,523,0,536,237,234,22,83,0,0,5.0,93,15.0,40,0.0,0,0.0,32
1791385446,8.9,7.1,5.2,7.1,0.3,0.0,523,0,584,236,233,21,78,0,0,5.0,93,15.0,40,0.0,0,1.0,32
1791385447,4.0,7.1,5.1,9.1,0.8,0.0,523,0,688,236,233,21,79,0,0,5.0,93,15.0,40,0.0,0,0.0,32
1791385448,8.1,8.1,6.3,6.2,0.0,0.0,524,0,928,236,234,23,79,0,0,5.0,93,16.0,40,0.0,0,1.0,32
1791385449,8.0,5.0,3.1,11.1,0.5,0.0,523,0,672,236,235,23,80,0,0,4.0,93,15.0,40,0.0,0,2.0,33
1791385450,7.0,10.0,9.2,9.0,0.5,0.0,521,0,688,236,233,23,74,0,0,14.0,92,15.0,40,0.0,0,0.0,33
1791385451,5.1,5.1,7.1,14.1,0.3,0.0,521,0,616,237,234,23,75,0,0,6.0,92,16.0,40,0.0,0,1.0,33
1791385452,6.9,9.0,4.2,10.0,0.5,0.0,521,0,640,236,233,23,77,0,0,6.0,92,15.0,40,0.0,0,0.0,33
1791385453,5.1,9.0,8.1,4.0,0.5,0.0,521,0,1000,236,232,21,79,0,0,4.0,92,15.0,40,0.0,0,1.0,33
1791385454,6.0,6.1,7.2,5.1,0.5,0.0,521,0,624,236,234,24,76,0,0,5.0,92,13.0,40,0.0,0,1.0,33
1791385455,4.0,8.2,11.1,6.0,0.5,0.0,521,0,648,236,232,23,76,0,0,6.0,93,16.0,40,0.0,0,1.0,33
1791385456,1.0,9.0,9.4,9.2,0.0,0.0,520,0,672,235,232,22,78,0,0,7.0,93,16.0,40,0.0,0,0.0,33
1791385457,7.9,4.0,7.1,11.1,1.0,0.0,520,0,632,241,238,21,79,0,0,4.0,93,16.0,40,0.0,0,1.0,33
1791385458,4.1,2.0,11.2,13.3,0.5,0.0,520,0,1264,236,234,21,72,0,0,5.0,93,15.0,40,0.0,0,2.0,32
1791385459,9.1,1.0,5.2,12.0,0.8,0.0,520,0,632,236,234,21,72,0,0,4.0,93,16.0,40,0.0,0,0.0,32
1791385460,15.0,1.0,7.3,5.2,0.0,0.0,517,0,676,236,232,20,74,0,0,5.0,93,16.0,40,0.0,0,2.0,32
1791385461,7.1,4.0,10.0,7.0,0.5,0.0,518,0,640,235,232,22,74,0,0,4.0,93,16.0,40,0.0,0,0.0,32
1791385462,7.1,2.0,8.2,10.2,0.3,0.0,521,0,664,238,235,23,71,0,0,5.0,93,15.0,40,0.0,0,1.0,32
1791385463,7.0,5.9,4.1,10.1,0.8,0.0,521,0,644,235,232,21,72,0,0,4.0,93,15.0,40,0.0,0,1.0,32
1791385464,6.1,5.1,7.2,10.2,0.3,0.0,516,0,688,235,233,21,73,0,0,4.0,93,15.0,40,0.0,0,1.0,33
1791385465,6.1,6.0,9.0,8.2,0.5,0.0,518,0,640,236,233,22,74,0,0,5.0,93,16.0,40,0.0,0,0.0,33
1791385466,4.0,8.0,6.2,5.9,0.5,0.0,518,0,624,235,231,22,74,0,0,3.0,93,14.0,40,0.0,0,2.0,33
1791385467,10.0,7.0,8.0,4.0,0.8,0.0,519,0,684,238,234,23,72,0,0,6.0,93,15.0,40,0.0,0,0.0,33
1791385468,5.1,2.0,12.5,8.2,0.3,0.0,521,0,732,238,236,24,73,0,0,4.0,93,15.0,40,0.0,0,1.0,33
1791385469,10.9,5.0,4.1,7.2,0.3,0.0,521,0,664,237,234,22,76,0,0,5.0,93,16.0,40,0.0,0,1.0,33
1791385470,8.0,7.1,3.1,8.2,0.3,0.0,520,0,716,236,233,23,78,0,0,6.0,93,15.0,40,0.0,0,1.0,33
1791385471,5.1,5.1,7.2,9.2,0.5,0.0,518,0,648,236,234,23,72,0,0,4.0,93,14.0,40,0.0,0,1.0,33
1791385472,8.1,5.9,9.1,14.3,0.8,0.0,523,0,976,238,236,23,73,0,0,5.0,93,18.0,40,0.0,0,6.0,34
1791385473,6.1,2.0,9.2,10.1,0.3,0.0,524,0,616,239,236,22,73,0,0,3.0,93,15.0,40,0.0,0,0.0,32
1791385474,7.0,5.1,9.1,6.1,0.5,0.0,524,0,704,241,238,22,76,0,0,4.0,93,17.0,40,0.0,0,0.0,32
1791385475,8.8,5.0,6.2,9.1,0.5,0.0,524,0,704,236,232,22,70,0,0,4.0,93,15.0,40,0.0,0,2.0,33
1791385476,4.1,4.0,9.3,10.0,0.3,0.0,519,0,656,237,233,20,71,0,0,5.0,93,14.0,40,0.0,0,1.0,33
1791385477,5.0,4.0,9.2,11.0,1.0,0.0,520,0,1596,237,234,20,73,0,0,4.0,93,17.0,40,0.0,0,1.0,33
1791385478,5.0,4.0,7.3,10.1,0.0,0.0,520,0,648,236,233,21,75,0,0,4.0,93,15.0,40,0.0,0,1.0,33
1791385479,4.0,7.1,9.0,9.2,0.8,0.0,522,0,644,237,235,22,71,0,0,4.0,93,14.0,40,0.0,0,1.0,33
1791385480,6.0,3.0,12.5,10.0,0.5,0.0,522,0,796,239,237,22,72,0,0,4.0,93,19.0,40,0.0,0,0.0,33
1791385481,4.1,4.0,7.2,10.2,0.0,0.0,522,0,668,237,234,22,72,0,0,5.0,93,14.0,40,0.0,0,2.0,33
1791385482,4.0,2.0,10.2,9.2,0.8,0.0,522,0,684,237,234,22,73,0,0,4.0,93,16.0,40,0.0,0,0.0,33
1791385483,5.1,1.0,12.4,9.1,0.3,0.0,520,0,720,237,233,22,72,0,0,4.0,93,16.0,40,0.0,0,1.0,33
1791385484,5.0,5.2,9.2,8.2,0.8,0.0,517,0,680,238,236,23,74,0,0,4.0,93,15.0,40,0.0,0,1.0,33
1791385485,6.1,7.9,8.2,8.0,0.8,0.0,518,0,1660,240,237,23,76,0,0,4.0,93,15.0,40,0.0,0,0.0,33
1791385486,7.0,6.2,5.2,6.2,0.5,0.0,518,0,688,237,234,24,76,0,0,5.0,93,16.0,40,0.0,0,2.0,33
1791385487,5.0,4.0,10.2,6.1,0.5,0.0,518,0,628,237,234,23,72,0,0,5.0,93,15.0,40,0.0,0,0.0,33
1791385488,5.1,2.0,12.2,8.2,0.5,0.0,519,0,628,237,233,23,74,0,0,4.0,93,17.0,40,0.0,0,1.0,33
1791385489,4.0,7.1,11.3,6.1,0.5,0.0,519,0,632,235,232,21,77,0,0,5.0,93,15.0,40,0.0,0,1.0,33
1791385490,5.0,3.1,8.1,13.1,0.3,0.0,521,0,632,234,231,21,78,0,0,4.0,93,16.0,40,0.0,0,1.0,33
1791385491,5.0,5.9,8.2,8.1,0.5,0.0,524,0,632,238,234,20,74,0,0,5.0,93,15.0,40,0.0,0,0.0,33
1791385492,7.0,4.1,12.2,7.1,0.5,0.0,522,0,728,238,235,21,75,0,0,3.0,93,17.0,40,0.0,0,2.0,33
1791385493,6.1,5.9,14.1,5.0,0.3,0.0,522,0,612,237,234,23,74,0,0,5.0,93,17.0,40,0.0,0,0.0,33
1791385494,5.0,1.0,12.2,8.2,0.5,0.0,523,0,600,236,232,23,75,0,0,4.0,93,18.0,40,0.0,0,1.0,33
1791385495,8.9,5.9,9.3,7.1,0.5,0.0,524,0,632,235,231,22,73,0,0,5.0,93,16.0,40,0.0,0,1.0,33
1791385496,5.1,5.0,8.2,6.1,0.8,0.0,519,0,624,237,234,22,76,0,0,4.0,93,14.0,40,0.0,0,1.0,33
1791385497,8.1,7.1,6.2,7.1,0.5,0.0,519,0,1376,237,235,21,77,0,0,4.0,93,14.0,40,0.0,0,1.0,33
1791385498,9.8,6.1,5.2,5.0,0.8,0.0,521,0,644,235,232,24,77,0,0,5.0,93,15.0,40,0.0,0,1.0,33
1791385499,6.0,7.1,9.3,8.0,0.0,0.0,520,0,604,237,234,24,74,0,0,4.0,93,15.0,40,0.0,0,1.0,33
1791385500,1.0,8.1,7.0,9.3,0.8,0.0,520,0,592,235,232,23,76,0,0,5.0,93,16.0,40,0.0,0,1.0,33
1791385501,23.8,23.2,27.8,30.6,0.5,0.0,536,0,1036,237,234,22,78,0,0,5.0,93,14.0,40,0.0,0,79.0,35
1791385502,36.9,38.4,40.0,42.3,1.3,0.0,537,0,756,238,235,20,80,0,0,4.0,93,16.0,40,0.0,0,123.0,40
1791385503,40.0,39.4,32.7,39.4,0.5,0.0,543,0,708,234,231,18,80,0,0,4.0,93,12.0,40,0.0,0,122.0,45
1791385504,37.0,38.1,41.7,34.3,0.3,0.0,535,0,812,234,230,19,82,0,0,3.0,93,14.0,40,0.0,0,125.0,47
1791385505,47.0,34.0,38.8,34.0,0.3,0.0,542,0,680,236,232,24,81,0,0,5.0,93,14.0,40,0.0,0,123.0,53
1791385506,40.0,37.4,34.0,41.4,0.8,0.0,566,0,640,235,232,25,81,0,0,4.0,93,15.0,40,0.0,0,125.0,61
1791385507,42.0,37.8,40.2,35.4,0.3,0.0,562,0,644,237,234,25,78,0,0,4.0,93,13.0,40,0.0,0,124.0,61
1791385508,40.8,39.0,42.9,34.3,0.3,0.0,550,0,1044,236,232,23,79,0,0,4.0,93,13.0,40,0.0,0,123.0,61
1791385509,40.8,34.3,40.0,38.8,0.5,0.0,551,0,632,236,233,23,80,0,0,4.0,93,14.0,40,0.0,0,124.0,62
1791385510,40.0,35.7,38.4,40.8,0.5,0.0,568,0,676,237,234,21,81,0,0,4.0,93,15.0,40,0.0,0,122.0,75
1791385511,40.4,39.6,36.1,36.4,0.5,0.0,573,0,688,236,232,20,80,0,0,4.0,93,15.0,40,0.0,0,123.0,80
1791385512,39.6,42.6,37.1,34.4,0.3,0.0,589,0,680,237,233,22,76,0,0,4.0,93,14.0,40,0.0,0,124.0,90
1791385513,37.4,41.8,37.8,36.2,0.8,0.0,614,0,656,237,233,23,77,0,0,4.0,93,15.0,40,0.0,0,126.0,106
1791385514,25.3,22.9,26.3,27.6,10.1,0.0,604,0,165640,238,234,23,79,0,0,5.0,93,17.0,40,0.0,0,65.0,106
1791385515,10.2,8.9,2.1,6.0,0.8,0.0,600,0,676,238,235,25,80,0,0,4.0,93,14.0,40,0.0,0,1.0,106
1791385516,6.0,7.1,4.0,8.2,0.5,0.0,600,0,688,237,233,23,76,0,0,3.0,93,17.0,40,0.0,0,1.0,106
1791385517,8.1,7.1,4.1,11.2,0.8,0.0,602,0,2460,236,232,24,79,0,0,5.0,93,15.0,40,0.0,0,1.0,106
1791385518,6.1,5.0,6.1,6.1,0.8,0.0,600,0,640,236,233,24,80,0,0,5.0,93,15.0,40,0.0,0,0.0,106
1791385519,11.9,5.1,9.3,2.0,0.3,0.0,600,0,756,238,234,21,82,0,0,4.0,93,16.0,40,0.0,0,1.0,106
1791385520,12.1,5.9,11.2,2.0,0.3,0.0,600,0,684,238,234,21,77,0,0,4.0,93,16.0,40,0.0,0,0.0,106
1791385521,11.1,5.1,9.3,2.0,0.3,0.0,600,0,684,236,232,21,79,0,0,4.0,93,14.0,40,0.0,0,2.0,106
1791385522,8.9,7.1,8.2,2.0,0.8,0.0,600,0,676,238,235,21,80,0,0,4.0,93,15.0,40,0.0,0,0.0,106
1791385523,5.1,9.0,9.2,4.0,0.3,0.0,600,0,648,235,231,21,81,0,0,5.0,93,17.0,40,0.0,0,1.0,106
1791385524,10.0,9.1,6.2,1.0,0.8,0.0,601,0,740,237,234,21,78,0,0,4.0,93,16.0,40,0.0,0,0.0,106
1791385525,11.2,5.0,7.2,8.0,0.5,0.0,601,0,616,239,237,21,80,0,0,4.0,93,17.0,40,0.0,0,1.0,106
1791385526,13.0,4.0,9.3,7.1,0.5,0.0,602,0,620,241,239,23,81,0,0,6.0,93,17.0,40,0.0,0,0.0,106
1791385527,12.2,5.0,6.2,2.0,0.3,0.0,602,0,668,237,234,22,83,0,0,4.0,93,15.0,40,0.0,0,2.0,106
1791385528,5.9,4.0,13.4,6.1,0.5,0.0,602,0,688,239,236,21,79,0,0,5.0,93,17.0,40,0.0,0,0.0,107
1791385529,11.1,5.0,8.2,2.0,0.5,0.0,600,0,728,237,234,20,80,0,0,4.0,93,17.0,40,0.0,0,2.0,107
1791385530,8.1,5.1,6.2,7.1,0.5,0.0,601,0,724,237,233,21,81,0,0,4.0,93,15.0,40,0.0,0,0.0,107
1791385531,6.0,10.1,9.1,10.2,0.8,0.0,606,0,1000,238,236,22,84,0,0,5.0,93,18.0,40,0.0,0,6.0,112
1791385532,2.0,7.0,8.3,9.1,0.5,0.0,604,0,616,239,235,24,78,0,0,4.0,93,16.0,40,0.0,0,0.0,113
1791385533,7.8,10.0,7.1,8.2,0.3,0.0,604,0,624,236,235,23,79,0,0,4.0,93,17.0,40,0.0,0,1.0,113
1791385534,14.3,5.0,4.2,2.0,0.5,0.0,604,0,672,237,234,23,80,0,0,5.0,93,15.0,40,0.0,0,2.0,113
1791385535,11.1,3.1,10.4,1.0,0.5,0.0,606,0,664,236,232,23,80,0,0,4.0,93,16.0,40,0.0,0,0.0,114
1791385536,8.2,5.0,10.3,2.0,0.3,0.0,605,0,792,236,233,21,77,0,0,4.0,93,16.0,40,0.0,0,0.0,114
1791385537,9.0,5.2,10.2,6.1,0.8,0.0,606,0,1480,238,235,23,78,0,0,5.0,93,15.0,40,0.0,0,3.0,115
1791385538,8.1,4.0,4.1,8.0,0.8,0.0,606,0,672,236,233,21,81,0,0,4.0,93,16.0,40,0.0,0,0.0,115
1791385539,10.1,8.1,6.2,2.1,0.0,0.0,608,0,976,236,234,20,83,0,0,4.0,93,18.0,40,0.0,0,1.0,116
1791385540,9.9,7.1,13.3,3.0,0.8,0.0,610,0,676,237,233,21,78,0,0,5.0,93,17.0,40,0.0,0,1.0,116
1791385541,9.2,7.0,11.3,1.0,0.3,0.0,603,0,724,236,233,22,79,0,0,5.0,93,13.0,40,0.0,0,1.0,117
1791385542,9.0,7.1,10.3,2.0,0.5,0.0,605,0,600,238,235,24,81,0,0,5.0,93,20.0,40,0.0,0,0.0,117
1791385543,11.0,6.0,8.1,5.1,0.5,0.0,605,0,620,238,234,23,81,0,0,5.0,93,13.0,40,0.0,0,1.0,117
1791385544,7.0,4.0,7.3,10.2,0.0,0.0,604,0,712,239,236,22,76,0,0,4.0,93,17.0,40,0.0,0,1.0,118
1791385545,4.0,5.1,8.2,9.9,1.0,0.0,604,0,656,239,236,22,77,0,0,5.0,93,16.0,40,0.0,0,1.0,118
1791385546,9.9,4.0,4.2,9.4,0.3,0.0,605,0,820,236,233,23,79,0,0,4.0,93,17.0,40,0.0,0,0.0,119
1791385547,5.0,8.0,9.2,7.1,0.5,0.0,606,0,672,238,234,21,82,0,0,5.0,93,18.0,40,0.0,0,1.0,119
1791385548,5.9,11.0,10.3,7.1,0.5,0.0,608,0,1736,239,236,22,81,0,0,4.0,93,16.0,40,0.0,0,1.0,120
1791385549,7.0,4.0,9.2,7.0,0.8,0.0,609,0,640,237,234,24,82,0,0,5.0,93,15.0,40,0.0,0,1.0,120
1791385550,8.0,7.1,5.1,8.2,0.3,0.0,609,0,652,236,234,23,84,0,0,4.0,93,15.0,40,0.0,0,0.0,120
1791385551,6.1,7.1,4.2,7.1,0.3,0.0,609,0,660,237,235,21,85,0,0,5.0,93,20.0,40,0.0,0,1.0,121
1791385552,8.0,6.0,5.2,6.1,0.8,0.0,609,0,748,237,234,19,87,0,0,4.0,93,15.0,40,0.0,0,1.0,121
1791385553,8.1,8.1,17.3,7.1,0.5,0.0,607,0,632,239,237,21,84,0,0,12.0,93,16.0,40,0.0,0,1.0,122
1791385554,8.1,8.9,10.4,5.0,0.3,0.0,608,0,624,237,235,21,85,0,0,6.0,93,17.0,40,0.0,0,0.0,122
1791385555,4.0,5.1,8.1,7.1,0.5,0.0,608,0,640,238,235,21,86,0,0,4.0,93,14.0,40,0.0,0,0.0,122
1791385556,5.1,5.1,8.2,10.0,0.8,0.0,609,0,624,237,235,21,87,0,0,5.0,93,17.0,40,0.0,0,2.0,122
1791385557,4.0,7.1,5.2,11.1,0.8,0.0,610,0,1412,235,232,21,83,0,0,4.0,93,15.0,40,0.0,0,2.0,123
1791385558,4.0,5.1,9.2,6.1,0.5,0.0,609,0,768,235,232,20,84,0,0,4.0,93,17.0,40,0.0,0,0.0,124
1791385559,9.0,8.0,9.4,7.0,0.3,0.0,612,0,716,238,235,23,85,0,0,4.0,93,17.0,40,0.0,0,2.0,124
1791385560,10.1,5.1,4.1,6.1,0.8,0.0,614,0,644,237,233,24,86,0,0,4.0,93,14.0,40,0.0,0,0.0,125
1791385561,11.9,9.0,7.2,7.1,0.8,0.0,619,0,1092,236,233,21,87,0,0,4.0,93,16.0,40,0.0,0,6.0,130
1791385562,12.9,3.0,13.1,3.1,0.3,0.0,620,0,712,237,234,21,88,0,0,5.0,93,16.0,40,0.0,0,1.0,130
1791385563,8.1,7.1,8.2,4.0,0.5,0.0,616,0,720,235,233,20,88,0,0,3.0,93,16.0,40,0.0,0,1.0,131
1791385564,10.0,5.1,4.0,5.0,0.8,0.0,617,0,668,234,231,22,88,0,0,5.0,93,13.0,40,0.0,0,0.0,131
1791385565,11.2,7.1,4.2,5.1,0.3,0.0,620,0,648,238,236,24,82,0,0,4.0,93,17.0,40,0.0,0,1.0,131
1791385566,9.9,7.9,3.1,7.2,0.3,0.0,618,0,684,236,232,21,84,0,0,4.0,94,17.0,40,0.0,0,1.0,131
1791385567,12.1,8.2,6.1,3.0,0.5,0.0,620,0,672,237,235,21,84,0,0,5.0,94,16.0,40,0.0,0,0.0,132
1791385568,4.0,9.1,7.2,7.1,0.3,0.0,618,0,704,236,234,21,85,0,0,4.0,94,14.0,40,0.0,0,2.0,132
1791385569,6.1,9.0,9.3,2.0,0.5,0.0,618,0,1668,236,233,22,84,0,0,5.0,94,16.0,40,0.0,0,1.0,133
1791385570,6.1,8.2,6.1,5.1,0.5,0.0,620,0,688,237,233,24,85,0,0,3.0,94,17.0,40,0.0,0,0.0,133
1791385571,5.0,9.2,6.1,6.0,0.8,0.0,620,0,604,236,232,24,86,0,0,4.0,94,14.0,40,0.0,0,0.0,133
1791385572,9.0,6.1,6.2,5.2,0.3,0.0,621,0,596,236,233,21,87,0,0,4.0,94,16.0,40,0.0,0,2.0,133
1791385573,4.0,6.0,11.1,10.0,0.5,0.0,572,0,620,237,234,19,86,0,0,4.0,94,14.0,40,0.0,0,2.0,33
1791385574,6.0,5.0,13.1,9.2,0.5,0.0,555,0,788,236,233,20,86,0,0,4.0,94,18.0,40,0.0,0,1.0,33
1791385575,5.9,7.1,8.3,9.0,0.8,0.0,555,0,620,239,238,21,88,0,0,5.0,94,16.0,40,0.0,0,1.0,33
1791385576,7.1,7.1,8.1,7.1,0.0,0.0,555,0,700,239,236,19,90,0,0,3.0,94,17.0,40,0.0,0,2.0,33
1791385577,7.0,7.1,4.2,6.2,0.8,0.0,555,0,1468,237,235,21,86,0,0,4.0,94,16.0,40,0.0,0,1.0,33
1791385578,5.0,9.0,9.2,8.0,0.5,0.0,555,0,612,236,233,21,86,0,0,4.0,94,17.0,40,0.0,0,0.0,33
1791385579,4.0,5.1,4.2,11.1,0.3,0.0,551,0,640,237,235,20,88,0,0,4.0,94,16.0,40,0.0,0,1.0,33
1791385580,5.1,7.1,8.2,7.0,0.8,0.0,554,0,1200,237,234,21,89,0,0,5.0,94,15.0,40,0.0,0,1.0,33
1791385581,4.1,12.0,6.3,6.1,0.5,0.0,555,0,604,240,238,21,82,0,0,4.0,94,17.0,40,0.0,0,1.0,33
1791385582,4.0,9.1,6.0,8.2,0.5,0.0,555,0,672,236,233,21,84,0,0,4.0,94,16.0,40,0.0,0,1.0,33
1791385583,2.0,7.1,11.5,8.0,0.3,0.0,555,0,664,237,235,18,87,0,0,4.0,94,16.0,40,0.0,0,1.0,33
1791385584,3.0,10.2,9.2,5.1,0.8,0.0,554,0,692,237,235,21,87,0,0,4.0,94,16.0,40,0.0,0,1.0,33
1791385585,8.0,12.0,4.1,2.1,0.5,0.0,554,0,700,237,233,21,87,0,0,4.0,94,16.0,40,0.0,0,0.0,33
1791385586,3.0,9.2,8.3,9.9,0.8,0.0,547,0,684,238,235,21,88,0,0,5.0,94,17.0,40,0.0,0,2.0,33
1791385587,4.0,9.2,5.2,8.1,0.3,0.0,547,0,640,238,236,23,88,0,0,4.0,94,14.0,40,0.0,0,0.0,33
1791385588,3.0,8.2,9.2,7.1,0.3,0.0,547,0,628,236,233,25,89,0,0,4.0,94,17.0,40,0.0,0,2.0,33
1791385589,5.9,11.0,5.2,5.1,1.3,0.0,548,0,740,237,235,23,85,0,0,3.0,94,15.0,40,0.0,0,1.0,33
1791385590,4.1,5.1,15.3,7.1,0.0,0.0,542,0,764,236,234,22,86,0,0,5.0,94,16.0,40,0.0,0,1.0,33
1791385591,6.0,11.1,9.3,6.1,0.5,0.0,541,0,1064,237,234,19,89,0,0,4.0,94,17.0,40,0.0,0,5.0,34
1791385592,5.9,6.0,12.2,7.0,1.0,0.0,544,0,1176,237,235,23,90,0,0,4.0,94,16.0,40,0.0,0,1.0,33
1791385593,3.0,8.2,13.3,2.0,0.5,0.0,543,0,692,236,232,25,83,0,0,4.0,94,15.0,40,0.0,0,1.0,33
1791385594,6.0,7.1,7.2,4.1,0.5,0.0,543,0,752,237,233,24,84,0,0,4.0,94,15.0,40,0.0,0,1.0,33
1791385595,4.0,9.0,10.2,2.0,0.5,0.0,543,0,616,235,232,22,87,0,0,3.0,94,15.0,40,0.0,0,1.0,33
1791385596,3.0,8.1,13.4,4.0,0.3,0.0,543,0,692,236,232,21,88,0,0,4.0,94,15.0,40,0.0,0,1.0,33
1791385597,2.0,5.0,4.0,1.0,0.8,0.0,528,0,1356,42,42,21,88,0,0,2.0,94,3.0,40,0.0,0,1.0,33
1791385598,0.0,0.0,4.0,0.0,0.3,0.0,528,0,296,0,0,21,83,0,0,0.0,94,0.0,40,0.0,0,1.0,33
1791385599,1.0,1.0,4.0,3.0,0.2,0.0,530,0,168,0,0,18,85,0,0,0.0,94,0.0,40,0.0,0,0.0,33
1791385600,0.0,0.0,4.0,0.0,0.5,0.0,526,0,508,0,0,11,88,0,0,0.0,94,0.0,40,0.0,0,0.0,33
1791385601,0.0,0.0,3.0,0.0,0.3,0.0,524,0,172,2,2,6,90,0,0,0.0,94,0.0,40,0.0,0,0.0,33
1791385602,0.0,1.0,3.0,2.0,0.5,0.0,524,0,240,1,0,7,81,0,0,0.0,94,0.0,40,0.0,0,1.0,33
1791385603,1.0,2.0,3.0,3.0,0.2,0.0,527,0,176,5,5,8,81,0,0,1.0,94,0.0,40,0.0,0,0.0,33
1791385604,2.0,29.0,5.0,2.0,1.0,0.0,561,0,276,2,1,8,81,0,0,0.0,94,0.0,40,0.0,0,1.0,33
