window_start,req_per_s,p50_ms,p95_ms,p99_ms,error_pct,wrong_redirects,statuses,load_cpu_pct,create_p99_ms,redirect_p99_ms,sfp-app_cpu_avg_pct,sfp-app_cpu_top_core_pct,sfp-app_mem_mb,sfp-app_node_cpu_pct,sfp-app_nginx_cpu_pct,sfp-app_litestream_cpu_pct,sfp-app_steal_pct,sfp-app_accept_queue_max,sfp-app_turned_away,valid
1791239010,764.4,5.9,11.6,74.9,0.0,0,201:111 301:7533,57.0,4443.7,21.0,80.0,92.0,1374,34.0,89.0,226.0,0.0,0,0,SATURATED: 40 requests not sent
1791239020,1020.0,5.7,8.5,23.9,0.0,0,201:200 301:10000,28.0,210.2,10.3,63.0,71.0,1213,34.0,119.0,113.0,0.0,1,0,ok
1791239030,1019.9,5.9,8.9,25.8,0.0,0,201:200 301:9999,30.0,44.6,10.5,43.0,50.0,1109,26.0,123.0,12.0,0.0,0,0,ok
1791239040,1020.1,5.8,8.9,26.1,0.0,0,201:200 301:10001,28.0,49.2,11.4,47.0,54.0,1096,26.0,123.0,22.0,0.0,1,0,ok
1791239050,1019.8,5.8,8.7,27.9,0.0,0,201:200 301:9998,33.0,52.9,10.3,49.0,55.0,604,25.0,124.0,32.0,0.0,0,0,ok
1791239060,1020.3,5.8,9.1,28.9,0.0,0,201:200 301:10003,33.0,83.3,11.0,52.0,60.0,584,26.0,132.0,26.0,0.0,1,0,ok
1791239070,1020.0,5.7,9.0,31.3,0.0,0,201:200 301:10000,30.0,934.0,11.9,49.0,55.0,590,30.0,121.0,34.0,0.0,1,0,ok
1791239080,1019.8,5.6,9.2,31.4,0.0,0,201:198 301:10000,31.0,78.7,12.9,49.0,57.0,592,25.0,120.0,33.0,0.0,0,0,ok
1791239090,1020.0,5.8,9.6,33.2,0.0,0,201:202 301:9998,33.0,101.2,14.0,53.0,63.0,595,25.0,131.0,40.0,0.0,1,0,ok
1791239100,1020.0,5.4,9.0,31.7,0.0,0,201:199 301:10001,33.0,96.8,12.4,65.0,77.0,648,23.0,107.0,130.0,0.0,0,0,ok
1791239110,1019.2,5.6,9.1,31.5,0.0,0,201:192 301:10000,35.0,100.7,11.7,63.0,74.0,700,22.0,95.0,131.0,0.0,2,0,ok
1791239120,1020.9,5.5,9.5,33.5,0.0,0,201:208 301:10001,35.0,932.0,12.9,64.0,75.0,708,21.0,93.0,132.0,0.0,1,0,ok
1791239130,1018.0,5.5,9.0,33.4,0.0,0,201:180 301:10000,38.0,113.9,12.1,66.0,78.0,815,23.0,95.0,139.0,0.0,1,0,ok
1791239140,1021.9,5.4,10.6,38.6,0.0,0,201:220 301:9999,36.0,1346.0,15.5,65.0,75.0,813,21.0,91.0,133.0,0.0,1,0,ok
1791239150,1019.9,5.5,9.9,35.5,0.0,0,201:199 301:10000,35.0,817.6,14.3,64.0,74.0,843,22.0,93.0,136.0,0.0,0,0,ok
1791239160,1020.0,5.6,11.2,36.6,0.0,0,201:200 301:10000,38.0,159.8,17.2,73.0,80.0,1045,23.0,95.0,154.0,0.0,0,0,ok
1791239170,1016.9,5.6,10.1,36.9,0.0,0,201:200 301:9969,40.0,1235.5,14.5,65.0,76.0,1053,22.0,92.0,140.0,0.0,0,0,ok
1791239180,1019.8,5.6,10.4,38.4,0.0,0,201:200 301:9998,40.0,127.1,19.0,66.0,77.0,1056,22.0,94.0,140.0,0.0,1,0,ok
1791239190,1023.4,5.5,11.6,39.2,0.0,0,201:201 301:10033,39.0,129.9,20.9,70.0,78.0,1057,22.0,91.0,156.0,0.0,1,0,ok
1791239200,1020.1,5.6,11.6,41.8,0.0,0,201:200 301:10001,41.0,1357.7,26.4,69.0,76.0,1363,22.0,96.0,145.0,0.0,1,0,ok
1791239210,1019.9,5.8,10.4,44.3,0.0,0,201:200 301:9999,41.0,130.1,19.2,65.0,74.0,1247,24.0,113.0,145.0,0.0,1,0,ok
1791239220,1020.0,5.6,11.8,43.5,0.0,0,201:200 301:10000,42.0,128.7,21.6,56.0,64.0,641,24.0,112.0,83.0,0.0,1,0,ok
1791239230,1020.0,5.7,10.6,48.7,0.0,0,201:200 301:10000,44.0,150.7,21.7,57.0,66.0,622,25.0,114.0,72.0,0.0,1,0,ok
1791239240,1019.2,5.6,12.0,50.0,0.0,0,201:199 301:9993,42.0,148.9,32.6,56.0,66.0,619,24.0,114.0,72.0,0.0,1,0,ok
1791239250,1020.7,5.8,11.0,48.3,0.0,0,201:201 301:10006,45.0,168.6,16.7,58.0,64.0,624,24.0,116.0,95.0,0.0,0,0,ok
1791239260,1020.1,5.8,12.3,53.3,0.0,0,201:200 301:10001,45.0,146.8,27.2,59.0,64.0,641,25.0,114.0,84.0,0.0,0,0,ok
1791239270,1019.9,5.7,11.7,51.7,0.0,0,201:200 301:9999,46.0,176.1,20.5,56.0,62.0,653,23.0,111.0,79.0,0.0,1,0,ok
1791239280,1020.2,5.5,10.1,54.1,0.0,0,201:200 301:10002,46.0,155.7,32.8,58.0,64.0,650,23.0,110.0,103.0,0.0,1,0,ok
1791239290,1020.0,5.6,10.0,50.4,0.0,0,201:200 301:10000,47.0,151.7,15.8,58.0,64.0,659,23.0,114.0,85.0,0.0,1,0,ok
1791239300,1019.7,5.6,10.1,54.6,0.0,0,201:200 301:9997,45.0,183.5,15.3,57.0,63.0,659,23.0,106.0,85.0,0.0,1,0,ok
1791239310,1020.3,5.7,11.6,56.4,0.0,0,201:200 301:10003,48.0,165.5,21.5,62.0,68.0,653,23.0,106.0,115.0,0.0,0,0,ok
1791239320,1019.7,5.8,10.8,55.3,0.0,0,201:200 301:9997,40.0,171.3,16.4,60.0,65.0,647,24.0,111.0,91.0,0.0,1,0,ok
1791239330,1020.2,5.7,10.9,58.6,0.0,0,201:200 301:10002,51.0,180.8,18.5,59.0,67.0,657,23.0,110.0,95.0,0.0,1,0,ok
1791239340,1020.1,5.5,10.4,52.2,0.0,0,201:200 301:10001,50.0,148.4,17.4,61.0,68.0,657,22.0,108.0,119.0,0.0,1,0,ok
1791239350,1019.9,5.6,10.4,54.4,0.0,0,201:200 301:9999,50.0,176.6,14.3,61.0,67.0,653,23.0,110.0,95.0,0.0,0,0,ok
1791239360,1020.0,5.7,12.4,58.4,0.0,0,201:200 301:10000,50.0,165.1,24.0,60.0,66.0,651,29.0,107.0,94.0,0.0,1,0,ok
1791239370,251.8,5.6,12.1,57.3,0.0,0,201:50 301:2468,52.0,179.1,17.0,67.0,71.0,602,23.0,105.0,127.0,0.0,1,0,ok
