server,type,role,created_utc,deleted_utc,hours_billed,eur,reason
sfp-smoke,cx23,smoke,2026-10-03T16:42:39Z,2026-10-03T16:43:43Z,1,0.0088,watchdog
sfp-load,cpx62,load,2026-10-03T16:49:19Z,2026-10-03T17:00:28Z,1,0.2083,calib-01-done
sfp-load,cpx42,load,2026-10-03T17:50:37Z,2026-10-03T19:26:37Z,2,0.2228,break
sfp-load,cpx42,load,2026-10-04T10:14:15Z,2026-10-04T11:45:13Z,2,0.2228,stage-02-tests-done
sfp-load,cpx42,load,2026-10-04T14:13:48Z,2026-10-04T14:32:09Z,1,0.1114,e04-discussion
sfp-load,cpx42,load,2026-10-04T14:53:28Z,2026-10-04T16:09:18Z,2,0.2228,stage-03-tests-done
sfp-stage0,cx23,system,2026-10-03T16:48:15Z,2026-10-04T16:09:29Z,24,0.2112,replaced-by-stage-3
sfp-load,cpx42,load,2026-10-04T17:25:53Z,2026-10-04T17:46:34Z,1,0.1114,e05-attempt-1-done
sfp-load,cpx42,load,2026-10-04T21:19:06Z,2026-10-04T23:03:54Z,2,0.2228,stage-04-tests-done
