ts,cpu0_busy_pct,cpu1_busy_pct,cpu_iowait_pct,cpu_steal_pct,mem_used_mb,disk_read_kbps,disk_write_kbps,net_rx_kbps,net_tx_kbps,tcp_inuse,tcp_timewait,accept_queue_443,turned_away,node_cpu_pct,node_rss_mb,nginx_cpu_pct,nginx_rss_mb,k6_cpu_pct,k6_rss_mb
1791216213,5.9,5.0,1.0,0.0,438,0,256,51,51,13,24,0,0,2.0,91,5.0,24,0.0,0
1791216214,7.1,5.0,1.5,0.0,438,0,236,49,50,14,25,0,0,3.0,91,6.0,24,0.0,0
1791216215,6.1,3.1,2.0,0.0,438,0,248,49,48,13,26,0,0,2.0,91,3.0,24,0.0,0
1791216216,8.0,4.0,1.0,0.0,439,0,228,48,48,11,28,0,0,3.0,91,4.0,24,0.0,0
1791216217,7.1,6.0,1.0,0.0,439,0,236,50,50,10,30,0,0,2.0,91,6.0,24,0.0,0
1791216218,6.1,6.0,1.5,0.0,439,0,228,50,50,10,31,0,0,3.0,91,4.0,24,0.0,0
1791216219,5.1,4.0,1.0,0.0,438,0,224,48,48,9,32,0,0,2.0,91,3.0,24,0.0,0
1791216220,6.1,7.0,1.0,0.0,438,0,13492,49,48,9,33,0,0,3.0,91,6.0,24,0.0,0
1791216221,5.1,3.1,0.5,0.0,439,0,236,48,48,11,34,0,0,1.0,91,3.0,24,0.0,0
1791216222,8.0,3.0,1.5,0.0,438,0,268,48,48,13,34,0,0,3.0,91,4.0,24,0.0,0
1791216223,6.2,3.1,1.5,0.0,439,0,224,48,48,13,35,0,0,3.0,91,4.0,24,0.0,0
1791216224,7.1,4.0,0.5,0.0,439,0,240,48,48,13,36,0,0,3.0,91,3.0,24,0.0,0
1791216225,6.1,4.0,1.5,0.0,439,0,244,49,48,11,37,0,0,2.0,91,6.0,24,0.0,0
1791216226,6.1,4.0,1.0,0.0,439,0,236,48,48,11,37,0,0,2.0,91,4.0,24,0.0,0
1791216227,4.0,3.0,1.5,0.0,438,0,264,49,48,9,39,0,0,2.0,91,3.0,24,0.0,0
1791216228,5.1,6.1,0.5,0.0,439,0,228,49,48,9,40,0,0,3.0,91,4.0,24,0.0,0
1791216229,5.1,5.0,1.0,0.0,438,0,240,48,48,9,40,0,0,1.0,91,5.0,24,0.0,0
1791216230,6.1,2.0,1.5,0.0,438,0,268,49,48,9,41,0,0,3.0,91,2.0,24,0.0,0
1791216231,7.0,4.0,1.0,0.0,438,0,296,49,48,11,42,0,0,1.0,91,6.0,24,0.0,0
1791216232,6.1,3.0,0.5,0.0,439,0,436,48,48,11,43,0,0,2.0,91,2.0,24,0.0,0
1791216233,6.0,2.0,1.5,0.0,438,0,228,48,48,11,44,0,0,2.0,91,5.0,24,0.0,0
1791216234,5.1,4.0,0.5,0.0,438,0,296,48,48,11,45,0,0,1.0,91,4.0,24,0.0,0
1791216235,5.1,4.0,1.5,0.0,438,0,220,49,48,13,46,0,0,2.0,91,4.0,24,0.0,0
1791216236,6.0,4.0,1.0,0.0,439,0,248,48,48,13,47,0,0,2.0,92,4.0,24,0.0,0
1791216237,5.1,2.0,1.5,0.0,439,0,232,48,48,13,47,0,0,2.0,92,4.0,24,0.0,0
1791216238,7.0,4.0,0.5,0.0,438,0,248,49,48,11,49,0,0,1.0,92,4.0,24,0.0,0
1791216239,5.1,4.0,1.5,0.0,439,0,252,49,48,11,50,0,0,2.0,92,3.0,24,0.0,0
1791216240,5.1,3.1,0.5,0.0,439,0,260,49,48,13,50,0,0,2.0,92,4.0,24,0.0,0
1791216241,7.0,5.0,2.0,0.0,439,0,396,50,50,13,51,0,0,2.0,92,6.0,24,0.0,0
1791216242,4.1,6.9,1.5,0.0,439,0,1096,48,48,11,53,0,0,2.0,94,4.0,24,0.0,0
1791216243,6.0,2.1,1.0,0.0,439,0,288,50,50,13,54,0,0,1.0,94,3.0,24,0.0,0
1791216244,8.0,3.0,1.0,0.0,439,0,232,50,50,11,56,0,0,3.0,94,5.0,24,0.0,0
1791216245,5.1,4.0,1.5,0.0,439,0,256,49,50,12,57,0,0,2.0,94,4.0,24,0.0,0
1791216246,3.1,5.1,1.0,0.0,439,0,276,49,48,11,58,0,0,2.0,94,4.0,24,0.0,0
1791216247,6.1,6.9,1.0,0.0,439,0,244,49,48,9,60,0,0,2.0,94,4.0,24,0.0,0
1791216248,6.1,4.1,1.0,0.0,439,0,280,49,48,11,61,0,0,1.0,94,6.0,24,0.0,0
1791216249,4.1,4.0,1.5,0.0,439,0,224,48,48,11,62,0,0,1.0,94,3.0,24,0.0,0
1791216250,7.9,4.0,1.5,0.0,439,0,248,48,48,11,63,0,0,3.0,94,4.0,24,0.0,0
1791216251,4.1,4.1,0.5,0.0,439,0,248,48,48,11,64,0,0,1.0,94,3.0,24,0.0,0
1791216252,5.0,5.0,1.5,0.0,439,0,244,48,48,11,65,0,0,1.0,94,5.0,24,0.0,0
1791216253,8.0,3.1,0.5,0.0,439,0,280,50,50,11,66,0,0,2.0,94,5.0,24,0.0,0
1791216254,5.1,2.0,1.5,0.0,439,0,236,48,48,13,67,0,0,1.0,94,2.0,24,0.0,0
1791216255,5.1,4.0,1.5,0.0,439,0,256,49,48,13,68,0,0,3.0,94,4.0,24,0.0,0
1791216256,5.1,5.1,0.5,0.0,439,0,248,48,48,11,70,0,0,1.0,94,5.0,24,0.0,0
1791216257,5.1,5.0,1.0,0.0,439,0,256,48,48,11,71,0,0,3.0,94,4.0,24,0.0,0
1791216258,4.0,5.1,2.5,0.0,439,0,512,49,48,11,73,0,0,1.0,94,3.0,24,0.0,0
1791216259,5.1,4.0,1.5,0.0,439,0,224,49,48,11,74,0,0,2.0,94,5.0,24,0.0,0
1791216260,6.1,3.0,1.5,0.0,439,0,228,48,48,11,75,0,0,1.0,94,4.0,24,0.0,0
1791216261,7.0,3.0,1.0,0.0,439,0,244,48,48,11,75,0,0,1.0,94,5.0,24,0.0,0
1791216262,5.1,2.0,3.0,0.0,439,0,232,49,48,11,75,0,0,3.0,94,3.0,24,0.0,0
1791216263,7.1,2.1,0.5,0.0,439,0,312,48,47,11,76,0,0,1.0,94,4.0,24,0.0,0
1791216264,3.1,5.9,3.0,0.0,439,0,232,49,50,12,77,0,0,1.0,94,4.0,24,0.0,0
1791216265,7.0,3.0,4.0,0.0,439,0,224,49,48,9,79,0,0,3.0,94,4.0,24,0.0,0
1791216266,6.1,5.1,1.0,0.0,439,0,236,50,50,9,73,0,0,1.0,94,6.0,24,0.0,0
1791216267,7.1,3.0,1.5,0.0,439,0,212,51,52,10,74,0,0,2.0,94,3.0,24,0.0,0
1791216268,6.1,3.1,0.5,0.0,439,0,244,48,48,12,75,0,0,1.0,94,5.0,24,0.0,0
1791216269,6.0,3.0,2.0,0.0,439,0,224,48,48,12,76,0,0,1.0,94,2.0,24,0.0,0
1791216270,5.1,4.0,1.5,0.0,439,0,232,49,48,14,67,0,0,3.0,94,5.0,24,0.0,0
1791216271,6.1,4.0,3.0,0.0,439,0,344,48,47,14,68,0,0,2.0,94,3.0,24,0.0,0
1791216272,6.2,3.0,1.0,0.0,439,0,212,49,48,12,70,0,0,2.0,94,5.0,24,0.0,0
1791216273,5.0,5.0,1.0,0.0,439,0,216,48,48,12,71,0,0,1.0,94,3.0,24,0.0,0
1791216274,5.9,3.0,1.5,0.0,439,0,232,49,48,10,68,0,0,2.0,94,5.0,24,0.0,0
1791216275,6.1,4.0,1.0,0.0,439,0,280,49,48,10,69,0,0,2.0,94,3.0,24,0.0,0
1791216276,4.1,3.0,2.5,0.0,439,0,360,49,48,9,70,0,0,1.0,94,4.0,24,0.0,0
1791216277,5.1,2.1,1.0,0.0,439,0,228,49,48,9,71,0,0,2.0,94,4.0,24,0.0,0
1791216278,7.0,4.0,1.5,0.0,439,0,228,48,48,9,66,0,0,1.0,94,5.0,24,0.0,0
1791216279,7.1,3.1,1.0,0.0,439,0,232,49,48,11,67,0,0,3.0,94,4.0,24,0.0,0
1791216280,5.1,4.0,1.0,0.0,439,0,216,48,48,13,68,0,0,2.0,94,4.0,24,0.0,0
1791216281,8.0,2.0,2.0,0.0,439,0,216,48,48,14,69,0,0,2.0,94,5.0,24,0.0,0
1791216282,5.1,4.0,1.0,0.0,439,0,260,48,48,13,66,0,0,1.0,94,4.0,24,0.0,0
1791216283,4.1,3.1,1.5,0.0,439,0,220,48,48,13,67,0,0,2.0,94,4.0,24,0.0,0
1791216284,5.1,4.0,0.5,0.0,439,0,252,48,47,12,69,0,0,1.0,94,4.0,24,0.0,0
1791216285,5.0,7.1,1.5,0.0,439,0,204,49,48,11,70,0,0,2.0,94,5.0,24,0.0,0
1791216286,3.1,7.9,1.0,0.0,439,0,224,48,48,11,67,0,0,1.0,94,5.0,24,0.0,0
1791216287,3.0,5.1,1.0,0.0,439,0,224,47,46,10,68,0,0,2.0,94,4.0,24,0.0,0
1791216288,5.1,5.9,1.0,0.0,439,0,248,50,49,9,69,0,0,1.0,94,3.0,24,0.0,0
1791216289,5.2,3.0,1.0,0.0,438,0,248,49,48,9,70,0,0,2.0,94,5.0,24,0.0,0
1791216290,7.0,3.0,1.5,0.0,439,0,236,48,48,9,67,0,0,1.0,94,3.0,24,0.0,0
1791216291,5.0,3.1,1.0,0.0,439,0,240,48,48,9,68,0,0,2.0,94,4.0,24,0.0,0
1791216292,4.0,6.0,2.0,0.0,439,0,216,50,50,12,68,0,0,1.0,94,4.0,24,0.0,0
1791216293,4.1,5.1,1.5,0.0,439,0,288,48,47,11,69,0,0,2.0,94,4.0,24,0.0,0
1791216294,5.0,5.1,1.0,0.0,439,0,316,48,48,11,66,0,0,2.0,94,5.0,24,0.0,0
1791216295,2.0,5.1,1.0,0.0,439,0,316,48,48,12,67,0,0,1.0,94,3.0,24,0.0,0
1791216296,4.1,6.0,1.0,0.0,439,0,224,50,49,12,67,0,0,2.0,94,4.0,24,0.0,0
1791216297,4.0,7.0,1.0,0.0,439,0,236,49,48,14,68,0,0,1.0,94,4.0,24,0.0,0
1791216298,4.0,6.1,0.5,0.0,439,0,232,49,48,13,64,0,0,3.0,94,4.0,24,0.0,0
1791216299,5.1,7.8,1.5,0.0,439,0,324,49,48,13,65,0,0,1.0,94,5.0,24,0.0,0
1791216300,4.1,5.2,1.0,0.0,439,0,224,49,49,14,66,0,0,2.0,94,4.0,24,0.0,0
1791216301,6.1,6.1,2.0,0.0,439,0,608,49,48,14,67,0,0,2.0,94,4.0,24,0.0,0
1791216302,4.0,6.0,1.5,0.0,439,0,216,49,49,12,69,0,0,1.0,94,5.0,24,0.0,0
1791216303,4.0,8.9,1.5,0.0,441,8,260,48,48,10,67,0,0,3.0,94,3.0,24,0.0,0
1791216304,6.0,5.2,0.5,0.0,441,0,252,49,49,11,68,0,0,1.0,94,5.0,24,0.0,0
1791216305,3.1,5.0,1.0,0.0,441,0,292,48,48,12,69,0,0,2.0,94,3.0,24,0.0,0
1791216306,4.0,4.1,1.0,0.0,441,0,496,49,49,11,69,0,0,2.0,94,5.0,24,0.0,0
1791216307,3.1,5.0,1.0,0.0,441,0,208,48,47,12,65,0,0,1.0,94,4.0,24,0.0,0
1791216308,6.1,4.1,1.0,0.0,441,0,212,49,48,10,67,0,0,1.0,94,5.0,24,0.0,0
1791216309,5.1,4.0,1.0,0.0,441,0,240,48,48,12,68,0,0,2.0,94,4.0,24,0.0,0
1791216310,5.0,5.1,2.0,0.0,441,0,204,48,48,12,69,0,0,2.0,94,4.0,24,0.0,0
1791216311,5.1,4.0,1.5,0.0,441,0,216,48,47,12,65,0,0,1.0,94,4.0,24,0.0,0
1791216312,5.1,4.0,0.5,0.0,441,0,204,48,48,12,65,0,0,2.0,94,3.0,24,0.0,0
1791216313,4.0,5.9,1.5,0.0,441,0,236,48,48,10,67,0,0,2.0,94,5.0,24,0.0,0
1791216314,5.2,3.0,0.5,0.0,441,0,220,48,48,12,68,0,0,1.0,94,4.0,24,0.0,0
1791216315,3.0,5.1,1.0,0.0,441,0,276,49,48,12,65,0,0,2.0,94,4.0,24,0.0,0
1791216316,4.1,6.9,1.0,0.0,441,0,220,49,48,12,66,0,0,1.0,94,4.0,24,0.0,0
1791216317,6.9,3.1,1.0,0.0,441,0,252,48,48,12,67,0,0,1.0,94,4.0,24,0.0,0
1791216318,3.1,4.0,2.0,0.0,441,0,220,48,48,12,68,0,0,3.0,94,5.0,24,0.0,0
1791216319,5.1,5.1,2.5,0.0,440,0,484,48,48,12,63,0,0,1.0,94,4.0,24,0.0,0
1791216320,6.1,5.0,1.0,0.0,441,0,212,48,48,12,64,0,0,1.0,94,4.0,24,0.0,0
1791216321,4.0,3.1,1.0,0.0,440,0,296,49,49,11,66,0,0,2.0,94,4.0,24,0.0,0
1791216322,5.1,5.1,1.0,0.0,440,0,216,49,49,11,66,0,0,1.0,94,5.0,24,0.0,0
1791216323,7.1,3.0,0.5,0.0,440,0,212,48,48,12,62,0,0,2.0,94,4.0,24,0.0,0
1791216324,6.0,5.0,1.0,0.0,440,0,260,48,47,13,62,0,0,2.0,94,4.0,24,0.0,0
1791216325,3.1,4.1,1.5,0.0,440,0,232,48,48,13,63,0,0,1.0,94,4.0,24,0.0,0
1791216326,7.1,4.0,1.0,0.0,440,0,228,48,47,13,64,0,0,2.0,94,5.0,24,0.0,0
1791216327,5.1,4.1,1.0,0.0,440,0,276,48,48,13,61,0,0,2.0,94,5.0,24,0.0,0
1791216328,6.1,5.0,1.5,0.0,440,0,204,49,48,13,61,0,0,1.0,94,4.0,24,0.0,0
1791216329,2.1,6.1,1.5,0.0,440,0,220,49,48,13,62,0,0,2.0,94,4.0,24,0.0,0
1791216330,5.0,6.1,1.0,0.0,440,0,276,51,52,13,63,0,0,1.0,94,4.0,24,0.0,0
1791216331,4.1,7.1,2.0,0.0,440,0,344,50,51,13,60,0,0,2.0,94,6.0,24,0.0,0
1791216332,5.1,5.0,0.5,0.0,440,0,284,49,49,12,61,0,0,2.0,94,4.0,24,0.0,0
1791216333,4.0,7.9,2.0,0.0,440,0,220,49,48,11,61,0,0,1.0,94,6.0,24,0.0,0
1791216334,3.0,5.1,1.5,0.0,440,0,220,48,48,11,62,0,0,1.0,94,2.0,24,0.0,0
1791216335,7.1,2.0,0.5,0.0,440,0,260,48,47,11,58,0,0,2.0,94,5.0,24,0.0,0
1791216336,5.1,5.1,2.0,0.0,440,0,204,49,48,11,59,0,0,2.0,94,3.0,24,0.0,0
1791216337,5.1,4.0,1.0,0.0,440,0,240,48,48,13,60,0,0,1.0,94,6.0,24,0.0,0
1791216338,4.0,5.1,1.0,0.0,440,0,216,48,48,13,61,0,0,2.0,94,3.0,24,0.0,0
1791216339,6.1,2.0,1.5,0.0,440,0,208,48,48,13,58,0,0,2.0,94,5.0,24,0.0,0
1791216340,3.1,5.9,1.5,0.0,440,0,260,49,48,13,59,0,0,1.0,94,4.0,24,0.0,0
1791216341,4.0,4.0,0.5,0.0,440,0,232,49,48,11,61,0,0,1.0,94,3.0,24,0.0,0
1791216342,4.0,6.0,1.5,0.0,440,0,264,48,48,11,62,0,0,2.0,94,5.0,24,0.0,0
1791216343,5.0,5.1,1.0,0.0,440,0,220,48,47,11,59,0,0,2.0,94,5.0,24,0.0,0
1791216344,5.1,3.0,2.5,0.0,440,0,220,49,49,11,60,0,0,1.0,94,4.0,24,0.0,0
1791216345,2.0,7.0,2.0,0.0,440,0,268,48,48,11,61,0,0,1.0,94,4.0,24,0.0,0
1791216346,7.0,4.1,1.0,0.0,440,0,236,48,48,11,61,0,0,2.0,94,4.0,24,0.0,0
1791216347,5.1,5.1,1.0,0.0,440,0,204,48,48,11,62,0,0,2.0,94,4.0,24,0.0,0
1791216348,3.0,7.0,1.5,0.0,440,0,324,48,47,13,58,0,0,1.0,94,5.0,24,0.0,0
1791216349,5.1,5.0,1.0,0.0,440,0,244,49,49,13,58,0,0,1.0,94,3.0,24,0.0,0
1791216350,6.0,3.1,1.0,0.0,439,0,240,49,48,13,59,0,0,1.0,94,3.0,24,0.0,0
1791216351,3.1,3.0,1.5,0.0,440,0,220,48,48,13,59,0,0,3.0,94,5.0,24,0.0,0
1791216352,6.1,4.1,1.0,0.0,440,0,228,49,48,12,56,0,0,1.0,94,4.0,24,0.0,0
1791216353,3.1,6.1,1.5,0.0,440,0,272,48,48,12,57,0,0,1.0,94,4.0,24,0.0,0
1791216354,7.0,5.0,1.0,0.0,439,0,244,50,50,13,58,0,0,2.0,94,4.0,24,0.0,0
1791216355,4.0,4.1,1.0,0.0,439,0,236,49,48,14,59,0,0,1.0,94,4.0,24,0.0,0
1791216356,5.1,5.1,0.5,0.0,439,0,220,50,50,14,57,0,0,2.0,94,5.0,24,0.0,0
1791216357,5.1,4.0,1.5,0.0,439,0,224,50,49,14,58,0,0,2.0,94,4.0,24,0.0,0
1791216358,6.1,2.0,1.0,0.0,439,0,236,50,50,15,59,0,0,1.0,94,4.0,24,0.0,0
1791216359,5.9,4.0,1.0,0.0,440,0,232,48,48,14,60,0,0,2.0,94,3.0,24,0.0,0
1791216360,3.1,3.1,1.0,0.0,439,0,252,48,47,14,58,0,0,1.0,94,5.0,24,0.0,0
1791216361,5.1,6.9,3.0,0.0,439,0,340,48,48,14,60,0,0,2.0,94,3.0,24,0.0,0
1791216362,6.1,2.0,1.0,0.0,440,0,324,48,48,14,61,0,0,1.0,94,4.0,24,0.0,0
1791216363,6.0,3.1,0.5,0.0,440,0,256,48,48,14,62,0,0,2.0,94,6.0,24,0.0,0
1791216364,2.0,6.0,1.5,0.0,439,0,208,48,49,14,57,0,0,2.0,94,2.0,24,0.0,0
1791216365,6.1,3.1,0.5,0.0,440,0,216,48,47,12,59,0,0,1.0,94,6.0,24,0.0,0
1791216366,3.0,7.0,1.5,0.0,440,0,264,48,48,14,60,0,0,2.0,94,3.0,24,0.0,0
1791216367,5.1,3.0,2.5,0.0,440,0,208,48,48,14,61,0,0,1.0,94,5.0,24,0.0,0
1791216368,4.0,5.9,1.0,0.0,440,0,268,49,47,14,56,0,0,1.0,94,3.0,24,0.0,0
1791216369,4.1,3.1,1.0,0.0,440,0,232,48,48,14,56,0,0,3.0,94,4.0,24,0.0,0
1791216370,6.9,5.0,1.5,0.0,440,0,208,48,47,12,57,0,0,2.0,94,4.0,24,0.0,0
1791216371,4.1,5.0,1.5,0.0,440,0,264,48,48,12,57,0,0,2.0,94,5.0,24,0.0,0
1791216372,4.0,4.0,1.5,0.0,439,0,252,48,48,12,55,0,0,2.0,94,3.0,24,0.0,0
1791216373,5.1,1.0,1.0,0.0,440,0,208,49,48,14,56,0,0,1.0,94,5.0,24,0.0,0
1791216374,4.0,5.9,1.0,0.0,440,0,208,49,48,14,57,0,0,1.0,94,4.0,24,0.0,0
1791216375,5.1,3.1,1.5,0.0,440,0,204,47,48,14,57,0,0,2.0,94,5.0,24,0.0,0
1791216376,6.1,5.1,1.0,0.0,440,0,244,50,48,12,54,0,0,1.0,94,4.0,24,0.0,0
1791216377,5.1,5.0,1.5,0.0,440,0,268,48,48,12,54,0,0,2.0,94,3.0,24,0.0,0
1791216378,5.1,5.1,1.0,0.0,440,0,276,48,47,12,54,0,0,1.0,94,5.0,24,0.0,0
1791216379,5.1,5.1,2.0,0.0,440,0,512,49,48,12,55,0,0,2.0,94,4.0,24,0.0,0
1791216380,5.1,5.1,1.0,0.0,440,0,224,48,48,14,52,0,0,2.0,94,4.0,24,0.0,0
1791216381,4.0,4.1,1.0,0.0,440,0,260,49,48,14,52,0,0,1.0,94,5.0,24,0.0,0
1791216382,5.1,4.0,1.5,0.0,440,0,188,48,48,14,53,0,0,1.0,94,4.0,24,0.0,0
1791216383,7.0,1.0,1.5,0.0,440,0,236,47,48,13,54,0,0,2.0,94,5.0,24,0.0,0
1791216384,5.0,5.0,1.0,0.0,440,0,224,48,48,12,54,0,0,2.0,94,3.0,24,0.0,0
1791216385,6.1,3.0,1.0,0.0,440,0,252,50,48,12,56,0,0,2.0,94,3.0,24,0.0,0
1791216386,5.1,4.1,1.5,0.0,440,0,276,47,48,14,57,0,0,1.0,94,5.0,24,0.0,0
1791216387,3.1,5.9,1.0,0.0,440,0,208,50,48,14,58,0,0,1.0,94,5.0,24,0.0,0
1791216388,5.1,2.1,1.0,0.0,439,0,272,49,48,14,58,0,0,1.0,94,3.0,24,0.0,0
1791216389,3.1,5.0,1.0,0.0,440,0,240,50,50,15,56,0,0,3.0,94,4.0,24,0.0,0
1791216390,6.0,5.1,1.0,0.0,440,0,328,49,48,14,57,0,0,1.0,94,4.0,24,0.0,0
1791216391,5.1,3.1,2.0,0.0,440,0,368,49,48,14,58,0,0,1.0,94,4.0,24,0.0,0
1791216392,5.1,5.9,1.0,0.0,440,0,220,51,52,15,58,0,0,1.0,94,4.0,24,0.0,0
1791216393,6.0,3.1,1.0,0.0,440,0,208,49,48,12,56,0,0,2.0,94,4.0,24,0.0,0
1791216394,3.1,5.1,1.0,0.0,440,0,236,48,48,12,56,0,0,2.0,94,3.0,24,0.0,0
1791216395,5.1,3.0,0.5,0.0,440,0,208,48,48,14,57,0,0,1.0,94,3.0,24,0.0,0
1791216396,6.0,4.0,1.5,0.0,440,0,252,48,48,14,57,0,0,2.0,94,5.0,24,0.0,0
1791216397,3.0,4.0,1.5,0.0,440,0,212,48,48,14,55,0,0,1.0,94,3.0,24,0.0,0
1791216398,5.1,4.0,1.5,0.0,440,0,204,49,48,12,57,0,0,1.0,94,5.0,24,0.0,0
1791216399,5.1,5.9,1.0,0.0,440,0,228,50,50,11,59,0,0,2.0,94,4.0,24,0.0,0
1791216400,4.0,3.1,1.0,0.0,440,0,208,49,47,13,60,0,0,1.0,94,4.0,24,0.0,0
1791216401,4.0,7.0,1.0,0.0,440,0,212,48,48,13,57,0,0,2.0,94,4.0,24,0.0,0
1791216402,4.1,3.0,1.0,0.0,440,0,228,49,48,13,58,0,0,1.0,94,4.0,24,0.0,0
1791216403,5.0,7.0,1.5,0.0,440,0,216,49,49,13,59,0,0,2.0,94,4.0,24,0.0,0
1791216404,3.0,5.1,1.0,0.0,440,0,232,48,46,13,60,0,0,1.0,94,4.0,24,0.0,0
1791216405,5.2,3.0,1.0,0.0,440,0,224,48,48,13,56,0,0,1.0,94,3.0,24,0.0,0
1791216406,4.0,5.1,1.0,0.0,440,0,236,49,48,11,58,0,0,2.0,94,6.0,24,0.0,0
1791216407,4.1,5.0,1.0,0.0,440,0,220,48,48,11,59,0,0,1.0,94,3.0,24,0.0,0
1791216408,3.1,5.1,1.0,0.0,440,0,232,49,49,11,60,0,0,2.0,94,6.0,24,0.0,0
1791216409,5.1,6.0,1.0,0.0,439,0,224,48,47,11,58,0,0,2.0,94,3.0,24,0.0,0
1791216410,4.0,6.0,2.0,0.0,440,0,208,48,47,12,59,0,0,1.0,94,4.0,24,0.0,0
1791216411,6.0,6.1,0.5,0.0,440,0,220,49,49,11,60,0,0,2.0,94,5.0,24,0.0,0
1791216412,2.1,3.1,1.5,0.0,440,0,240,48,47,12,61,0,0,1.0,94,4.0,24,0.0,0
1791216413,5.0,4.0,1.5,0.0,440,0,200,50,49,12,59,0,0,1.0,94,3.0,24,0.0,0
1791216414,6.2,4.0,0.5,0.0,440,0,224,49,49,12,60,0,0,2.0,94,5.0,24,0.0,0
1791216415,5.1,4.0,1.5,0.0,440,0,204,51,51,13,60,0,0,2.0,94,5.0,24,0.0,0
1791216416,3.1,6.1,0.5,0.0,440,0,232,50,51,14,61,0,0,1.0,94,5.0,24,0.0,0
1791216417,6.0,3.0,1.5,0.0,440,0,256,48,48,11,59,0,0,2.0,94,3.0,24,0.0,0
1791216418,6.1,2.0,1.0,0.0,440,0,216,49,48,12,60,0,0,1.0,94,5.0,24,0.0,0
1791216419,7.9,2.0,1.0,0.0,440,0,212,49,48,12,61,0,0,1.0,94,3.0,24,0.0,0
1791216420,4.1,4.0,2.5,0.0,440,0,252,49,48,12,62,0,0,2.0,94,5.0,24,0.0,0
1791216421,5.0,8.1,2.0,0.0,439,0,352,48,48,14,58,0,0,1.0,94,3.0,24,0.0,0
1791216422,3.1,1.0,1.5,0.0,439,0,372,49,49,13,59,0,0,2.0,94,5.0,24,0.0,0
1791216423,7.0,3.0,0.5,0.0,439,0,196,49,47,13,60,0,0,2.0,94,3.0,24,0.0,0
1791216424,4.0,5.0,1.0,0.0,439,0,228,48,47,11,62,0,0,1.0,94,4.0,24,0.0,0
1791216425,3.0,4.0,1.0,0.0,439,0,216,48,47,12,58,0,0,1.0,94,3.0,24,0.0,0
1791216426,4.0,6.1,2.0,0.0,439,0,224,48,48,12,59,0,0,2.0,94,5.0,24,0.0,0
1791216427,5.1,5.1,1.0,0.0,439,0,244,49,48,11,59,0,0,2.0,94,4.0,24,0.0,0
1791216428,3.0,6.1,1.5,0.0,439,0,212,48,48,11,60,0,0,1.0,94,6.0,24,0.0,0
1791216429,4.1,6.0,0.5,0.0,439,0,220,48,47,10,62,0,0,1.0,94,3.0,24,0.0,0
1791216430,7.1,5.1,1.0,0.0,443,12,236,48,48,9,60,0,0,3.0,94,4.0,24,0.0,0
1791216431,6.0,16.8,3.0,0.0,454,448,692,48,48,11,61,0,0,1.0,94,4.0,24,0.0,0
1791216432,6.0,3.0,1.0,0.0,454,0,232,48,48,12,62,0,0,1.0,94,3.0,24,0.0,0
1791216433,5.1,2.0,2.0,0.0,454,0,212,49,48,11,63,0,0,1.0,94,3.0,24,0.0,0
1791216434,4.1,3.0,1.0,0.0,454,0,216,48,48,13,61,0,0,1.0,94,4.0,24,0.0,0
1791216435,5.0,5.1,1.0,0.0,454,0,228,48,47,11,62,0,0,2.0,94,4.0,24,0.0,0
1791216436,5.0,6.1,1.0,0.0,454,0,216,49,48,11,63,0,0,2.0,94,5.0,24,0.0,0
1791216437,3.0,5.1,1.0,0.0,454,0,244,48,48,11,63,0,0,1.0,94,3.0,24,0.0,0
1791216438,2.0,9.0,0.5,0.0,453,0,236,48,48,9,62,0,0,1.0,94,4.0,24,0.0,0
1791216439,6.0,3.0,1.5,0.0,454,0,220,49,48,9,63,0,0,2.0,94,3.0,24,0.0,0
1791216440,6.1,4.0,2.5,0.0,453,0,476,48,47,12,63,0,0,1.0,94,5.0,24,0.0,0
1791216441,5.0,5.9,1.0,0.0,454,0,200,49,48,12,64,0,0,1.0,94,4.0,24,0.0,0
1791216442,3.0,4.1,1.0,0.0,454,0,216,49,48,11,63,0,0,1.0,94,3.0,24,0.0,0
1791216443,4.0,6.1,0.5,0.0,454,0,228,48,48,11,64,0,0,2.0,94,4.0,24,0.0,0
1791216444,4.0,5.0,2.0,0.0,453,0,232,48,48,11,65,0,0,1.0,94,5.0,24,0.0,0
1791216445,3.0,7.1,1.0,0.0,453,0,212,48,48,11,67,0,0,2.0,94,4.0,24,0.0,0
1791216446,4.0,5.1,1.0,0.0,453,0,212,48,48,11,62,0,0,2.0,94,4.0,24,0.0,0
1791216447,3.1,3.0,1.0,0.0,454,0,216,48,47,12,63,0,0,1.0,94,4.0,24,0.0,0
1791216448,5.1,7.1,1.0,0.0,454,0,228,49,49,11,64,0,0,2.0,94,4.0,24,0.0,0
1791216449,3.0,8.0,2.5,0.0,454,0,220,49,49,12,64,0,0,1.0,94,4.0,24,0.0,0
1791216450,4.1,6.0,0.5,0.0,454,0,212,49,49,11,62,0,0,2.0,94,5.0,24,0.0,0
1791216451,4.0,6.1,2.5,0.0,454,0,352,48,48,13,63,0,0,2.0,94,4.0,24,0.0,0
1791216452,4.0,6.0,1.0,0.0,454,0,228,49,48,11,65,0,0,1.0,94,5.0,24,0.0,0
1791216453,2.0,7.1,1.0,0.0,454,0,416,49,48,13,66,0,0,1.0,94,4.0,24,0.0,0
1791216454,2.0,5.1,1.5,0.0,454,0,212,49,48,13,62,0,0,1.0,94,4.0,24,0.0,0
1791216455,4.0,5.1,0.5,0.0,454,0,216,48,48,11,64,0,0,3.0,94,3.0,24,0.0,0
1791216456,3.0,8.0,1.0,0.0,454,0,304,48,48,11,65,0,0,1.0,94,4.0,24,0.0,0
1791216457,5.1,5.1,1.5,0.0,453,0,200,48,48,9,67,0,0,2.0,94,4.0,24,0.0,0
1791216458,5.1,6.0,0.5,0.0,454,0,240,48,47,11,64,0,0,1.0,94,5.0,24,0.0,0
1791216459,2.0,4.0,1.5,0.0,454,0,228,49,48,11,65,0,0,1.0,94,4.0,24,0.0,0
1791216460,2.0,7.1,1.0,0.0,453,0,216,48,48,11,65,0,0,2.0,94,3.0,24,0.0,0
1791216461,3.0,6.1,1.0,0.0,453,0,216,49,48,13,66,0,0,2.0,94,5.0,24,0.0,0
1791216462,4.0,5.0,1.0,0.0,453,0,208,48,47,11,63,0,0,1.0,94,4.0,24,0.0,0
1791216463,3.0,5.0,1.5,0.0,453,0,232,49,48,11,64,0,0,1.0,94,2.0,24,0.0,0
1791216464,2.1,5.1,0.5,0.0,453,0,204,48,47,12,65,0,0,2.0,94,5.0,24,0.0,0
1791216465,6.9,6.0,1.0,0.0,453,0,200,55,52,11,66,0,0,1.0,94,3.0,24,0.0,0
1791216466,3.1,3.0,1.0,0.0,454,0,240,49,48,11,61,0,0,1.0,94,6.0,24,0.0,0
1791216467,5.0,5.1,1.0,0.0,453,0,216,48,48,12,62,0,0,2.0,94,3.0,24,0.0,0
1791216468,4.0,3.0,1.5,0.0,453,0,256,49,48,11,63,0,0,2.0,94,4.0,24,0.0,0
1791216469,3.0,6.1,1.0,0.0,453,0,232,48,48,11,64,0,0,1.0,94,4.0,24,0.0,0
1791216470,2.0,6.0,1.0,0.0,453,0,216,49,48,11,61,0,0,1.0,94,3.0,24,0.0,0
1791216471,5.0,3.1,1.0,0.0,453,0,220,48,48,9,62,0,0,2.0,94,4.0,24,0.0,0
1791216472,1.0,8.0,1.0,0.0,453,0,200,49,48,9,63,0,0,1.0,94,5.0,24,0.0,0
1791216473,4.0,6.0,2.0,0.0,453,0,240,48,48,9,64,0,0,2.0,94,4.0,24,0.0,0
1791216474,2.1,5.1,0.5,0.0,453,0,220,49,48,9,65,0,0,1.0,94,4.0,24,0.0,0
1791216475,5.0,6.0,1.5,0.0,453,0,200,48,48,9,62,0,0,2.0,94,4.0,24,0.0,0
1791216476,2.1,6.0,0.5,0.0,453,0,220,48,48,9,63,0,0,1.0,94,3.0,24,0.0,0
1791216477,5.9,5.1,1.5,0.0,453,0,248,50,50,10,64,0,0,2.0,94,5.0,24,0.0,0
1791216478,4.0,4.9,1.5,0.0,453,0,240,49,48,9,65,0,0,1.0,94,3.0,24,0.0,0
1791216479,5.1,4.1,0.5,0.0,453,0,212,49,48,11,62,0,0,1.0,94,4.0,24,0.0,0
1791216480,3.1,6.0,1.5,0.0,453,0,220,49,48,13,63,0,0,2.0,94,3.0,24,0.0,0
1791216481,4.1,6.1,1.5,0.0,453,0,296,48,48,13,62,0,0,1.0,94,6.0,24,0.0,0
1791216482,3.0,5.9,1.5,0.0,453,0,196,48,48,13,63,0,0,2.0,94,2.0,24,0.0,0
1791216483,3.0,4.1,1.0,0.0,453,0,260,48,48,13,60,0,0,1.0,94,5.0,24,0.0,0
1791216484,4.0,5.1,0.5,0.0,453,0,288,49,48,13,61,0,0,2.0,94,4.0,24,0.0,0
1791216485,5.1,6.0,1.5,0.0,453,0,204,48,48,13,62,0,0,1.0,94,5.0,24,0.0,0
1791216486,5.1,5.1,0.5,0.0,453,0,220,48,48,13,63,0,0,2.0,94,4.0,24,0.0,0
1791216487,6.9,5.0,1.5,0.0,452,0,216,48,48,13,60,0,0,2.0,94,5.0,24,0.0,0
1791216488,3.1,5.1,0.5,0.0,452,0,228,48,48,13,60,0,0,1.0,94,4.0,24,0.0,0
1791216489,4.0,5.9,1.0,0.0,452,0,228,49,48,13,61,0,0,2.0,94,3.0,24,0.0,0
1791216490,4.1,3.1,0.5,0.0,452,0,284,48,48,13,62,0,0,2.0,94,6.0,24,0.0,0
1791216491,5.0,5.0,1.5,0.0,452,0,220,49,48,11,60,0,0,1.0,94,3.0,24,0.0,0
1791216492,2.0,6.0,1.0,0.0,452,0,212,48,48,11,61,0,0,2.0,94,4.0,24,0.0,0
1791216493,2.1,5.1,0.5,0.0,452,0,208,49,48,11,62,0,0,1.0,94,4.0,24,0.0,0
1791216494,4.0,3.0,1.5,0.0,452,0,240,48,48,11,63,0,0,1.0,94,4.0,24,0.0,0
1791216495,4.0,5.9,2.0,0.0,452,0,208,49,48,11,58,0,0,1.0,94,2.0,24,0.0,0
1791216496,1.0,7.0,9.6,0.0,452,0,252,49,48,9,60,0,0,1.0,94,5.0,24,0.0,0
1791216497,4.0,6.1,1.0,0.0,452,0,196,48,48,9,61,0,0,1.0,94,3.0,24,0.0,0
1791216498,2.0,5.2,0.5,0.0,452,0,272,49,48,9,62,0,0,2.0,94,5.0,24,0.0,0
1791216499,4.0,5.0,1.5,0.0,452,0,216,48,48,9,59,0,0,1.0,94,4.0,24,0.0,0
1791216500,3.1,5.1,0.5,0.0,451,0,192,48,48,9,60,0,0,2.0,94,3.0,24,0.0,0
1791216501,5.0,5.1,3.5,0.0,451,0,584,49,48,9,60,0,0,1.0,94,5.0,24,0.0,0
1791216502,3.1,6.0,1.0,0.0,451,0,232,49,48,9,60,0,0,2.0,94,4.0,24,0.0,0
1791216503,3.0,7.1,1.0,0.0,451,0,200,48,48,9,58,0,0,2.0,94,4.0,24,0.0,0
1791216504,3.0,4.1,1.5,0.0,451,0,236,49,48,9,59,0,0,1.0,94,3.0,24,0.0,0
1791216505,2.0,6.1,1.0,0.0,451,0,236,49,48,9,59,0,0,1.0,94,5.0,24,0.0,0
1791216506,4.1,6.1,0.5,0.0,451,0,220,49,48,9,59,0,0,2.0,94,5.0,24,0.0,0
1791216507,4.0,8.0,1.5,0.0,451,0,280,49,48,9,54,0,0,1.0,94,4.0,24,0.0,0
1791216508,2.1,5.1,0.5,0.0,451,0,220,49,48,9,55,0,0,1.0,94,6.0,24,0.0,0
1791216509,4.0,5.0,1.5,0.0,451,0,236,48,48,9,55,0,0,3.0,94,4.0,24,0.0,0
1791216510,5.0,5.1,1.0,0.0,451,0,208,48,48,9,56,0,0,1.0,94,4.0,24,0.0,0
1791216511,4.1,8.1,2.0,0.0,451,0,348,49,50,10,54,0,0,2.0,94,5.0,24,0.0,0
1791216512,2.0,8.1,1.5,0.0,451,0,428,49,48,11,54,0,0,1.0,94,4.0,24,0.0,0
1791216513,4.0,6.1,0.5,0.0,451,0,256,48,48,11,55,0,0,1.0,94,3.0,24,0.0,0
1791216514,3.0,8.0,1.5,0.0,451,0,232,49,48,11,56,0,0,2.0,94,4.0,24,0.0,0
1791216515,3.1,4.0,2.0,0.0,451,0,232,48,48,13,57,0,0,1.0,94,5.0,24,0.0,0
1791216516,4.0,6.1,1.0,0.0,451,0,200,49,48,13,53,0,0,2.0,94,3.0,24,0.0,0
1791216517,2.0,6.0,1.5,0.0,451,0,192,48,48,13,54,0,0,1.0,94,5.0,24,0.0,0
1791216518,4.0,4.0,0.5,0.0,451,0,200,48,48,13,55,0,0,1.0,94,3.0,24,0.0,0
1791216519,3.0,4.0,1.0,0.0,451,0,224,48,48,11,57,0,0,1.0,94,4.0,24,0.0,0
1791216520,3.0,5.1,1.0,0.0,451,0,212,48,48,9,54,0,0,2.0,94,3.0,24,0.0,0
1791216521,3.0,5.1,1.0,0.0,450,0,216,48,48,9,53,0,0,2.0,94,5.0,24,0.0,0
1791216522,4.0,4.0,1.5,0.0,450,0,224,48,48,9,54,0,0,1.0,94,4.0,24,0.0,0
1791216523,2.0,7.1,1.0,0.0,450,0,220,49,48,9,55,0,0,2.0,94,4.0,24,0.0,0
1791216524,4.0,7.1,0.5,0.0,450,0,236,48,48,9,52,0,0,1.0,94,4.0,24,0.0,0
1791216525,3.0,5.9,1.5,0.0,450,0,224,49,48,9,53,0,0,1.0,94,4.0,24,0.0,0
1791216526,2.1,3.1,0.5,0.0,450,0,208,48,48,9,54,0,0,2.0,94,4.0,24,0.0,0
1791216527,3.0,5.1,0.5,0.0,450,0,196,48,47,9,55,0,0,1.0,94,4.0,24,0.0,0
1791216528,3.0,7.0,1.5,0.0,450,0,208,49,48,11,53,0,0,1.0,94,4.0,24,0.0,0
1791216529,4.1,3.0,1.0,0.0,450,0,340,48,47,11,54,0,0,2.0,94,3.0,24,0.0,0
1791216530,6.0,5.1,0.5,0.0,450,0,316,49,48,11,54,0,0,2.0,94,5.0,24,0.0,0
1791216531,4.1,2.0,1.0,0.0,450,0,216,48,48,11,55,0,0,1.0,94,4.0,24,0.0,0
1791216532,5.0,7.0,1.0,0.0,450,0,224,50,50,11,54,0,0,1.0,94,5.0,24,0.0,0
1791216533,3.0,5.0,1.5,0.0,450,0,216,48,48,11,55,0,0,2.0,94,3.0,24,0.0,0
1791216534,4.0,6.1,1.0,0.0,450,0,228,48,48,13,56,0,0,2.0,94,4.0,24,0.0,0
1791216535,5.0,4.0,1.0,0.0,450,0,216,48,48,13,56,0,0,1.0,94,4.0,24,0.0,0
1791216536,3.1,7.9,0.5,0.0,450,0,216,48,48,11,53,0,0,1.0,94,6.0,24,0.0,0
1791216537,4.0,4.0,1.0,0.0,450,0,220,48,47,11,54,0,0,2.0,94,3.0,24,0.0,0
1791216538,3.0,6.1,1.0,0.0,450,0,220,49,48,11,55,0,0,1.0,94,5.0,24,0.0,0
1791216539,4.0,6.1,1.0,0.0,449,0,224,48,48,11,56,0,0,1.0,94,4.0,24,0.0,0
1791216540,5.1,6.0,0.5,0.0,449,0,256,49,48,11,53,0,0,2.0,94,4.0,24,0.0,0
1791216541,4.0,5.0,2.5,0.0,450,0,368,49,48,11,53,0,0,1.0,94,4.0,24,0.0,0
1791216542,4.0,5.1,0.5,0.0,450,0,224,48,48,11,54,0,0,1.0,94,5.0,24,0.0,0
1791216543,4.0,4.0,2.0,0.0,449,0,208,48,48,11,55,0,0,2.0,94,2.0,24,0.0,0
1791216544,5.0,6.9,10.9,0.0,449,0,192,49,48,11,51,0,0,2.0,94,5.0,24,0.0,0
1791216545,2.0,6.1,7.1,0.0,449,0,356,48,48,11,52,0,0,2.0,94,4.0,24,0.0,0
1791216546,4.0,5.1,0.5,0.0,449,0,364,49,48,11,52,0,0,1.0,94,5.0,24,0.0,0
1791216547,4.0,5.1,1.0,0.0,449,0,204,49,48,11,53,0,0,2.0,94,3.0,24,0.0,0
1791216548,5.0,5.9,1.0,0.0,449,0,220,48,48,11,51,0,0,1.0,94,5.0,24,0.0,0
1791216549,4.0,5.1,2.0,0.0,449,0,216,49,48,11,52,0,0,1.0,94,4.0,24,0.0,0
1791216550,3.1,6.1,0.5,0.0,449,0,232,48,48,11,53,0,0,2.0,94,3.0,24,0.0,0
1791216551,3.0,5.2,1.0,0.0,449,0,208,48,48,13,54,0,0,1.0,94,5.0,24,0.0,0
1791216552,5.1,5.0,1.5,0.0,449,0,232,48,48,11,52,0,0,2.0,94,4.0,24,0.0,0
1791216553,3.1,8.0,1.0,0.0,449,0,248,48,48,13,53,0,0,1.0,94,4.0,24,0.0,0
1791216554,1.0,6.1,1.5,0.0,449,0,216,48,48,13,54,0,0,2.0,94,4.0,24,0.0,0
1791216555,5.0,4.1,1.0,0.0,449,0,240,48,48,11,55,0,0,1.0,94,4.0,24,0.0,0
1791216556,2.0,7.1,1.0,0.0,449,0,236,48,48,11,53,0,0,2.0,94,4.0,24,0.0,0
1791216557,3.0,6.1,1.5,0.0,449,0,228,48,48,11,54,0,0,1.0,94,4.0,24,0.0,0
1791216558,5.0,8.9,1.0,0.0,449,0,220,48,48,11,55,0,0,2.0,94,5.0,24,0.0,0
1791216559,4.0,6.1,3.5,0.0,449,0,216,48,48,11,56,0,0,1.0,94,5.0,24,0.0,0
1791216560,3.1,6.0,2.0,0.0,449,0,368,49,48,11,57,0,0,1.0,94,4.0,24,0.0,0
1791216561,5.1,4.0,0.5,0.0,449,0,320,48,47,11,54,0,0,2.0,94,4.0,24,0.0,0
1791216562,5.0,5.1,2.5,0.0,449,0,472,49,48,11,55,0,0,2.0,94,3.0,24,0.0,0
1791216563,3.0,6.0,1.0,0.0,449,0,216,48,47,11,56,0,0,1.0,94,5.0,24,0.0,0
1791216564,3.1,4.1,0.5,0.0,449,0,220,48,48,9,58,0,0,1.0,94,4.0,24,0.0,0
1791216565,3.0,6.9,3.0,0.0,449,0,232,48,48,11,56,0,0,1.0,94,4.0,24,0.0,0
1791216566,2.1,6.1,0.5,0.0,449,0,396,49,48,11,57,0,0,2.0,94,6.0,24,0.0,0
1791216567,3.0,7.1,1.0,0.0,448,0,220,48,48,11,58,0,0,2.0,94,3.0,24,0.0,0
1791216568,3.0,6.0,1.0,0.0,448,0,224,48,48,11,58,0,0,1.0,94,3.0,24,0.0,0
1791216569,2.0,5.1,1.5,0.0,448,0,232,50,50,12,56,0,0,1.0,94,6.0,24,0.0,0
1791216570,5.0,6.1,1.0,0.0,448,0,240,49,48,11,57,0,0,2.0,94,4.0,24,0.0,0
1791216571,3.1,5.1,31.0,0.0,448,0,232,49,48,11,58,0,0,2.0,94,3.0,24,0.0,0
1791216572,7.0,10.0,18.5,0.0,449,0,384,49,48,11,59,0,0,4.0,94,5.0,24,0.0,0
1791216573,3.1,7.1,1.0,0.0,449,0,208,49,48,11,59,0,0,1.0,94,5.0,24,0.0,0
1791216574,5.0,6.1,0.5,0.0,448,0,220,49,48,9,61,0,0,2.0,94,4.0,24,0.0,0
1791216575,4.0,4.0,1.0,0.0,448,0,380,49,48,9,62,0,0,1.0,94,4.0,24,0.0,0
1791216576,3.0,7.9,1.5,0.0,448,0,232,49,48,11,63,0,0,2.0,94,4.0,24,0.0,0
1791216577,2.0,6.1,0.5,0.0,448,0,324,48,48,11,61,0,0,0.0,94,4.0,24,0.0,0
1791216578,4.0,4.1,1.0,0.0,448,0,212,48,48,11,62,0,0,2.0,94,4.0,24,0.0,0
1791216579,3.0,7.9,1.5,0.0,448,0,212,48,48,11,63,0,0,1.0,94,4.0,24,0.0,0
1791216580,3.1,3.1,0.5,0.0,448,0,220,49,48,13,64,0,0,2.0,94,4.0,24,0.0,0
1791216581,5.0,5.0,1.0,0.0,448,0,252,48,48,13,59,0,0,2.0,94,3.0,24,0.0,0
1791216582,2.0,6.9,1.0,0.0,448,0,220,49,48,13,60,0,0,1.0,94,5.0,24,0.0,0
1791216583,4.0,5.2,1.0,0.0,448,0,204,48,48,11,62,0,0,1.0,94,4.0,24,0.0,0
1791216584,3.1,3.1,0.5,0.0,448,0,212,49,48,11,63,0,0,1.0,94,4.0,24,0.0,0
1791216585,2.0,6.9,1.5,0.0,448,0,212,48,48,11,60,0,0,2.0,94,3.0,24,0.0,0
1791216586,3.0,5.1,0.5,0.0,448,0,232,48,48,11,60,0,0,1.0,94,5.0,24,0.0,0
1791216587,2.0,8.1,1.0,0.0,448,0,216,48,48,11,62,0,0,1.0,94,5.0,24,0.0,0
1791216588,2.0,6.0,1.5,0.0,448,0,208,49,48,11,63,0,0,2.0,94,4.0,24,0.0,0
1791216589,3.1,5.0,0.5,0.0,448,0,208,49,48,11,60,0,0,1.0,94,5.0,24,0.0,0
1791216590,5.0,7.1,1.5,0.0,448,0,312,48,48,11,60,0,0,2.0,94,3.0,24,0.0,0
1791216591,1.0,6.1,1.0,0.0,448,0,260,49,48,11,62,0,0,2.0,94,4.0,24,0.0,0
1791216592,4.0,4.0,1.5,0.0,448,0,324,48,48,11,63,0,0,1.0,94,4.0,24,0.0,0
1791216593,3.0,7.1,1.0,0.0,448,0,228,48,48,11,60,0,0,1.0,94,4.0,24,0.0,0
1791216594,2.0,6.1,0.5,0.0,448,0,236,49,48,11,61,0,0,1.0,94,5.0,24,0.0,0
1791216595,2.0,7.0,1.5,0.0,448,0,316,48,48,9,63,0,0,1.0,94,4.0,24,0.0,0
1791216596,3.0,8.0,0.5,0.0,448,0,260,48,48,9,64,0,0,2.0,94,3.0,24,0.0,0
1791216597,2.0,5.1,1.5,0.0,447,0,228,48,48,9,60,0,0,1.0,94,5.0,24,0.0,0
1791216598,2.0,7.9,2.5,0.0,447,0,272,49,48,9,61,0,0,2.0,94,4.0,24,0.0,0
1791216599,4.0,5.0,1.0,0.0,447,0,220,48,48,9,61,0,0,1.0,94,4.0,24,0.0,0
1791216600,5.1,4.0,1.0,0.0,447,0,224,48,48,9,62,0,0,2.0,94,3.0,24,0.0,0
1791216601,5.0,5.1,4.5,0.0,447,0,400,50,50,12,63,0,0,1.0,94,3.0,24,0.0,0
1791216602,4.1,6.0,2.0,0.0,448,0,372,49,48,11,60,0,0,1.0,94,6.0,24,0.0,0
1791216603,3.0,5.0,1.0,0.0,448,0,212,49,48,11,60,0,0,1.0,94,2.0,24,0.0,0
1791216604,4.0,5.1,2.0,0.0,448,0,300,48,48,11,61,0,0,1.0,94,5.0,24,0.0,0
1791216605,3.0,5.1,1.0,0.0,448,0,260,48,48,11,62,0,0,2.0,94,4.0,24,0.0,0
1791216606,1.0,7.1,0.5,0.0,448,0,380,48,48,11,60,0,0,1.0,94,4.0,24,0.0,0
1791216607,3.0,5.1,1.0,0.0,448,0,224,49,48,9,62,0,0,1.0,94,4.0,24,0.0,0
1791216608,4.0,5.0,1.5,0.0,447,0,216,48,48,11,63,0,0,2.0,94,3.0,24,0.0,0
1791216609,2.0,6.1,1.0,0.0,447,0,216,48,48,11,64,0,0,1.0,94,4.0,24,0.0,0
1791216610,6.1,6.1,0.5,0.0,447,0,228,49,48,11,62,0,0,2.0,94,4.0,24,0.0,0
1791216611,4.1,5.0,1.0,0.0,447,0,492,48,48,11,63,0,0,1.0,94,3.0,24,0.0,0
1791216612,5.9,5.0,1.5,0.0,447,0,216,48,48,11,63,0,0,2.0,94,5.0,24,0.0,0
1791216613,3.1,4.1,0.5,0.0,447,0,228,48,48,13,64,0,0,1.0,94,5.0,24,0.0,0
1791216614,4.0,4.0,1.5,0.0,447,0,216,49,47,13,60,0,0,1.0,94,4.0,24,0.0,0
1791216615,4.1,6.0,0.5,0.0,447,0,212,49,48,11,62,0,0,3.0,94,4.0,24,0.0,0
1791216616,4.0,3.1,2.0,0.0,447,0,236,48,48,11,63,0,0,1.0,94,4.0,24,0.0,0
1791216617,5.0,5.0,1.0,0.0,447,0,248,48,48,13,64,0,0,1.0,94,3.0,24,0.0,0
1791216618,2.1,6.1,1.0,0.0,447,0,224,48,48,13,61,0,0,1.0,94,4.0,24,0.0,0
1791216619,4.0,5.0,1.0,0.0,447,0,220,48,48,13,62,0,0,2.0,94,5.0,24,0.0,0
1791216620,3.0,7.1,2.5,0.0,447,0,300,48,48,13,63,0,0,1.0,94,5.0,24,0.0,0
1791216621,2.0,6.1,0.5,0.0,447,0,236,48,48,13,64,0,0,1.0,94,4.0,24,0.0,0
1791216622,3.0,7.1,2.0,0.0,447,0,516,48,48,11,61,0,0,1.0,94,2.0,24,0.0,0
1791216623,4.0,4.0,1.5,0.0,447,0,216,49,48,11,62,0,0,2.0,94,4.0,24,0.0,0
1791216624,3.0,6.9,0.5,0.0,447,0,216,49,49,12,63,0,0,2.0,94,5.0,24,0.0,0
1791216625,3.0,6.1,1.5,0.0,447,0,220,49,49,11,63,0,0,1.0,94,4.0,24,0.0,0
1791216626,3.1,7.1,0.5,0.0,446,0,232,48,48,11,59,0,0,2.0,94,5.0,24,0.0,0
1791216627,2.0,3.1,1.0,0.0,446,0,236,48,48,11,59,0,0,1.0,94,1.0,24,0.0,0
1791216628,2.0,7.9,1.0,0.0,446,0,208,48,48,11,60,0,0,1.0,94,5.0,24,0.0,0
1791216629,2.0,5.1,0.5,0.0,446,0,212,49,48,11,60,0,0,1.0,94,4.0,24,0.0,0
1791216630,3.0,8.0,1.0,0.0,446,0,212,48,48,9,60,0,0,4.0,95,4.0,24,0.0,0
1791216631,5.1,4.1,1.0,0.0,446,0,376,48,47,9,60,0,0,1.0,95,4.0,24,0.0,0
1791216632,4.0,5.0,2.0,0.0,446,0,268,49,47,9,61,0,0,2.0,95,4.0,24,0.0,0
1791216633,3.1,5.1,0.5,0.0,446,0,204,48,48,11,62,0,0,1.0,95,3.0,24,0.0,0
1791216634,4.1,3.1,1.0,0.0,446,0,220,48,48,13,58,0,0,1.0,95,4.0,24,0.0,0
1791216635,6.0,4.0,1.0,0.0,446,0,376,48,48,13,59,0,0,3.0,95,4.0,24,0.0,0
1791216636,4.0,4.1,0.5,0.0,446,0,216,49,48,13,60,0,0,1.0,95,4.0,24,0.0,0
1791216637,5.1,5.9,1.0,0.0,446,0,332,48,48,11,62,0,0,2.0,95,6.0,24,0.0,0
1791216638,3.0,5.1,1.0,0.0,446,0,208,49,49,9,60,0,0,1.0,95,3.0,24,0.0,0
1791216639,2.0,5.2,0.5,0.0,446,0,220,48,48,9,60,0,0,1.0,95,4.0,24,0.0,0
1791216640,2.0,6.0,1.5,0.0,446,0,220,48,48,11,60,0,0,2.0,95,4.0,24,0.0,0
1791216641,5.0,5.0,1.5,0.0,446,0,208,48,48,13,61,0,0,2.0,95,4.0,24,0.0,0
1791216642,2.1,7.1,1.5,0.0,446,0,248,49,48,13,62,0,0,2.0,95,4.0,24,0.0,0
1791216643,4.0,6.1,0.5,0.0,446,0,228,48,48,13,59,0,0,1.0,95,5.0,24,0.0,0
1791216644,2.0,6.1,1.0,0.0,446,0,224,48,48,11,61,0,0,2.0,95,3.0,24,0.0,0
1791216645,2.0,6.1,1.5,0.0,445,0,216,48,48,9,63,0,0,1.0,95,4.0,24,0.0,0
1791216646,2.0,7.0,1.5,0.0,445,0,216,49,48,11,64,0,0,1.0,95,4.0,24,0.0,0
1791216647,5.0,3.1,1.0,0.0,445,0,244,49,48,13,61,0,0,2.0,95,4.0,24,0.0,0
1791216648,3.1,6.1,1.0,0.0,445,0,224,48,48,13,62,0,0,1.0,95,3.0,24,0.0,0
1791216649,3.1,5.1,1.0,0.0,445,0,248,48,48,13,62,0,0,1.0,95,3.0,24,0.0,0
1791216650,4.0,7.9,1.0,0.0,445,0,344,49,48,13,63,0,0,2.0,95,5.0,24,0.0,0
1791216651,2.0,6.1,1.0,0.0,445,0,348,50,50,11,61,0,0,1.0,95,4.0,24,0.0,0
1791216652,3.0,4.1,1.0,0.0,445,0,244,48,48,11,61,0,0,2.0,95,5.0,24,0.0,0
1791216653,4.0,6.1,1.0,0.0,445,0,208,49,48,9,63,0,0,1.0,95,3.0,24,0.0,0
1791216654,4.0,4.0,1.0,0.0,445,0,220,49,48,9,64,0,0,1.0,95,5.0,24,0.0,0
1791216655,2.0,5.1,0.5,0.0,445,0,224,49,48,9,58,0,0,2.0,95,3.0,24,0.0,0
1791216656,2.0,7.0,1.0,0.0,445,0,216,49,48,9,59,0,0,1.0,95,4.0,24,0.0,0
1791216657,2.0,5.1,1.0,0.0,445,0,228,48,48,11,60,0,0,1.0,95,4.0,24,0.0,0
1791216658,3.0,6.0,1.0,0.0,445,0,224,48,48,11,61,0,0,2.0,95,4.0,24,0.0,0
1791216659,3.0,5.1,1.0,0.0,445,0,228,48,48,11,58,0,0,1.0,95,4.0,24,0.0,0
1791216660,4.1,5.0,1.0,0.0,445,0,256,48,47,11,59,0,0,1.0,95,4.0,24,0.0,0
1791216661,5.1,7.0,1.5,0.0,445,0,388,49,48,9,61,0,0,2.0,95,5.0,24,0.0,0
1791216662,3.0,4.1,1.0,0.0,445,0,240,48,48,11,61,0,0,1.0,95,3.0,24,0.0,0
1791216663,2.0,5.1,0.5,0.0,445,0,228,48,48,11,59,0,0,1.0,95,5.0,24,0.0,0
1791216664,3.0,5.1,1.0,0.0,445,0,208,48,48,11,59,0,0,2.0,95,3.0,24,0.0,0
1791216665,3.0,7.1,1.0,0.0,445,0,260,48,48,11,59,0,0,1.0,95,3.0,24,0.0,0
1791216666,3.0,5.1,1.0,0.0,445,0,324,49,48,11,59,0,0,1.0,95,5.0,24,0.0,0
1791216667,4.1,6.0,0.5,0.0,445,0,220,49,48,11,55,0,0,1.0,95,4.0,24,0.0,0
1791216668,4.0,3.0,1.0,0.0,445,0,316,48,48,9,56,0,0,2.0,95,4.0,24,0.0,0
1791216669,2.0,6.1,1.0,0.0,445,0,212,49,48,9,57,0,0,1.0,95,4.0,24,0.0,0
1791216670,2.0,6.1,1.0,0.0,445,0,220,49,48,9,58,0,0,2.0,95,3.0,24,0.0,0
1791216671,4.0,5.0,1.5,0.0,445,0,208,48,48,9,55,0,0,1.0,95,3.0,24,0.0,0
1791216672,2.0,5.1,0.5,0.0,445,0,224,48,48,9,56,0,0,1.0,95,4.0,24,0.0,0
1791216673,3.0,6.9,1.5,0.0,445,0,248,48,48,9,57,0,0,1.0,95,5.0,24,0.0,0
1791216674,4.1,3.1,0.5,0.0,445,0,212,48,48,9,58,0,0,1.0,95,3.0,24,0.0,0
1791216675,3.0,8.1,1.0,0.0,445,0,216,48,48,9,55,0,0,2.0,95,4.0,24,0.0,0
1791216676,2.1,6.0,1.0,0.0,445,0,224,48,48,9,56,0,0,1.0,95,5.0,24,0.0,0
1791216677,3.0,6.1,0.5,0.0,444,0,240,48,47,11,57,0,0,1.0,95,4.0,24,0.0,0
1791216678,2.1,6.0,1.0,0.0,444,0,264,49,48,11,58,0,0,2.0,95,3.0,24,0.0,0
1791216679,4.0,3.0,1.0,0.0,445,0,204,48,48,11,54,0,0,1.0,95,5.0,24,0.0,0
1791216680,3.1,6.1,0.5,0.0,445,0,296,48,48,11,55,0,0,2.0,95,2.0,24,0.0,0
1791216681,4.0,5.0,1.0,0.0,445,0,228,49,48,9,57,0,0,1.0,95,4.0,24,0.0,0
1791216682,3.0,7.1,1.0,0.0,445,0,220,48,48,9,58,0,0,1.0,95,5.0,24,0.0,0
1791216683,2.0,7.1,3.6,0.0,445,0,512,48,48,9,54,0,0,2.0,95,4.0,24,0.0,0
1791216684,3.9,6.0,1.5,0.0,445,0,220,49,48,11,55,0,0,1.0,95,5.0,24,0.0,0
1791216685,2.1,5.1,1.0,0.0,444,0,212,48,48,11,56,0,0,2.0,95,3.0,24,0.0,0
1791216686,4.0,6.0,10.9,0.0,444,0,152,49,48,11,57,0,0,1.0,95,4.0,24,0.0,0
1791216687,2.1,5.1,1.5,0.0,444,0,304,48,48,11,57,0,0,1.0,95,4.0,24,0.0,0
1791216688,4.0,5.0,1.5,0.0,444,0,236,48,48,11,57,0,0,2.0,95,3.0,24,0.0,0
1791216689,3.1,5.1,0.5,0.0,444,0,204,48,48,11,58,0,0,1.0,95,4.0,24,0.0,0
1791216690,4.0,5.0,1.0,0.0,444,0,208,48,48,11,59,0,0,2.0,95,4.0,24,0.0,0
1791216691,4.0,8.1,2.5,0.0,444,0,368,50,50,9,61,0,0,1.0,95,4.0,24,0.0,0
1791216692,2.0,5.2,1.0,0.0,444,0,360,48,48,9,59,0,0,2.0,95,4.0,24,0.0,0
1791216693,2.0,6.0,1.5,0.0,444,0,256,48,48,9,59,0,0,1.0,95,5.0,24,0.0,0
1791216694,4.0,6.0,2.0,0.0,444,0,228,49,48,9,60,0,0,1.0,95,3.0,24,0.0,0
1791216695,2.1,4.0,1.0,0.0,444,0,292,48,48,11,60,0,0,1.0,95,4.0,24,0.0,0
1791216696,4.0,5.1,2.5,0.0,444,0,308,48,48,11,58,0,0,1.0,95,2.0,24,0.0,0
1791216697,0.0,5.0,1.0,0.0,444,0,204,23,23,11,59,0,0,1.0,95,2.0,24,0.0,0
1791216698,1.0,4.0,2.5,0.0,444,0,224,0,0,11,59,0,0,0.0,95,0.0,24,0.0,0
1791216699,0.0,2.0,0.0,0.0,444,0,0,0,0,11,59,0,0,0.0,95,0.0,24,0.0,0
1791216700,0.0,3.0,0.0,0.0,444,0,0,0,0,7,57,0,0,0.0,95,0.0,24,0.0,0
1791216701,0.0,2.0,0.0,0.0,444,0,0,0,0,5,58,0,0,0.0,95,0.0,24,0.0,0
1791216702,0.0,2.0,0.0,0.0,444,0,4,0,0,5,58,0,0,1.0,95,0.0,24,0.0,0
1791216703,2.0,2.0,0.0,0.0,445,0,0,2,1,6,58,0,0,0.0,95,0.0,24,0.0,0
1791216704,4.0,33.0,0.0,0.0,472,0,44,3,2,6,54,0,0,0.0,95,0.0,24,0.0,0
