window_start,req_per_s,p50_ms,p95_ms,p99_ms,error_pct,wrong_redirects,statuses,load_cpu_pct,create_p99_ms,redirect_p99_ms,sfp-rehearsal_cpu_avg_pct,sfp-rehearsal_cpu_top_core_pct,sfp-rehearsal_mem_mb,sfp-rehearsal_node_cpu_pct,sfp-rehearsal_nginx_cpu_pct,sfp-rehearsal_steal_pct,sfp-rehearsal_accept_queue_max,sfp-rehearsal_turned_away,valid
1791215850,8.5,9.4,12.0,19.4,0.0,0,201:4 301:81,8.0,28.2,13.5,,,,,,,,,ok
1791215860,21.0,9.4,14.2,17.7,0.0,0,201:10 301:200,5.0,17.6,17.8,,,,,,,,,ok
1791215870,20.9,9.2,13.5,18.1,0.0,0,201:10 301:199,5.0,20.6,14.8,,,,,,,,,ok
1791215880,21.2,8.4,13.1,18.0,0.0,0,201:11 301:201,5.0,20.0,13.8,,,,,,,,,ok
1791215890,20.8,8.7,12.7,19.3,0.0,0,201:9 301:199,5.0,19.2,18.0,,,,,,,,,ok
1791215900,21.0,8.5,12.9,17.4,0.0,0,201:10 301:200,6.0,20.3,14.7,,,,,,,,,ok
1791215910,21.1,9.3,13.6,17.4,0.0,0,201:10 301:201,5.0,22.3,16.6,,,,,,,,,ok
1791215920,21.0,9.2,12.8,15.7,0.0,0,201:10 301:200,5.0,18.5,15.2,,,,,,,,,ok
1791215930,21.0,8.8,11.9,15.9,0.0,0,201:10 301:200,5.0,15.7,15.8,,,,,,,,,ok
1791215940,21.0,8.9,12.6,14.4,0.0,0,201:10 301:200,5.0,15.1,13.8,,,,,,,,,ok
1791215950,21.0,8.7,12.0,13.7,0.0,0,201:10 301:200,5.0,12.8,13.7,,,,,,,,,ok
1791215960,20.9,9.0,12.4,15.0,0.0,0,201:10 301:199,5.0,16.0,13.6,,,,,,,,,ok
1791215970,21.0,8.2,13.2,19.6,0.0,0,201:10 301:200,4.0,19.6,16.4,,,,,,,,,ok
1791215980,21.1,9.1,13.0,15.3,0.0,0,201:10 301:201,5.0,17.0,14.8,,,,,,,,,ok
1791215990,15.6,9.1,12.3,14.9,0.0,0,201:8 301:148,4.0,14.1,14.9,,,,,,,,,SATURATED: 21 requests not sent
1791216000,3.4,0.0,0.0,0.0,100.0,0,0:34,4.0,0.0,0.0,,,,,,,,,SATURATED: 88 requests not sent
1791216010,12.3,0.0,0.0,0.0,100.0,0,0:123,4.0,0.0,0.0,,,,,,,,,SATURATED: 44 requests not sent
1791216020,16.5,0.0,0.0,0.0,100.0,0,0:165,4.0,0.0,0.0,,,,,,,,,SATURATED: 23 requests not sent
1791216030,18.7,0.0,0.0,0.0,100.0,0,0:187,4.0,0.0,0.0,,,,,,,,,SATURATED: 11 requests not sent
1791216040,19.9,0.0,0.0,0.0,100.0,0,0:199,4.0,0.0,0.0,,,,,,,,,SATURATED: 5 requests not sent
1791216050,20.5,0.0,0.0,0.0,100.0,0,0:205,4.0,0.0,0.0,,,,,,,,,SATURATED: 3 requests not sent
1791216060,20.7,0.0,0.0,0.0,100.0,0,0:207,4.0,0.0,0.0,,,,,,,,,SATURATED: 1 requests not sent
1791216070,20.9,0.0,0.0,0.0,100.0,0,0:209,5.0,0.0,0.0,,,,,,,,,SATURATED: 1 requests not sent
1791216080,20.9,0.0,0.0,0.0,100.0,0,0:209,3.0,0.0,0.0,,,,,,,,,ok
1791216090,21.0,0.0,0.0,0.0,100.0,0,0:210,4.0,0.0,0.0,,,,,,,,,ok
1791216100,21.0,0.0,0.0,0.0,100.0,0,0:210,3.0,0.0,0.0,,,,,,,,,ok
1791216110,21.0,0.0,0.0,0.0,100.0,0,0:210,10.0,0.0,0.0,,,,,,,,,ok
1791216120,36.6,0.0,0.0,0.0,100.0,0,0:366,6.0,0.0,0.0,,,,,,,,,ok
1791216130,26.4,0.0,0.0,0.0,100.0,0,0:264,4.0,0.0,0.0,,,,,,,,,ok
1791216140,21.0,0.0,0.0,0.0,100.0,0,0:210,4.0,0.0,0.0,,,,,,,,,ok
1791216150,21.0,0.0,0.0,0.0,100.0,0,0:210,4.0,0.0,0.0,,,,,,,,,ok
1791216160,21.0,0.0,0.0,0.0,100.0,0,0:210,5.0,0.0,0.0,,,,,,,,,ok
1791216170,21.0,0.0,0.0,0.0,100.0,0,0:210,3.0,0.0,0.0,,,,,,,,,ok
1791216180,21.0,0.0,0.0,0.0,100.0,0,0:210,6.0,0.0,0.0,,,,,,,,,ok
1791216190,20.9,0.0,7.4,8.5,92.82,0,0:194 301:15,3.0,0.0,8.6,,,,,,,,,ok
1791216200,20.9,7.5,11.8,15.9,0.0,0,201:10 301:199,7.0,17.5,11.9,,,,,,,,,ok
1791216210,21.1,7.6,11.3,15.7,0.0,0,201:10 301:201,7.0,16.4,13.6,7.0,8.0,439,3.0,6.0,0.0,0,0,ok
1791216220,20.9,7.3,10.9,16.0,0.0,0,201:10 301:199,6.0,19.4,13.6,7.0,8.0,439,3.0,6.0,0.0,0,0,ok
1791216230,21.1,7.4,11.5,13.1,0.0,0,201:10 301:201,6.0,14.3,13.1,6.0,7.0,439,3.0,6.0,0.0,0,0,ok
1791216240,20.9,7.2,10.2,12.8,0.0,0,201:10 301:199,6.0,12.8,11.6,6.0,8.0,439,3.0,6.0,0.0,0,0,ok
1791216250,21.2,7.3,10.9,14.6,0.0,0,201:11 301:201,6.0,15.5,12.5,6.0,8.0,439,3.0,5.0,0.0,0,0,ok
1791216260,21.0,7.1,10.7,13.8,0.0,0,201:10 301:200,6.0,17.2,12.8,6.0,7.0,439,3.0,6.0,0.0,0,0,ok
1791216270,20.8,7.3,10.4,14.2,0.0,0,201:9 301:199,6.0,14.2,13.8,6.0,7.0,439,3.0,5.0,0.0,0,0,ok
1791216280,21.1,7.3,11.8,23.5,0.0,0,201:10 301:201,6.0,38.8,16.3,6.0,8.0,439,2.0,5.0,0.0,0,0,ok
1791216290,21.0,7.1,11.1,22.2,0.0,0,201:10 301:200,8.0,30.4,11.8,6.0,8.0,439,3.0,5.0,0.0,0,0,ok
1791216300,21.0,7.3,11.2,15.4,0.0,0,201:10 301:200,8.0,16.4,12.5,6.0,9.0,441,3.0,5.0,0.0,0,0,ok
1791216310,21.0,7.4,10.5,12.5,0.0,0,201:10 301:200,7.0,13.9,12.2,6.0,7.0,441,3.0,5.0,0.0,0,0,ok
1791216320,21.0,7.6,10.9,13.3,0.0,0,201:10 301:200,8.0,16.0,11.0,6.0,7.0,441,2.0,5.0,0.0,0,0,ok
1791216330,20.9,7.4,10.1,12.7,0.0,0,201:10 301:199,6.0,12.7,11.1,6.0,8.0,440,2.0,6.0,0.0,0,0,ok
1791216340,21.0,7.1,10.9,13.0,0.0,0,201:10 301:200,7.0,13.0,13.0,6.0,7.0,440,2.0,5.0,0.0,0,0,ok
1791216350,21.0,7.4,11.4,13.2,0.0,0,201:10 301:200,6.0,13.2,13.3,6.0,7.0,440,3.0,5.0,0.0,0,0,ok
1791216360,21.1,7.5,10.4,14.9,0.0,0,201:10 301:201,7.0,14.9,13.3,6.0,7.0,440,3.0,6.0,0.0,0,0,ok
1791216370,21.0,7.2,10.5,14.5,0.0,0,201:10 301:200,7.0,14.6,13.4,6.0,7.0,440,2.0,5.0,0.0,0,0,ok
1791216380,21.1,7.3,11.1,13.8,0.0,0,201:11 301:200,7.0,13.8,12.0,5.0,7.0,440,3.0,5.0,0.0,0,0,ok
1791216390,21.0,7.0,9.3,13.1,0.0,0,201:10 301:200,6.0,12.3,13.2,6.0,6.0,440,2.0,5.0,0.0,0,0,ok
1791216400,20.8,7.3,11.1,13.5,0.0,0,201:9 301:199,6.0,13.4,12.7,6.0,7.0,440,2.0,6.0,0.0,0,0,ok
1791216410,21.2,7.2,10.7,15.1,0.0,0,201:11 301:201,5.0,16.0,11.9,6.0,8.0,440,2.0,5.0,0.0,0,0,ok
1791216420,20.9,7.2,11.2,13.4,0.0,0,201:9 301:200,7.0,13.4,12.2,7.0,8.0,440,2.0,6.0,0.0,0,0,ok
1791216430,21.1,7.1,10.4,13.3,0.0,0,201:11 301:200,8.0,16.2,12.4,11.0,17.0,454,3.0,5.0,0.0,0,0,ok
1791216440,20.9,7.2,10.2,11.7,0.0,0,201:10 301:199,7.0,11.7,11.3,6.0,8.0,454,2.0,5.0,0.0,0,0,ok
1791216450,21.0,7.2,10.6,14.7,0.0,0,201:9 301:201,6.0,36.2,13.4,6.0,8.0,454,3.0,5.0,0.0,0,0,ok
1791216460,20.9,7.3,11.1,14.9,0.0,0,201:10 301:199,6.0,39.2,14.0,6.0,7.0,454,2.0,6.0,0.0,0,0,ok
1791216470,21.2,6.9,10.3,11.0,0.0,0,201:11 301:201,7.0,11.8,10.8,6.0,8.0,453,2.0,5.0,0.0,0,0,ok
1791216480,20.9,7.1,10.8,14.7,0.0,0,201:9 301:200,4.0,17.8,12.4,6.0,7.0,453,2.0,6.0,0.0,0,0,ok
1791216490,20.9,6.8,10.5,12.1,0.0,0,201:10 301:199,5.0,12.2,11.6,5.0,7.0,452,2.0,6.0,0.0,0,0,ok
1791216500,21.0,7.3,11.2,14.7,0.0,0,201:10 301:200,6.0,15.6,13.8,6.0,8.0,451,3.0,6.0,0.0,0,0,ok
1791216510,21.0,7.0,9.4,12.0,0.0,0,201:10 301:200,6.0,14.7,10.6,6.0,8.0,451,2.0,5.0,0.0,0,0,ok
1791216520,21.2,7.1,10.5,13.8,0.0,0,201:11 301:201,7.0,14.6,11.2,6.0,7.0,451,2.0,5.0,0.0,0,0,ok
1791216530,21.0,7.3,10.7,13.7,0.0,0,201:10 301:200,8.0,11.9,13.8,6.0,8.0,450,2.0,6.0,0.0,0,0,ok
1791216540,21.0,7.3,9.8,11.3,0.0,0,201:10 301:200,8.0,11.5,10.9,6.0,7.0,450,2.0,5.0,0.0,0,0,ok
1791216550,21.0,7.2,10.4,12.1,0.0,0,201:10 301:200,7.0,13.7,11.8,7.0,9.0,449,2.0,5.0,0.0,0,0,ok
1791216560,20.8,7.2,10.6,13.2,0.0,0,201:9 301:199,6.0,11.8,13.3,5.0,7.0,449,2.0,6.0,0.0,0,0,ok
1791216570,21.2,7.0,10.1,12.1,0.0,0,201:11 301:201,6.0,11.1,12.2,8.0,10.0,449,4.0,5.0,0.0,0,0,ok
1791216580,20.8,7.2,10.1,18.4,0.0,0,201:9 301:199,8.0,25.8,13.6,5.0,8.0,448,2.0,5.0,0.0,0,0,ok
1791216590,21.2,6.9,9.7,11.4,0.0,0,201:11 301:201,7.0,14.7,9.8,6.0,8.0,448,2.0,5.0,0.0,0,0,ok
1791216600,21.0,7.0,9.5,11.0,0.0,0,201:10 301:200,6.0,14.1,9.8,5.0,7.0,448,2.0,6.0,0.0,0,0,ok
1791216610,21.0,7.1,9.7,12.3,0.0,0,201:10 301:200,7.0,14.4,11.5,6.0,6.0,447,3.0,5.0,0.0,0,0,ok
1791216620,20.8,6.9,9.2,11.9,0.0,0,201:9 301:199,7.0,15.0,9.6,5.0,8.0,447,2.0,5.0,0.0,0,0,ok
1791216630,21.1,7.2,10.6,11.9,0.0,0,201:10 301:201,6.0,11.8,11.6,6.0,8.0,446,4.0,6.0,0.0,0,0,ok
1791216640,21.0,7.0,10.2,11.5,0.0,0,201:10 301:200,6.0,11.5,11.2,5.0,7.0,446,2.0,5.0,0.0,0,0,ok
1791216650,20.9,7.0,9.9,12.2,0.0,0,201:10 301:199,8.0,12.7,10.1,6.0,8.0,445,2.0,5.0,0.0,0,0,ok
1791216660,21.2,6.9,9.3,11.9,0.0,0,201:11 301:201,7.0,11.9,11.1,6.0,7.0,445,2.0,5.0,0.0,0,0,ok
1791216670,21.0,6.9,9.6,12.0,0.0,0,201:10 301:200,6.0,12.7,10.7,6.0,8.0,445,2.0,5.0,0.0,0,0,ok
1791216680,20.9,6.8,9.8,10.4,0.0,0,201:9 301:200,7.0,12.5,10.2,5.0,7.0,445,2.0,5.0,0.0,0,0,ok
1791216690,12.6,6.8,9.3,10.3,0.0,0,201:7 301:119,16.0,10.3,10.0,6.0,8.0,444,2.0,5.0,0.0,0,0,ok
