ts,cpu0_busy_pct,cpu1_busy_pct,cpu_iowait_pct,cpu_steal_pct,mem_used_mb,disk_read_kbps,disk_write_kbps,net_rx_kbps,net_tx_kbps,tcp_inuse,tcp_timewait,node_cpu_pct,node_rss_mb,nginx_cpu_pct,nginx_rss_mb,k6_cpu_pct,k6_rss_mb
1791113910,1.0,2.9,0.0,0.0,503,0,0,1,0,6,2,0.0,84,0.0,29,0.0,0
1791113911,0.0,3.0,0.0,0.0,503,0,56,0,0,6,2,0.0,84,0.0,29,0.0,0
1791113912,22.7,26.5,0.5,0.0,504,0,164,230,227,17,2,19.0,87,24.0,29,0.0,0
1791113913,28.6,21.2,0.0,0.0,498,0,184,240,236,21,3,14.0,87,25.0,29,0.0,0
1791113914,20.4,21.6,1.0,0.0,498,0,180,237,233,21,2,13.0,87,25.0,29,0.0,0
1791113915,26.0,15.3,0.0,0.0,498,0,168,237,234,21,3,10.0,87,25.0,29,0.0,0
1791113916,17.7,25.5,0.0,0.0,498,0,196,237,233,17,5,12.0,87,26.0,29,0.0,0
1791113917,20.8,19.4,1.0,0.0,498,0,1980,237,233,13,9,11.0,88,23.0,29,0.0,0
1791113918,21.9,25.5,0.5,0.0,499,0,192,241,238,15,10,11.0,90,26.0,29,0.0,0
1791113919,21.4,18.6,0.5,0.0,499,0,188,238,235,15,11,8.0,90,25.0,29,0.0,0
1791113920,24.0,23.5,0.5,0.0,499,0,180,239,236,15,12,15.0,93,26.0,29,0.0,0
1791113921,25.5,18.8,0.0,0.0,499,0,188,239,237,15,13,8.0,93,29.0,29,0.0,0
1791113922,18.8,19.4,0.0,0.0,499,0,192,239,236,15,13,8.0,93,23.0,29,0.0,0
1791113923,17.5,21.2,1.0,0.0,499,0,180,236,233,13,15,9.0,93,25.0,29,0.0,0
1791113924,22.9,19.4,0.0,0.0,499,0,172,238,235,13,17,9.0,93,27.0,29,0.0,0
1791113925,21.9,23.2,0.0,0.0,499,0,184,239,235,17,19,9.0,93,26.0,29,0.0,0
1791113926,19.2,22.2,1.0,0.0,501,0,180,238,236,17,19,9.0,93,24.0,29,0.0,0
1791113927,22.7,13.4,0.0,0.0,501,0,180,237,234,17,21,7.0,93,23.0,29,0.0,0
1791113928,23.7,13.1,0.0,0.0,501,0,188,236,232,17,21,9.0,93,22.0,29,0.0,0
1791113929,17.3,21.6,0.5,0.0,501,0,168,238,235,15,22,8.0,93,25.0,29,0.0,0
1791113930,28.1,17.3,0.5,0.0,501,0,176,240,237,15,22,7.0,93,25.0,29,0.0,0
1791113931,11.5,22.4,0.0,0.0,501,0,180,237,232,15,24,7.0,93,24.0,29,0.0,0
1791113932,28.6,13.3,0.5,0.0,496,0,180,240,237,13,27,7.0,93,24.0,29,0.0,0
1791113933,21.6,16.5,0.0,0.0,496,0,204,237,233,15,29,7.0,93,26.0,29,0.0,0
1791113934,24.5,20.0,0.5,0.0,496,0,168,239,236,13,32,8.0,93,26.0,29,0.0,0
1791113935,21.9,18.8,0.5,0.0,496,0,180,238,235,15,34,9.0,93,28.0,29,0.0,0
1791113936,18.8,19.4,0.0,0.0,496,0,172,237,234,15,36,7.0,93,26.0,29,0.0,0
1791113937,16.3,25.5,1.0,0.0,490,0,192,239,235,15,37,7.0,93,23.0,29,0.0,0
1791113938,22.9,22.0,0.0,0.0,490,0,224,239,236,13,39,9.0,93,28.0,29,0.0,0
1791113939,18.2,20.0,0.0,0.0,490,0,168,237,235,15,39,6.0,93,24.0,29,0.0,0
1791113940,24.5,17.3,1.0,0.0,490,0,188,241,238,15,40,7.0,93,25.0,29,0.0,0
1791113941,22.9,15.8,0.0,0.0,490,0,172,237,233,15,40,8.0,93,23.0,29,0.0,0
1791113942,16.7,16.3,0.5,0.0,490,0,488,238,236,15,41,6.0,93,19.0,29,0.0,0
1791113943,18.6,10.3,0.0,0.0,490,0,196,235,231,15,43,6.0,93,19.0,29,0.0,0
1791113944,16.5,20.0,0.5,0.0,490,0,192,238,235,13,45,7.0,93,22.0,29,0.0,0
1791113945,13.3,23.5,0.5,0.0,491,0,192,240,236,17,47,6.0,93,22.0,29,0.0,0
1791113946,22.7,15.6,0.0,0.0,491,0,176,239,235,17,48,8.0,93,24.0,29,0.0,0
1791113947,20.2,16.3,0.5,0.0,491,0,168,237,235,17,49,7.0,93,23.0,29,0.0,0
1791113948,18.8,16.7,0.0,0.0,491,0,188,237,233,17,51,7.0,93,25.0,29,0.0,0
1791113949,26.8,12.1,0.5,0.0,489,0,736,238,236,15,53,7.0,93,25.0,29,0.0,0
1791113950,18.6,23.5,0.5,0.0,490,0,184,239,235,15,53,7.0,93,25.0,29,0.0,0
1791113951,24.7,14.4,0.5,0.0,491,0,172,238,235,13,54,7.0,93,26.0,29,0.0,0
1791113952,24.7,19.2,0.0,0.0,490,0,180,238,234,13,55,7.0,93,25.0,29,0.0,0
1791113953,20.4,12.4,0.5,0.0,490,0,184,238,236,12,57,7.0,93,23.0,29,0.0,0
1791113954,14.4,22.9,0.5,0.0,490,0,168,237,232,13,58,7.0,93,23.0,29,0.0,0
1791113955,18.8,19.2,0.5,0.0,490,0,212,239,237,15,59,7.0,93,24.0,29,0.0,0
1791113956,22.7,15.5,0.0,0.0,490,0,188,238,233,17,61,7.0,93,24.0,29,0.0,0
1791113957,14.6,20.4,0.5,0.0,490,0,168,237,234,17,63,7.0,93,23.0,29,0.0,0
1791113958,18.8,18.2,0.0,0.0,491,0,180,237,234,17,64,8.0,93,23.0,29,0.0,0
1791113959,23.5,16.7,0.5,0.0,491,0,176,240,237,17,65,7.0,93,25.0,29,0.0,0
1791113960,18.8,22.4,0.5,0.0,491,0,216,238,235,15,67,9.0,93,26.0,29,0.0,0
1791113961,21.6,17.5,0.0,0.0,491,0,176,237,234,15,68,9.0,93,25.0,29,0.0,0
1791113962,26.3,21.4,0.5,0.0,490,0,180,238,236,14,69,7.0,93,26.0,29,0.0,0
1791113963,25.0,14.3,0.0,0.0,490,0,180,239,234,15,69,10.0,93,26.0,29,0.0,0
1791113964,13.5,25.7,1.0,0.0,490,0,180,238,234,13,70,7.0,93,24.0,29,0.0,0
1791113965,25.5,20.6,0.0,0.0,491,0,176,239,236,13,71,8.0,93,26.0,29,0.0,0
1791113966,17.3,18.9,0.0,0.0,491,0,184,238,235,15,72,8.0,93,26.0,29,0.0,0
1791113967,20.6,21.4,0.5,0.0,492,0,200,239,237,15,72,7.0,93,23.0,29,0.0,0
1791113968,21.1,18.2,0.5,0.0,492,0,184,239,236,15,72,7.0,93,26.0,29,0.0,0
1791113969,21.4,17.3,0.0,0.0,492,0,168,239,234,15,72,7.0,93,26.0,29,0.0,0
1791113970,18.2,25.0,1.0,0.0,493,0,180,240,237,15,72,7.0,93,24.0,29,0.0,0
1791113971,22.1,18.6,0.0,0.0,494,0,192,239,236,16,74,7.0,93,26.0,29,0.0,0
1791113972,25.0,17.5,0.0,0.0,492,0,172,240,237,14,76,7.0,93,26.0,29,0.0,0
1791113973,20.4,20.2,1.0,0.0,492,0,496,239,236,12,79,7.0,93,26.0,29,0.0,0
1791113974,13.8,19.6,0.0,0.0,492,0,180,239,237,12,80,7.0,93,23.0,29,0.0,0
1791113975,21.6,16.2,0.0,0.0,490,0,200,238,235,11,82,6.0,93,25.0,29,0.0,0
1791113976,23.5,12.1,1.0,0.0,490,0,180,239,235,11,77,7.0,93,24.0,29,0.0,0
1791113977,26.5,16.5,0.0,0.0,490,0,200,240,237,13,77,7.0,93,25.0,29,0.0,0
1791113978,18.9,16.2,0.5,0.0,490,0,200,238,233,13,78,6.0,93,24.0,29,0.0,0
1791113979,15.3,21.6,0.5,0.0,490,0,200,239,235,13,78,7.0,93,25.0,29,0.0,0
1791113980,22.1,23.0,0.5,0.0,491,0,876,241,238,13,73,8.0,93,24.0,29,0.0,0
1791113981,20.8,18.4,0.0,0.0,491,0,176,238,235,13,74,6.0,93,27.0,29,0.0,0
1791113982,23.2,20.6,0.5,0.0,490,0,180,239,236,15,75,7.0,93,25.0,29,0.0,0
1791113983,17.5,21.0,0.0,0.0,491,0,184,237,234,15,77,7.0,93,26.0,29,0.0,0
1791113984,24.7,15.5,0.5,0.0,491,0,172,238,235,13,74,7.0,93,28.0,29,0.0,0
1791113985,15.6,24.7,0.5,0.0,491,0,184,241,239,13,74,6.0,93,24.0,29,0.0,0
1791113986,18.6,18.4,0.0,0.0,491,0,176,238,235,13,76,7.0,93,23.0,29,0.0,0
1791113987,21.6,14.1,0.5,0.0,491,0,208,237,233,15,76,6.0,93,24.0,29,0.0,0
1791113988,16.3,15.8,0.0,0.0,491,0,180,238,235,14,73,6.0,93,21.0,29,0.0,0
1791113989,12.5,22.0,0.5,0.0,491,0,168,239,235,15,73,8.0,93,22.0,29,0.0,0
1791113990,21.9,23.0,0.0,0.0,492,0,180,242,238,15,74,6.0,93,26.0,29,0.0,0
1791113991,16.3,23.5,0.5,0.0,492,0,176,239,236,15,75,8.0,93,25.0,29,0.0,0
1791113992,16.7,23.2,1.0,0.0,492,0,168,238,234,15,71,8.0,93,26.0,29,0.0,0
1791113993,24.7,19.4,0.0,0.0,492,0,184,238,234,17,72,7.0,93,28.0,29,0.0,0
1791113994,16.7,26.8,0.0,0.0,491,0,172,239,236,19,73,9.0,93,28.0,29,0.0,0
1791113995,23.7,18.6,1.0,0.0,491,0,184,240,238,18,74,8.0,93,25.0,29,0.0,0
1791113996,15.3,23.5,0.5,0.0,491,0,172,238,235,19,66,7.0,93,25.0,29,0.0,0
1791113997,20.8,21.4,0.0,0.0,491,0,184,238,235,17,68,7.0,93,23.0,29,0.0,0
1791113998,16.5,19.4,0.0,0.0,491,0,184,238,234,17,70,8.0,93,24.0,29,0.0,0
1791113999,18.6,22.7,0.5,0.0,491,0,168,239,235,15,73,6.0,93,28.0,29,0.0,0
1791114000,21.2,18.2,0.5,0.0,491,0,180,238,235,13,71,6.0,93,25.0,29,0.0,0
1791114001,17.5,13.1,0.5,0.0,491,0,172,236,231,15,72,7.0,93,21.0,29,0.0,0
1791114002,20.6,17.3,0.0,0.0,491,0,216,239,238,15,73,6.0,93,16.0,29,0.0,0
1791114003,12.2,19.4,0.5,0.0,491,0,180,237,234,15,74,6.0,93,22.0,29,0.0,0
1791114004,15.6,18.2,0.5,0.0,492,0,480,238,236,13,71,8.0,93,19.0,29,0.0,0
1791114005,21.9,14.1,0.0,0.0,492,0,212,238,234,13,71,7.0,94,21.0,29,0.0,0
1791114006,17.3,16.2,1.0,0.0,492,0,172,236,234,13,71,7.0,94,22.0,29,0.0,0
1791114007,26.0,15.5,0.0,0.0,493,0,184,239,235,15,72,6.0,94,26.0,29,0.0,0
1791114008,17.5,21.4,0.0,0.0,493,0,180,238,235,15,69,10.0,94,21.0,29,0.0,0
1791114009,16.3,21.6,1.0,0.0,493,0,176,238,233,15,70,7.0,94,26.0,29,0.0,0
1791114010,26.8,15.0,0.5,0.0,491,0,188,239,237,17,70,7.0,94,25.0,29,0.0,0
1791114011,15.3,22.7,0.0,0.0,491,0,172,237,234,16,71,6.0,94,24.0,29,0.0,0
1791114012,27.8,16.3,0.5,0.0,491,0,904,240,235,17,72,8.0,94,25.0,29,0.0,0
1791114013,21.4,18.4,1.0,0.0,491,0,184,239,235,17,68,7.0,94,27.0,29,0.0,0
1791114014,14.7,20.2,0.0,0.0,491,0,168,238,236,13,70,6.0,94,24.0,29,0.0,0
1791114015,25.3,21.8,0.5,0.0,491,0,184,238,234,13,71,13.0,94,25.0,29,0.0,0
1791114016,28.4,15.5,0.0,0.0,491,0,168,237,234,13,71,15.0,94,24.0,29,0.0,0
1791114017,24.0,16.5,0.0,0.0,492,0,184,239,235,15,66,9.0,94,25.0,29,0.0,0
1791114018,19.2,20.0,1.0,0.0,492,0,256,237,233,13,66,7.0,94,22.0,29,0.0,0
1791114019,27.4,15.3,0.0,0.0,492,0,180,238,235,15,67,10.0,94,24.0,29,0.0,0
1791114020,16.2,22.4,0.5,0.0,492,0,184,239,236,15,68,7.0,94,24.0,29,0.0,0
1791114021,20.8,15.3,0.0,0.0,492,0,176,237,232,13,66,6.0,94,23.0,29,0.0,0
1791114022,24.5,14.3,1.0,0.0,488,0,180,238,235,13,67,11.0,91,24.0,29,0.0,0
1791114023,23.7,18.8,0.0,0.0,488,0,172,237,232,13,67,11.0,92,23.0,29,0.0,0
1791114024,28.6,20.2,0.5,0.0,489,0,200,239,237,13,68,11.0,92,27.0,29,0.0,0
1791114025,19.8,19.4,0.5,0.0,489,0,180,237,233,17,67,10.0,92,22.0,29,0.0,0
1791114026,18.6,22.2,0.5,0.0,489,0,168,239,234,17,67,11.0,92,25.0,29,0.0,0
1791114027,26.5,23.7,0.0,0.0,489,0,192,239,236,17,68,10.0,92,26.0,29,0.0,0
1791114028,16.2,22.4,1.0,0.0,489,0,172,239,236,17,70,8.0,92,24.0,29,0.0,0
1791114029,25.8,14.0,0.0,0.0,489,0,172,238,234,13,71,9.0,92,24.0,29,0.0,0
1791114030,18.8,22.7,0.0,0.0,489,0,184,238,234,13,72,14.0,92,24.0,29,0.0,0
1791114031,21.4,20.0,1.0,0.0,489,0,168,239,237,12,73,7.0,92,23.0,29,0.0,0
1791114032,20.8,21.2,0.0,0.0,489,0,188,238,233,15,74,8.0,92,26.0,29,0.0,0
1791114033,20.0,22.4,0.5,0.0,489,0,172,238,235,15,69,7.0,92,29.0,29,0.0,0
1791114034,22.3,15.5,0.0,0.0,490,0,180,239,236,15,69,7.0,92,25.0,29,0.0,0
1791114035,21.2,19.2,0.0,0.0,490,0,484,238,235,15,70,7.0,92,24.0,29,0.0,0
1791114036,17.9,22.7,0.5,0.0,489,0,168,239,235,13,73,7.0,92,24.0,29,0.0,0
1791114037,18.2,19.2,0.5,0.0,489,0,188,238,237,15,68,8.0,92,25.0,29,0.0,0
1791114038,17.5,16.7,0.0,0.0,489,0,168,238,233,15,69,7.0,92,21.0,29,0.0,0
1791114039,17.3,17.2,1.0,0.0,489,0,192,237,234,15,70,8.0,92,22.0,29,0.0,0
1791114040,20.6,17.3,0.0,0.0,489,0,180,238,236,15,71,7.0,92,23.0,29,0.0,0
1791114041,16.5,25.8,0.5,0.0,490,0,176,241,237,15,65,7.0,92,26.0,29,0.0,0
1791114042,20.6,16.5,0.0,0.0,490,0,176,239,235,15,66,8.0,92,25.0,29,0.0,0
1791114043,18.8,22.2,0.5,0.0,489,0,684,239,237,14,67,7.0,92,24.0,29,0.0,0
1791114044,19.4,18.9,0.5,0.0,490,0,200,239,235,13,69,7.0,92,25.0,29,0.0,0
1791114045,15.5,24.2,0.5,0.0,490,0,176,238,235,13,67,8.0,92,28.0,29,0.0,0
1791114046,24.7,14.4,0.0,0.0,490,0,180,239,237,13,67,6.0,92,25.0,29,0.0,0
1791114047,21.4,17.2,0.5,0.0,490,0,188,239,235,13,68,8.0,92,26.0,29,0.0,0
1791114048,17.3,20.2,0.5,0.0,491,0,172,238,236,15,68,5.0,92,20.0,29,0.0,0
1791114049,20.8,14.3,0.0,0.0,491,0,236,237,233,15,66,7.0,92,24.0,29,0.0,0
1791114050,22.9,12.1,0.5,0.0,491,0,168,237,234,14,67,7.0,92,22.0,29,0.0,0
1791114051,17.5,22.7,0.0,0.0,490,0,196,240,236,15,68,6.0,92,24.0,29,0.0,0
1791114052,17.5,18.0,1.0,0.0,490,0,172,239,236,15,69,8.0,92,24.0,29,0.0,0
1791114053,18.8,21.2,0.0,0.0,490,0,168,240,237,15,70,7.0,92,27.0,29,0.0,0
1791114054,21.6,17.3,0.0,0.0,490,0,184,239,235,15,65,8.0,92,24.0,29,0.0,0
1791114055,19.4,24.7,0.5,0.0,490,0,168,239,236,15,65,6.0,92,27.0,29,0.0,0
1791114056,24.7,17.2,0.5,0.0,490,0,188,240,237,13,67,8.0,92,26.0,29,0.0,0
1791114057,17.3,16.2,0.0,0.0,490,0,176,237,234,15,67,7.0,92,21.0,29,0.0,0
1791114058,20.8,14.3,0.0,0.0,490,0,180,238,237,15,64,7.0,92,21.0,29,0.0,0
1791114059,17.5,20.4,0.5,0.0,490,0,184,238,234,15,65,7.0,92,23.0,29,0.0,0
1791114060,18.4,18.0,0.5,0.0,490,0,168,238,235,13,68,8.0,92,21.0,29,0.0,0
1791114061,18.6,21.6,0.0,0.0,490,0,188,240,237,13,69,7.0,92,23.0,29,0.0,0
1791114062,20.2,14.0,1.0,0.0,490,0,172,237,234,13,66,7.0,92,22.0,29,0.0,0
1791114063,16.5,21.1,0.0,0.0,491,0,188,241,239,14,68,7.0,92,18.0,29,0.0,0
1791114064,15.6,20.8,0.5,0.0,491,0,180,238,235,16,68,7.0,92,23.0,29,0.0,0
1791114065,15.2,17.7,0.5,0.0,491,0,484,237,233,16,69,7.0,92,21.0,29,0.0,0
1791114066,23.5,18.6,0.0,0.0,491,0,208,241,239,16,68,7.0,92,24.0,29,0.0,0
1791114067,16.3,21.2,0.5,0.0,490,0,180,238,235,14,69,7.0,92,24.0,29,0.0,0
1791114068,22.9,19.6,0.0,0.0,488,0,192,239,236,13,70,7.0,92,24.0,29,0.0,0
1791114069,17.5,19.0,0.5,0.0,489,0,204,238,234,13,72,8.0,92,23.0,29,0.0,0
1791114070,22.7,15.3,0.0,0.0,489,0,172,238,235,12,71,6.0,92,25.0,29,0.0,0
1791114071,19.6,21.2,0.0,0.0,489,0,184,238,234,15,72,9.0,92,27.0,29,0.0,0
1791114072,26.8,12.2,0.5,0.0,489,0,172,238,234,15,73,8.0,92,23.0,29,0.0,0
1791114073,28.9,14.3,0.5,0.0,489,0,176,239,238,14,75,7.0,92,25.0,29,0.0,0
1791114074,17.9,20.4,0.5,0.0,490,0,836,238,234,15,71,9.0,92,25.0,29,0.0,0
1791114075,18.2,23.7,0.5,0.0,490,0,176,239,235,13,72,9.0,92,25.0,29,0.0,0
1791114076,21.1,23.5,0.0,0.0,490,0,208,241,237,13,72,8.0,92,27.0,29,0.0,0
1791114077,19.4,17.7,1.0,0.0,490,0,172,238,235,13,72,7.0,92,26.0,29,0.0,0
1791114078,26.0,19.2,0.0,0.0,489,0,192,241,236,13,67,8.0,92,25.0,29,0.0,0
1791114079,19.4,19.6,0.5,0.0,489,0,188,238,236,11,68,8.0,92,26.0,29,0.0,0
1791114080,15.5,23.5,0.5,0.0,489,0,168,238,235,11,68,7.0,92,26.0,29,0.0,0
1791114081,21.6,20.4,0.0,0.0,489,0,244,241,237,13,70,8.0,92,23.0,29,0.0,0
1791114082,17.7,21.4,0.0,0.0,490,0,172,240,237,13,67,7.0,92,26.0,29,0.0,0
1791114083,20.4,19.2,1.0,0.0,490,0,176,239,235,15,67,8.0,92,26.0,29,0.0,0
1791114084,21.6,17.5,0.0,0.0,490,0,180,238,234,15,69,7.0,92,26.0,29,0.0,0
1791114085,24.2,20.2,0.5,0.0,489,0,552,237,233,15,70,8.0,92,26.0,29,0.0,0
1791114086,22.2,20.6,0.0,0.0,489,0,176,239,236,17,69,8.0,92,25.0,29,0.0,0
1791114087,14.6,22.4,1.0,0.0,490,0,176,238,235,15,72,8.0,92,26.0,29,0.0,0
1791114088,26.3,16.2,0.0,0.0,490,0,168,238,234,15,73,8.0,92,28.0,29,0.0,0
1791114089,18.6,21.4,0.5,0.0,490,0,188,238,235,15,73,7.0,92,25.0,29,0.0,0
1791114090,19.4,21.4,0.5,0.0,489,0,168,239,236,15,67,8.0,92,24.0,29,0.0,0
1791114091,20.6,22.2,0.0,0.0,490,0,180,238,234,13,70,7.0,92,26.0,29,0.0,0
1791114092,19.4,17.2,0.5,0.0,490,0,184,237,233,13,71,7.0,92,24.0,29,0.0,0
1791114093,15.5,21.6,0.0,0.0,490,0,184,238,235,13,71,8.0,92,24.0,29,0.0,0
1791114094,18.2,21.4,1.0,0.0,490,0,172,238,235,15,70,7.0,92,25.0,29,0.0,0
1791114095,23.2,21.0,0.0,0.0,491,0,176,240,237,15,71,7.0,92,25.0,29,0.0,0
1791114096,16.7,19.6,0.5,0.0,491,0,496,239,235,15,72,7.0,92,27.0,29,0.0,0
1791114097,14.4,24.0,0.5,0.0,491,0,168,239,238,14,72,8.0,92,26.0,29,0.0,0
1791114098,26.8,18.4,0.5,0.0,490,0,192,239,235,17,74,8.0,92,25.0,29,0.0,0
1791114099,17.5,23.2,0.0,0.0,490,0,176,239,236,17,66,9.0,92,24.0,29,0.0,0
1791114100,19.6,15.6,0.0,0.0,490,0,168,238,235,17,66,7.0,92,23.0,29,0.0,0
1791114101,11.5,30.0,1.0,0.0,490,0,180,239,236,17,66,8.0,92,29.0,29,0.0,0
1791114102,25.8,20.2,0.0,0.0,490,0,172,240,236,15,68,7.0,92,25.0,29,0.0,0
1791114103,20.6,18.4,0.0,0.0,490,0,180,238,234,15,67,8.0,92,25.0,29,0.0,0
1791114104,19.6,21.4,1.0,0.0,490,0,168,238,235,15,69,7.0,92,27.0,29,0.0,0
1791114105,17.9,26.3,0.0,0.0,489,0,196,240,236,13,70,7.0,92,26.0,29,0.0,0
1791114106,23.5,14.6,0.5,0.0,489,0,552,237,233,13,71,8.0,92,24.0,29,0.0,0
1791114107,18.6,17.0,0.5,0.0,489,0,188,236,232,15,66,6.0,92,24.0,29,0.0,0
1791114108,18.4,16.5,0.5,0.0,489,0,192,237,233,15,67,8.0,93,22.0,29,0.0,0
1791114109,15.2,20.6,0.0,0.0,487,0,168,237,234,15,68,6.0,93,22.0,29,0.0,0
1791114110,24.5,19.2,0.0,0.0,489,0,184,239,238,15,69,7.0,93,25.0,29,0.0,0
1791114111,20.2,17.3,0.5,0.0,489,0,176,237,234,15,68,8.0,93,25.0,29,0.0,0
1791114112,24.0,12.4,0.5,0.0,490,0,220,237,234,15,69,7.0,93,25.0,29,0.0,0
1791114113,12.6,24.5,0.0,0.0,490,0,204,238,235,15,69,8.0,93,26.0,29,0.0,0
1791114114,27.3,16.5,0.5,0.0,489,0,184,239,237,17,69,7.0,93,27.0,29,0.0,0
1791114115,14.4,22.4,0.5,0.0,490,0,184,237,235,17,67,7.0,93,22.0,29,0.0,0
1791114116,14.4,25.0,0.0,0.0,490,0,168,237,234,17,67,8.0,93,27.0,29,0.0,0
1791114117,22.9,21.4,0.0,0.0,490,0,192,239,237,17,68,7.0,93,25.0,29,0.0,0
1791114118,24.7,15.3,1.0,0.0,490,0,176,238,234,15,70,9.0,93,26.0,29,0.0,0
1791114119,23.7,18.8,0.5,0.0,490,0,168,238,235,13,67,8.0,93,25.0,29,0.0,0
1791114120,15.8,16.3,0.0,0.0,490,0,184,237,234,15,67,7.0,93,20.0,29,0.0,0
1791114121,18.4,17.5,0.0,0.0,490,0,168,237,233,15,67,8.0,93,24.0,29,0.0,0
1791114122,21.6,14.3,0.5,0.0,491,0,188,238,237,14,68,6.0,93,20.0,29,0.0,0
1791114123,16.2,18.8,0.5,0.0,491,0,176,236,232,15,62,6.0,93,21.0,29,0.0,0
1791114124,21.3,18.6,0.0,0.0,491,0,180,239,236,13,64,7.0,93,25.0,29,0.0,0
1791114125,14.3,21.4,0.5,0.0,491,0,184,238,236,13,66,7.0,93,22.0,29,0.0,0
1791114126,30.9,13.1,0.5,0.0,492,0,168,238,235,13,68,12.0,94,24.0,29,0.0,0
1791114127,23.7,20.4,0.0,0.0,490,0,500,239,236,15,64,8.0,94,28.0,29,0.0,0
1791114128,22.4,22.7,0.5,0.0,490,0,172,238,235,15,65,14.0,93,24.0,29,0.0,0
1791114129,24.0,19.4,0.5,0.0,490,0,196,239,236,15,66,13.0,93,23.0,29,0.0,0
1791114130,21.2,22.7,0.5,0.0,490,0,180,238,235,15,67,10.0,93,27.0,29,0.0,0
1791114131,22.7,21.2,0.0,0.0,491,0,168,238,234,15,60,11.0,93,27.0,29,0.0,0
1791114132,20.6,25.3,0.5,0.0,490,0,192,241,239,15,61,10.0,93,25.0,29,0.0,0
1791114133,22.7,17.5,0.0,0.0,490,0,172,236,233,15,62,8.0,93,25.0,29,0.0,0
1791114134,24.2,16.5,0.5,0.0,490,0,184,240,237,15,64,8.0,93,23.0,29,0.0,0
1791114135,18.9,20.0,0.5,0.0,491,0,188,239,235,15,60,7.0,93,26.0,29,0.0,0
1791114136,18.6,19.4,0.0,0.0,491,0,168,238,235,15,62,8.0,93,22.0,29,0.0,0
1791114137,27.3,15.3,0.5,0.0,490,0,188,238,234,15,63,8.0,93,28.0,29,0.0,0
1791114138,11.6,28.0,0.5,0.0,490,0,184,239,236,15,62,7.0,93,25.0,29,0.0,0
1791114139,25.3,21.6,0.5,0.0,494,0,756,242,238,13,64,8.0,93,27.0,29,0.0,0
1791114140,13.5,20.2,0.5,0.0,494,0,180,239,237,13,65,7.0,93,22.0,29,0.0,0
1791114141,12.4,23.5,0.0,0.0,494,0,172,238,235,13,66,7.0,93,24.0,29,0.0,0
1791114142,26.8,15.2,0.5,0.0,493,0,188,239,234,15,67,8.0,93,23.0,29,0.0,0
1791114143,17.7,19.4,0.5,0.0,493,0,220,237,236,15,67,6.0,93,26.0,29,0.0,0
1791114144,27.1,22.4,0.0,0.0,491,0,188,242,239,16,66,8.0,93,24.0,29,0.0,0
1791114145,21.4,18.8,0.0,0.0,492,0,196,238,235,16,68,8.0,93,26.0,29,0.0,0
1791114146,20.4,15.2,0.5,0.0,492,0,176,237,233,16,69,6.0,93,23.0,29,0.0,0
1791114147,21.3,16.2,0.5,0.0,489,0,200,239,236,16,70,8.0,93,23.0,29,0.0,0
1791114148,15.3,22.4,0.0,0.0,490,0,184,237,233,15,63,7.0,93,23.0,29,0.0,0
1791114149,12.4,23.5,0.5,0.0,490,0,200,237,234,15,62,7.0,93,23.0,29,0.0,0
1791114150,18.6,18.4,0.5,0.0,490,0,180,239,235,13,63,7.0,93,25.0,29,0.0,0
1791114151,15.5,23.2,0.0,0.0,490,0,172,238,233,15,61,7.0,93,24.0,29,0.0,0
1791114152,23.7,19.4,0.5,0.0,492,0,188,240,238,13,58,8.0,93,26.0,29,0.0,0
1791114153,22.2,15.3,0.5,0.0,492,0,176,238,234,13,59,6.0,93,24.0,29,0.0,0
1791114154,19.6,18.8,0.0,0.0,492,0,168,237,235,13,60,8.0,93,25.0,29,0.0,0
1791114155,22.1,15.3,0.5,0.0,492,0,188,236,231,13,61,8.0,93,25.0,29,0.0,0
1791114156,21.2,26.3,0.5,0.0,491,0,168,240,238,13,61,7.0,93,27.0,29,0.0,0
1791114157,19.8,18.4,0.0,0.0,491,0,484,238,234,13,62,8.0,93,25.0,29,0.0,0
1791114158,18.6,17.3,1.0,0.0,491,0,180,238,235,17,62,7.0,93,26.0,29,0.0,0
1791114159,31.6,16.3,0.0,0.0,491,0,200,240,236,17,62,7.0,93,26.0,29,0.0,0
1791114160,28.9,12.2,0.0,0.0,492,0,212,238,234,18,62,8.0,93,25.0,29,0.0,0
1791114161,19.4,21.6,0.5,0.0,492,0,168,240,239,17,63,7.0,93,27.0,29,0.0,0
1791114162,18.6,21.0,0.5,0.0,492,0,184,238,234,16,64,7.0,93,24.0,29,0.0,0
1791114163,19.6,16.5,0.0,0.0,492,0,168,236,233,16,64,7.0,93,23.0,29,0.0,0
1791114164,19.4,19.4,0.0,0.0,490,0,188,240,238,13,62,7.0,93,21.0,29,0.0,0
1791114165,20.6,15.3,0.5,0.0,490,0,188,239,235,12,62,7.0,93,24.0,29,0.0,0
1791114166,14.6,21.6,0.5,0.0,491,0,168,237,234,13,61,8.0,93,25.0,29,0.0,0
1791114167,27.6,13.0,0.0,0.0,491,0,204,239,234,13,61,7.0,93,23.0,29,0.0,0
1791114168,24.5,15.5,0.5,0.0,490,0,284,239,236,15,61,7.0,93,25.0,29,0.0,0
1791114169,24.5,11.2,0.0,0.0,490,0,184,238,234,15,61,7.0,93,21.0,29,0.0,0
1791114170,24.7,12.1,1.0,0.0,490,0,856,237,232,13,64,7.0,94,25.0,29,0.0,0
1791114171,17.9,22.9,0.5,0.0,491,0,208,240,237,13,65,7.0,94,26.0,29,0.0,0
1791114172,18.4,19.2,0.0,0.0,491,0,176,237,233,13,63,7.0,94,22.0,29,0.0,0
1791114173,22.7,17.5,0.0,0.0,491,0,236,236,234,13,64,7.0,94,26.0,29,0.0,0
1791114174,20.6,15.2,1.0,0.0,491,0,180,237,232,13,65,7.0,94,23.0,29,0.0,0
1791114175,15.2,21.1,0.0,0.0,491,0,172,238,234,15,65,7.0,94,25.0,29,0.0,0
1791114176,23.2,17.3,0.5,0.0,491,0,200,241,237,15,65,7.0,94,25.0,29,0.0,0
1791114177,23.5,18.2,0.5,0.0,491,0,180,237,235,13,65,8.0,94,25.0,29,0.0,0
1791114178,24.0,20.4,0.0,0.0,491,0,248,240,237,13,67,7.0,94,25.0,29,0.0,0
1791114179,16.5,21.6,0.5,0.0,491,0,184,238,235,13,67,8.0,94,25.0,29,0.0,0
1791114180,17.3,20.8,0.0,0.0,491,0,168,238,234,13,64,7.0,94,25.0,29,0.0,0
1791114181,21.1,16.2,0.5,0.0,491,0,188,239,237,13,66,7.0,94,22.0,29,0.0,0
1791114182,12.2,19.6,0.5,0.0,491,0,224,237,234,13,68,7.0,94,21.0,29,0.0,0
1791114183,15.6,18.6,0.0,0.0,490,0,240,239,236,10,71,7.0,94,21.0,29,0.0,0
1791114184,18.4,16.2,0.5,0.0,491,0,208,235,232,13,72,6.0,94,20.0,29,0.0,0
1791114185,15.5,19.4,0.0,0.0,491,0,168,236,233,17,67,7.0,94,23.0,29,0.0,0
1791114186,19.6,21.4,0.5,0.0,490,0,192,240,238,17,68,7.0,94,23.0,29,0.0,0
1791114187,21.2,15.5,0.5,0.0,490,0,208,237,233,17,69,7.0,94,24.0,29,0.0,0
1791114188,17.7,21.4,0.0,0.0,490,0,168,238,236,17,71,7.0,94,26.0,29,0.0,0
1791114189,12.2,22.7,0.5,0.0,490,0,196,236,234,13,69,7.0,94,24.0,29,0.0,0
1791114190,22.4,16.7,0.0,0.0,488,0,168,238,235,11,71,7.0,94,24.0,29,0.0,0
1791114191,19.6,22.0,1.0,0.0,491,0,192,240,237,15,72,7.0,94,25.0,29,0.0,0
1791114192,17.5,22.2,0.0,0.0,491,0,172,237,235,14,73,8.0,94,25.0,29,0.0,0
1791114193,21.6,22.4,0.5,0.0,491,0,196,241,237,15,66,7.0,94,25.0,29,0.0,0
1791114194,14.4,21.6,0.0,0.0,491,0,180,237,233,15,67,7.0,94,24.0,29,0.0,0
1791114195,23.7,14.1,0.0,0.0,491,0,172,237,233,15,68,7.0,94,23.0,29,0.0,0
1791114196,19.4,20.4,1.0,0.0,490,0,188,240,237,15,70,7.0,94,25.0,29,0.0,0
1791114197,25.0,17.0,0.0,0.0,490,0,172,237,233,13,68,8.0,94,25.0,29,0.0,0
1791114198,22.4,23.5,0.5,0.0,490,0,212,240,237,13,69,8.0,94,26.0,29,0.0,0
1791114199,21.6,17.3,0.5,0.0,490,0,180,238,235,15,70,8.0,94,26.0,29,0.0,0
1791114200,19.8,14.0,0.5,0.0,490,0,168,237,234,15,72,7.0,94,22.0,29,0.0,0
1791114201,26.5,14.4,0.5,0.0,491,0,784,240,237,15,68,6.0,94,24.0,29,0.0,0
1791114202,18.4,18.4,0.5,0.0,491,0,176,237,233,15,70,7.0,94,24.0,29,0.0,0
1791114203,20.8,19.0,0.0,0.0,491,0,168,238,235,15,72,8.0,94,24.0,29,0.0,0
1791114204,15.6,20.6,0.5,0.0,491,0,240,238,235,15,74,6.0,94,25.0,29,0.0,0
1791114205,24.0,17.3,0.0,0.0,491,0,168,240,236,15,68,9.0,94,26.0,29,0.0,0
1791114206,18.6,21.2,0.5,0.0,491,0,188,239,236,15,68,7.0,94,24.0,29,0.0,0
1791114207,18.8,19.8,0.5,0.0,491,0,172,237,233,15,68,7.0,94,26.0,29,0.0,0
1791114208,19.6,20.4,0.0,0.0,491,0,168,238,237,15,68,7.0,94,28.0,29,0.0,0
1791114209,23.5,17.3,0.5,0.0,491,0,208,238,235,15,66,8.0,94,26.0,29,0.0,0
1791114210,17.9,18.2,0.0,0.0,490,0,168,239,236,15,68,7.0,94,21.0,29,0.0,0
1791114211,16.3,17.5,0.5,0.0,490,0,180,238,234,15,69,7.0,94,23.0,29,0.0,0
1791114212,15.6,17.7,0.5,0.0,492,0,168,236,231,16,70,6.0,94,22.0,29,0.0,0
1791114213,18.8,22.7,0.0,0.0,492,0,200,242,240,16,67,7.0,94,23.0,29,0.0,0
1791114214,19.6,22.2,1.0,0.0,492,0,504,238,236,17,69,8.0,94,27.0,29,0.0,0
1791114215,11.2,24.5,0.0,0.0,492,0,204,236,232,18,69,7.0,94,23.0,29,0.0,0
1791114216,16.8,21.4,0.0,0.0,490,0,180,237,233,17,70,7.0,94,24.0,29,0.0,0
1791114217,22.7,16.2,1.0,0.0,491,0,176,239,235,17,66,6.0,94,26.0,29,0.0,0
1791114218,20.4,21.4,0.0,0.0,492,0,184,239,236,15,68,8.0,94,25.0,29,0.0,0
1791114219,24.5,15.3,0.5,0.0,492,0,172,237,233,13,69,7.0,94,25.0,29,0.0,0
1791114220,21.6,17.3,0.5,0.0,492,0,168,237,233,13,70,7.0,94,26.0,29,0.0,0
1791114221,13.5,23.7,0.0,0.0,492,0,188,238,236,15,69,7.0,94,26.0,29,0.0,0
1791114222,22.7,22.7,0.0,0.0,493,0,168,240,236,15,70,8.0,94,25.0,29,0.0,0
1791114223,11.3,25.0,1.0,0.0,493,0,180,237,234,15,71,6.0,94,25.0,29,0.0,0
1791114224,24.7,16.3,0.0,0.0,493,0,180,238,234,13,73,8.0,94,26.0,29,0.0,0
1791114225,20.6,20.2,0.0,0.0,491,0,184,241,239,15,74,7.0,94,22.0,29,0.0,0
1791114226,21.6,13.1,1.0,0.0,491,0,184,237,234,15,70,7.0,94,23.0,29,0.0,0
1791114227,18.6,13.3,0.0,0.0,491,0,192,238,234,13,72,6.0,94,21.0,29,0.0,0
1791114228,19.4,13.4,0.0,0.0,491,0,192,238,235,13,72,7.0,94,20.0,29,0.0,0
1791114229,18.4,18.8,1.0,0.0,491,0,172,238,234,13,74,6.0,94,23.0,29,0.0,0
1791114230,13.5,22.9,0.0,0.0,491,0,184,238,235,13,73,8.0,94,23.0,29,0.0,0
1791114231,22.9,18.4,0.0,0.0,491,0,172,238,234,13,74,9.0,94,27.0,29,0.0,0
1791114232,19.6,29.0,0.5,0.0,491,0,180,240,237,15,75,12.0,94,24.0,29,0.0,0
1791114233,18.6,16.5,0.5,0.0,491,0,184,238,235,15,76,6.0,94,22.0,29,0.0,0
1791114234,18.8,24.2,0.0,0.0,491,0,168,238,235,15,72,10.0,94,27.0,29,0.0,0
1791114235,23.7,21.4,0.5,0.0,491,0,796,240,238,15,72,7.0,94,26.0,29,0.0,0
1791114236,18.6,21.4,0.5,0.0,491,0,172,239,234,15,73,7.0,94,27.0,29,0.0,0
1791114237,16.7,23.5,0.5,0.0,491,0,192,240,238,15,74,8.0,94,24.0,29,0.0,0
1791114238,22.4,14.3,0.5,0.0,491,0,180,238,234,15,72,6.0,94,25.0,29,0.0,0
1791114239,17.3,20.0,0.0,0.0,491,0,172,238,235,13,74,7.0,94,26.0,29,0.0,0
1791114240,24.7,17.3,0.5,0.0,492,0,188,240,238,15,76,7.0,94,25.0,29,0.0,0
1791114241,15.5,19.2,0.5,0.0,492,0,208,236,233,15,77,6.0,94,21.0,29,0.0,0
1791114242,16.7,13.1,0.0,0.0,492,0,172,236,234,15,74,6.0,94,19.0,29,0.0,0
1791114243,9.4,20.8,0.0,0.0,491,0,196,237,234,15,74,6.0,94,21.0,29,0.0,0
1791114244,19.2,17.3,0.5,0.0,491,0,480,240,237,13,76,7.0,94,22.0,29,0.0,0
1791114245,16.5,16.2,0.5,0.0,491,0,212,237,235,13,77,5.0,94,19.0,29,0.0,0
1791114246,16.3,19.8,0.0,0.0,491,0,168,237,234,13,72,7.0,94,24.0,29,0.0,0
1791114247,19.6,20.2,0.5,0.0,493,0,192,240,236,15,72,7.0,94,22.0,29,0.0,0
1791114248,14.4,23.5,0.5,0.0,493,0,180,237,235,15,73,7.0,94,26.0,29,0.0,0
1791114249,19.6,19.8,0.0,0.0,490,0,188,238,235,14,73,7.0,94,25.0,29,0.0,0
1791114250,19.6,21.6,0.5,0.0,491,0,188,239,236,15,67,6.0,94,24.0,29,0.0,0
1791114251,21.9,16.3,0.5,0.0,491,0,180,237,234,15,69,8.0,94,26.0,29,0.0,0
1791114252,23.7,19.4,0.5,0.0,492,0,180,239,235,15,70,7.0,94,25.0,29,0.0,0
1791114253,25.5,14.3,0.5,0.0,492,0,180,239,236,15,72,7.0,94,28.0,29,0.0,0
1791114254,25.5,16.3,0.5,0.0,491,0,168,238,235,15,70,8.0,94,26.0,29,0.0,0
1791114255,22.7,13.1,0.0,0.0,491,0,184,238,235,15,70,6.0,94,23.0,29,0.0,0
1791114256,23.7,16.3,0.5,0.0,491,0,168,239,236,17,70,9.0,94,27.0,29,0.0,0
1791114257,16.8,27.1,0.0,0.0,491,0,236,240,236,17,71,8.0,94,25.0,29,0.0,0
1791114258,21.6,17.0,0.5,0.0,492,0,176,237,235,17,65,7.0,94,25.0,29,0.0,0
1791114259,23.5,18.4,0.5,0.0,492,0,180,239,236,18,67,7.0,94,23.0,29,0.0,0
1791114260,24.5,15.5,0.0,0.0,492,0,184,241,238,15,69,7.0,94,26.0,29,0.0,0
1791114261,13.4,20.2,0.5,0.0,492,0,184,236,233,16,68,5.0,94,20.0,29,0.0,0
1791114262,19.4,18.4,0.5,0.0,492,0,188,237,232,16,64,7.0,94,26.0,29,0.0,0
1791114263,19.4,16.7,0.5,0.0,492,0,192,237,234,16,64,7.0,94,23.0,29,0.0,0
1791114264,21.3,21.6,0.0,0.0,493,0,172,240,237,16,66,8.0,94,27.0,29,0.0,0
1791114265,18.6,21.2,0.0,0.0,490,0,180,238,234,15,68,6.0,94,26.0,29,0.0,0
1791114266,18.4,19.6,1.0,0.0,491,0,960,237,233,15,70,8.0,94,23.0,29,0.0,0
1791114267,19.6,14.4,0.0,0.0,491,0,184,237,234,15,67,6.0,94,23.0,29,0.0,0
1791114268,15.5,25.5,0.5,0.0,491,0,176,238,234,15,67,7.0,94,28.0,29,0.0,0
1791114269,24.5,19.6,0.5,0.0,491,0,176,239,237,15,67,8.0,94,25.0,29,0.0,0
1791114270,12.5,24.8,0.5,0.0,491,0,176,236,233,13,70,6.0,94,23.0,29,0.0,0
1791114271,22.2,17.7,0.0,0.0,490,0,180,237,233,13,69,7.0,94,24.0,29,0.0,0
1791114272,5.1,2.0,0.0,0.0,492,0,112,14,15,12,70,1.0,94,0.0,29,0.0,0
1791114273,3.0,0.0,0.0,0.0,492,0,4,0,0,12,70,0.0,94,0.0,29,0.0,0
1791114274,4.0,0.0,0.0,0.0,492,0,4,0,0,12,70,0.0,94,0.0,29,0.0,0
1791114275,2.0,1.0,0.0,0.0,492,0,264,0,0,12,66,0.0,94,0.0,29,0.0,0
1791114276,4.0,4.1,0.0,0.0,492,0,0,2,2,6,69,0.0,94,0.0,29,0.0,0
1791114277,0.0,4.0,0.0,0.0,492,0,60,0,0,6,69,0.0,94,0.0,29,0.0,0
1791114278,2.0,5.0,0.0,0.0,493,0,0,3,3,7,69,0.0,94,0.0,29,0.0,0
1791114279,4.0,43.4,0.0,0.0,517,0,16,1,1,7,66,0.0,94,0.0,29,0.0,0
