code,day,clicks
E0i9,2026-10-05,7388
8qi8,2026-10-05,3682
oTbr,2026-10-05,2355
gbT1,2026-10-05,1868
h3GY,2026-10-05,1495
8Kg6,2026-10-05,1245
bu5y,2026-10-05,997
qa5R,2026-10-05,869
zk4i,2026-10-05,796
kp6m,2026-10-05,689
ySBX,2026-10-05,678
xiie,2026-10-05,589
nYm3,2026-10-05,583
8JfK,2026-10-05,579
xhNo,2026-10-05,452
6RcA,2026-10-05,443
7Jwc,2026-10-05,424
tc27,2026-10-05,418
yJjM,2026-10-05,413
yRn0,2026-10-05,382
sBOm,2026-10-05,344
uT94,2026-10-05,323
dkm4,2026-10-05,318
8BJH,2026-10-05,313
7HMd,2026-10-05,301
z2Y4,2026-10-05,287
1nli,2026-10-05,264
wrG9,2026-10-05,254
lXOj,2026-10-05,250
rexQ,2026-10-05,245
qXAc,2026-10-05,236
nBii,2026-10-05,234
gfVg,2026-10-05,217
edEg,2026-10-05,216
iFIl,2026-10-05,214
8pdM,2026-10-05,211
B2dv,2026-10-05,206
4i6D,2026-10-05,193
2SRc,2026-10-05,191
iSFq,2026-10-05,185
sT4Q,2026-10-05,183
2kYY,2026-10-05,178
uEY7,2026-10-05,175
4xvW,2026-10-05,170
hQip,2026-10-05,169
ryOS,2026-10-05,167
CotV,2026-10-05,157
mw5I,2026-10-05,156
dDFy,2026-10-05,153
onEG,2026-10-05,146
nnjD,2026-10-05,142
iX8Q,2026-10-05,142
CZ7l,2026-10-05,140
Ehct,2026-10-05,135
1ROh,2026-10-05,129
ckE1,2026-10-05,128
CkXW,2026-10-05,126
wUxb,2026-10-05,126
nBAz,2026-10-05,124
CrzQ,2026-10-05,123
F6OM,2026-10-05,120
zUXu,2026-10-05,120
1XBQ,2026-10-05,116
yCqj,2026-10-05,114
xv4F,2026-10-05,112
2Osk,2026-10-05,110
7Gzu,2026-10-05,110
jmJ8,2026-10-05,109
dZIp,2026-10-05,109
oh6,2026-10-05,107
aaFC,2026-10-05,107
gmnj,2026-10-05,106
ml75,2026-10-05,102
rIiP,2026-10-05,98
lwHq,2026-10-05,97
F1Fn,2026-10-05,97
nlsO,2026-10-05,96
yuy8,2026-10-05,93
EJJU,2026-10-05,92
s30O,2026-10-05,91
eqQm,2026-10-05,90
jOTP,2026-10-05,89
7R6C,2026-10-05,88
shvO,2026-10-05,87
zGAf,2026-10-05,85
yaTL,2026-10-05,83
wOzA,2026-10-05,83
wfI,2026-10-05,82
r3n4,2026-10-05,82
q7uS,2026-10-05,81
6jrp,2026-10-05,79
3p58,2026-10-05,77
qSyr,2026-10-05,76
BAky,2026-10-05,76
gzF5,2026-10-05,76
ul1M,2026-10-05,74
ukeB,2026-10-05,74
kmnn,2026-10-05,74
C3xv,2026-10-05,74
drOh,2026-10-05,74
dDX0,2026-10-05,73
rLha,2026-10-05,1
5uN4,2026-10-05,1
rCVe,2026-10-05,1
xDFA,2026-10-05,1
xeMs,2026-10-05,1
pq0m,2026-10-05,3
874G,2026-10-05,1
A59l,2026-10-05,7
pZVJ,2026-10-05,1
hfCI,2026-10-05,1
p1Vl,2026-10-05,1
lc2k,2026-10-05,2
DEGj,2026-10-05,1
CoSy,2026-10-05,1
qDS3,2026-10-05,3
AvBA,2026-10-05,1
cdSX,2026-10-05,1
qEcr,2026-10-05,3
cxMw,2026-10-05,1
4z6M,2026-10-05,1
CWBt,2026-10-05,1
F6d5,2026-10-05,2
1JwP,2026-10-05,1
sVDp,2026-10-05,1
9gr2,2026-10-05,1
w0bZ,2026-10-05,1
axTN,2026-10-05,3
2iQ8,2026-10-05,1
iLUs,2026-10-05,2
oGc1,2026-10-05,1
LHJ,2026-10-05,1
x5Bp,2026-10-05,1
zEdB,2026-10-05,1
vtpt,2026-10-05,2
x86w,2026-10-05,1
r6U7,2026-10-05,1
80as,2026-10-05,1
jyc0,2026-10-05,1
DKB5,2026-10-05,1
uQex,2026-10-05,4
CFHD,2026-10-05,1
8B00,2026-10-05,2
Bx0p,2026-10-05,1
F6GO,2026-10-05,1
dL8m,2026-10-05,2
FSGv,2026-10-05,1
dDwS,2026-10-05,2
v28f,2026-10-05,1
nIa9,2026-10-05,1
kEUg,2026-10-05,1
viDP,2026-10-05,1
aY21,2026-10-05,1
ohba,2026-10-05,1
CFY1,2026-10-05,2
fxRp,2026-10-05,1
vUi,2026-10-05,1
8Hfn,2026-10-05,3
rYDy,2026-10-05,1
n7pI,2026-10-05,11
ecF4,2026-10-05,8
5iSF,2026-10-05,1
lVzI,2026-10-05,1
d8bQ,2026-10-05,2
b6C9,2026-10-05,2
3c10,2026-10-05,4
31tn,2026-10-05,1
panN,2026-10-05,1
tQL6,2026-10-05,1
zCgo,2026-10-05,1
wFIY,2026-10-05,1
AyJw,2026-10-05,1
o1KQ,2026-10-05,3
oaKM,2026-10-05,1
9bt9,2026-10-05,1
vhLN,2026-10-05,1
vsxq,2026-10-05,1
3ZAt,2026-10-05,1
rIeh,2026-10-05,2
E2b9,2026-10-05,1
8SGt,2026-10-05,3
Fxdu,2026-10-05,1
bx6J,2026-10-05,1
awi,2026-10-05,1
zh0f,2026-10-05,1
q2EL,2026-10-05,1
uwtE,2026-10-05,1
fQZ4,2026-10-05,1
5iID,2026-10-05,2
A7FV,2026-10-05,1
Ab9C,2026-10-05,13
v6nI,2026-10-05,35
noQy,2026-10-05,6
rREh,2026-10-05,2
2qh0,2026-10-05,1
dNkF,2026-10-05,5
uqDr,2026-10-05,1
3UOu,2026-10-05,1
te3b,2026-10-05,6
tHrf,2026-10-05,2
zh2n,2026-10-05,1
wXaD,2026-10-05,1
6rz0,2026-10-05,1
tjDB,2026-10-05,2
dkLM,2026-10-05,1
kOgu,2026-10-05,1
1wI8,2026-10-05,1
xFkV,2026-10-05,15
fbTF,2026-10-05,2
2ga6,2026-10-05,1
9rVN,2026-10-05,1
9i10,2026-10-05,2
lICk,2026-10-05,2
x40U,2026-10-05,1
jUSQ,2026-10-05,1
qXaO,2026-10-05,8
ZrH,2026-10-05,1
rhkm,2026-10-05,1
BfRa,2026-10-05,2
D2Pq,2026-10-05,1
hTbA,2026-10-05,5
oJ1,2026-10-05,1
x7pH,2026-10-05,4
wYYl,2026-10-05,1
hkxi,2026-10-05,1
bHf7,2026-10-05,1
svkh,2026-10-05,1
nvyM,2026-10-05,1
1i2v,2026-10-05,1
97Zc,2026-10-05,2
nuaa,2026-10-05,12
r1UD,2026-10-05,1
hgti,2026-10-05,1
6569,2026-10-05,1
FCYd,2026-10-05,1
9wo,2026-10-05,4
qt46,2026-10-05,1
B5YL,2026-10-05,1
e7l6,2026-10-05,1
4bNk,2026-10-05,9
eNWy,2026-10-05,1
aJz5,2026-10-05,1
yVPZ,2026-10-05,1
kgGp,2026-10-05,1
BP7T,2026-10-05,1
BC2U,2026-10-05,1
tgHY,2026-10-05,3
e6to,2026-10-05,4
qiGF,2026-10-05,1
kaAr,2026-10-05,2
r9FK,2026-10-05,1
3Scr,2026-10-05,3
tc0R,2026-10-05,1
uUZR,2026-10-05,1
4udy,2026-10-05,1
qF38,2026-10-05,2
89e4,2026-10-05,1
3dCX,2026-10-05,1
bZO4,2026-10-05,1
dZcD,2026-10-05,1
zFme,2026-10-05,1
cZy2,2026-10-05,1
cy4k,2026-10-05,1
ovZw,2026-10-05,1
uPiB,2026-10-05,1
oLXu,2026-10-05,1
DNES,2026-10-05,2
4n5f,2026-10-05,1
ki04,2026-10-05,1
kSW3,2026-10-05,1
4Cus,2026-10-05,1
uhF,2026-10-05,1
yIbG,2026-10-05,1
idfF,2026-10-05,1
w7Uh,2026-10-05,1
aCVd,2026-10-05,4
s1Ua,2026-10-05,1
yBaA,2026-10-05,1
AbqQ,2026-10-05,1
DIHv,2026-10-05,4
leNY,2026-10-05,1
6Ahs,2026-10-05,5
iRfL,2026-10-05,1
3Jc8,2026-10-05,1
fult,2026-10-05,1
DDdz,2026-10-05,3
z0cB,2026-10-05,52
zjlC,2026-10-05,1
lMA0,2026-10-05,1
vbAF,2026-10-05,1
e2wu,2026-10-05,2
wbTb,2026-10-05,1
e9qM,2026-10-05,2
FNBA,2026-10-05,1
bjjk,2026-10-05,1
j2j2,2026-10-05,3
3XX3,2026-10-05,1
vW9n,2026-10-05,1
6nCq,2026-10-05,1
37pD,2026-10-05,1
1NHW,2026-10-05,1
re5R,2026-10-05,1
8sYd,2026-10-05,1
shDk,2026-10-05,1
l0vM,2026-10-05,1
E7Rc,2026-10-05,1
pgAD,2026-10-05,7
uetM,2026-10-05,1
ENsu,2026-10-05,1
ubqW,2026-10-05,13
IsP,2026-10-05,1
knt4,2026-10-05,1
Cpcc,2026-10-05,1
zOK3,2026-10-05,1
lSiq,2026-10-05,1
bgLE,2026-10-05,1
vhyM,2026-10-05,1
tw7Y,2026-10-05,1
r8LA,2026-10-05,1
wp4j,2026-10-05,1
y7Oq,2026-10-05,1
tRl4,2026-10-05,1
D40c,2026-10-05,1
emsa,2026-10-05,1
a1I6,2026-10-05,2
z11O,2026-10-05,1
hE95,2026-10-05,1
rFQP,2026-10-05,2
c0EY,2026-10-05,1
q40L,2026-10-05,1
BySb,2026-10-05,4
t0RG,2026-10-05,1
ekVg,2026-10-05,1
jEe8,2026-10-05,1
pCqm,2026-10-05,1
mQw3,2026-10-05,1
C27E,2026-10-05,2
453B,2026-10-05,1
t0Bw,2026-10-05,3
uDXp,2026-10-05,1
cBMF,2026-10-05,5
ewWe,2026-10-05,1
8pxc,2026-10-05,1
EFud,2026-10-05,1
ep4T,2026-10-05,1
353R,2026-10-05,1
wHhG,2026-10-05,1
e148,2026-10-05,1
wS0p,2026-10-05,1
FsK3,2026-10-05,1
MSh,2026-10-05,1
azt9,2026-10-05,1
1eOo,2026-10-05,1
4FrG,2026-10-05,2
vUse,2026-10-05,1
jaqT,2026-10-05,1
1QCs,2026-10-05,1
kyE0,2026-10-05,1
yNkB,2026-10-05,15
bYFk,2026-10-05,1
FbKn,2026-10-05,1
2deG,2026-10-05,1
jtWn,2026-10-05,5
vb7P,2026-10-05,1
dzeI,2026-10-05,2
e5pu,2026-10-05,10
zHp1,2026-10-05,1
jFHe,2026-10-05,1
Dtz1,2026-10-05,1
kjLm,2026-10-05,1
E12g,2026-10-05,1
o5dB,2026-10-05,2
qsFc,2026-10-05,3
sHpi,2026-10-05,2
qeL2,2026-10-05,1
kKoa,2026-10-05,1
4ZW7,2026-10-05,11
5kRa,2026-10-05,1
ungY,2026-10-05,1
pWzG,2026-10-05,1
3Dbh,2026-10-05,1
tQr,2026-10-05,1
fTjB,2026-10-05,1
nbBw,2026-10-05,1
HDF,2026-10-05,1
nTl7,2026-10-05,1
CaOu,2026-10-05,1
wFBd,2026-10-05,9
BxTq,2026-10-05,1
1qCC,2026-10-05,1
oMrH,2026-10-05,1
tUcd,2026-10-05,1
dIOg,2026-10-05,1
mRUN,2026-10-05,1
pu7H,2026-10-05,1
r7qo,2026-10-05,1
nWAU,2026-10-05,5
Ed8A,2026-10-05,1
cTJc,2026-10-05,7
CCNJ,2026-10-05,1
wmBB,2026-10-05,1
sz9O,2026-10-05,1
7yn3,2026-10-05,1
Dr2b,2026-10-05,1
EXEN,2026-10-05,1
zf0p,2026-10-05,1
d7Ee,2026-10-05,1
sjpT,2026-10-05,1
7ZPC,2026-10-05,1
jaMN,2026-10-05,1
em3X,2026-10-05,1
k0m3,2026-10-05,1
qgQP,2026-10-05,2
BhP7,2026-10-05,1
jdua,2026-10-05,4
oHMS,2026-10-05,1
B0cl,2026-10-05,1
vjFz,2026-10-05,2
oTlU,2026-10-05,3
xJJF,2026-10-05,1
6BXF,2026-10-05,1
8b5p,2026-10-05,1
1eo9,2026-10-05,1
BMul,2026-10-05,1
3IFv,2026-10-05,19
318T,2026-10-05,1
4qiD,2026-10-05,1
kpHp,2026-10-05,1
bZke,2026-10-05,1
yJQZ,2026-10-05,1
sOZ6,2026-10-05,1
61EX,2026-10-05,1
9JfB,2026-10-05,2
gSl7,2026-10-05,18
3z4a,2026-10-05,1
8SWA,2026-10-05,2
zvvs,2026-10-05,1
aqBu,2026-10-05,1
i7kq,2026-10-05,4
i9WO,2026-10-05,1
epnX,2026-10-05,2
E1hP,2026-10-05,7
mXUf,2026-10-05,1
sC0H,2026-10-05,1
tXZk,2026-10-05,1
fKAA,2026-10-05,1
rBeN,2026-10-05,1
uEyu,2026-10-05,1
xXmd,2026-10-05,1
qnGo,2026-10-05,1
qBhv,2026-10-05,1
2eIh,2026-10-05,1
FqVV,2026-10-05,1
57oX,2026-10-05,1
2X4a,2026-10-05,1
giLp,2026-10-05,1
uDRs,2026-10-05,1
jvXq,2026-10-05,6
gLMC,2026-10-05,1
ysg4,2026-10-05,1
r1vN,2026-10-05,1
oKa,2026-10-05,1
iwRX,2026-10-05,2
jEoy,2026-10-05,1
anE0,2026-10-05,1
72tY,2026-10-05,3
qOC8,2026-10-05,1
EaTr,2026-10-05,1
h0FF,2026-10-05,1
pAbj,2026-10-05,4
oucC,2026-10-05,3
xUAu,2026-10-05,1
h8UX,2026-10-05,2
cHKa,2026-10-05,10
hz7e,2026-10-05,1
kmvW,2026-10-05,2
Aw0z,2026-10-05,1
tKom,2026-10-05,1
5yaE,2026-10-05,1
v3N6,2026-10-05,1
CAZO,2026-10-05,2
gFTk,2026-10-05,1
rof7,2026-10-05,2
Efxr,2026-10-05,1
fkCI,2026-10-05,1
rxpU,2026-10-05,1
CnHO,2026-10-05,1
o3la,2026-10-05,2
rYiG,2026-10-05,2
mEmE,2026-10-05,1
ntz5,2026-10-05,1
twL5,2026-10-05,1
xjTM,2026-10-05,1
9rQM,2026-10-05,3
mjU4,2026-10-05,1
1dAH,2026-10-05,5
1cPr,2026-10-05,1
vyXn,2026-10-05,1
l7qb,2026-10-05,2
2HqX,2026-10-05,8
ybAC,2026-10-05,2
fnYT,2026-10-05,3
fvkJ,2026-10-05,1
Fz5T,2026-10-05,1
7QC3,2026-10-05,4
bmnA,2026-10-05,1
qJRw,2026-10-05,3
g4XJ,2026-10-05,2
3ccd,2026-10-05,1
yzKw,2026-10-05,1
c171,2026-10-05,1
cQTP,2026-10-05,1
ES0,2026-10-05,1
1P59,2026-10-05,1
fYQK,2026-10-05,1
E9er,2026-10-05,1
kyTY,2026-10-05,2
x4IF,2026-10-05,1
tBbg,2026-10-05,1
jsLA,2026-10-05,1
l5eE,2026-10-05,1
x27q,2026-10-05,2
BPRN,2026-10-05,1
hC9k,2026-10-05,1
Fpca,2026-10-05,2
Dcav,2026-10-05,2
d4RU,2026-10-05,2
EvIw,2026-10-05,1
4lQU,2026-10-05,1
ef7s,2026-10-05,1
iWmw,2026-10-05,1
yfwp,2026-10-05,1
fB2B,2026-10-05,1
iVTe,2026-10-05,2
DhHV,2026-10-05,1
bkhk,2026-10-05,1
cDqo,2026-10-05,2
u2nV,2026-10-05,3
mjpA,2026-10-05,1
Ex3j,2026-10-05,1
D5qK,2026-10-05,2
2i7A,2026-10-05,1
BG9z,2026-10-05,1
1pHx,2026-10-05,1
hE1W,2026-10-05,3
xq4v,2026-10-05,1
Ek3q,2026-10-05,1
iOr8,2026-10-05,1
erGK,2026-10-05,1
3pQf,2026-10-05,1
bUIk,2026-10-05,1
a8CP,2026-10-05,1
BcVh,2026-10-05,1
olcA,2026-10-05,1
6TUw,2026-10-05,1
nnOH,2026-10-05,1
u5qu,2026-10-05,5
fn8S,2026-10-05,1
3tfM,2026-10-05,1
Cv71,2026-10-05,1
koGy,2026-10-05,2
EwPy,2026-10-05,3
9j7N,2026-10-05,2
sExa,2026-10-05,4
2LqQ,2026-10-05,1
1heQ,2026-10-05,1
6hyq,2026-10-05,1
hqSH,2026-10-05,1
2Gdc,2026-10-05,1
l4WI,2026-10-05,1
vC7M,2026-10-05,3
8kHw,2026-10-05,1
oHua,2026-10-05,1
9N4l,2026-10-05,1
pvrm,2026-10-05,1
5Jl1,2026-10-05,2
1X0X,2026-10-05,2
aZl,2026-10-05,1
9YR0,2026-10-05,2
vp6U,2026-10-05,2
EHLc,2026-10-05,1
8fT4,2026-10-05,1
9fgn,2026-10-05,1
vqp0,2026-10-05,3
Du7K,2026-10-05,1
DE5n,2026-10-05,1
cwwc,2026-10-05,1
BtO3,2026-10-05,2
F8C3,2026-10-05,2
csMS,2026-10-05,1
pkar,2026-10-05,1
pWvc,2026-10-05,1
axip,2026-10-05,1
qhe3,2026-10-05,1
1CGZ,2026-10-05,1
8ioK,2026-10-05,2
gxC,2026-10-05,1
ahSo,2026-10-05,1
6evi,2026-10-05,2
d0DO,2026-10-05,1
B4S8,2026-10-05,1
312j,2026-10-05,6
F51Q,2026-10-05,1
peDV,2026-10-05,5
4SMh,2026-10-05,1
FTr1,2026-10-05,1
ats3,2026-10-05,1
4kg5,2026-10-05,1
lYC8,2026-10-05,1
D4qH,2026-10-05,3
fndX,2026-10-05,1
24l2,2026-10-05,1
pDGD,2026-10-05,1
CoI5,2026-10-05,1
7sgE,2026-10-05,2
j3RC,2026-10-05,1
zmR7,2026-10-05,5
hcfk,2026-10-05,1
63Bz,2026-10-05,1
sto0,2026-10-05,1
jH23,2026-10-05,1
5Jdu,2026-10-05,1
ksIl,2026-10-05,1
abWr,2026-10-05,2
vm4p,2026-10-05,1
37ta,2026-10-05,1
vig6,2026-10-05,1
hpwl,2026-10-05,1
uJ93,2026-10-05,1
dDxw,2026-10-05,2
bQB2,2026-10-05,1
sOIw,2026-10-05,2
isXe,2026-10-05,1
d9bD,2026-10-05,2
8vR4,2026-10-05,2
EWey,2026-10-05,1
EoJm,2026-10-05,1
jN4a,2026-10-05,1
t498,2026-10-05,2
xckn,2026-10-05,1
E5FR,2026-10-05,1
lRI5,2026-10-05,2
2nIz,2026-10-05,2
lLIb,2026-10-05,1
EdWZ,2026-10-05,4
giE3,2026-10-05,1
1xD9,2026-10-05,3
hyYX,2026-10-05,1
zHvn,2026-10-05,1
EVeJ,2026-10-05,2
o0Pw,2026-10-05,1
tyw3,2026-10-05,2
kUGm,2026-10-05,1
71BJ,2026-10-05,3
2kas,2026-10-05,1
6Zyv,2026-10-05,1
EbzC,2026-10-05,1
zeyU,2026-10-05,1
zJOV,2026-10-05,1
hYuM,2026-10-05,2
vY6m,2026-10-05,1
3NB2,2026-10-05,1
rDyV,2026-10-05,2
ECeI,2026-10-05,1
tyIS,2026-10-05,1
aIJG,2026-10-05,1
prWo,2026-10-05,4
pMYF,2026-10-05,3
1Ref,2026-10-05,1
oIaB,2026-10-05,1
g2ZQ,2026-10-05,1
rnjf,2026-10-05,1
C6Zn,2026-10-05,1
1tTm,2026-10-05,1
aUQr,2026-10-05,1
5ZlK,2026-10-05,1
JR9,2026-10-05,1
kPjK,2026-10-05,3
4xyZ,2026-10-05,1
ofwv,2026-10-05,2
awJ4,2026-10-05,3
uXEB,2026-10-05,1
tqdQ,2026-10-05,1
z0or,2026-10-05,15
BoFJ,2026-10-05,1
7Hgw,2026-10-05,8
d0Jy,2026-10-05,3
Czsn,2026-10-05,1
pT2,2026-10-05,1
pPIo,2026-10-05,1
zh7p,2026-10-05,1
sbPf,2026-10-05,1
jRna,2026-10-05,1
mvvt,2026-10-05,1
qLr9,2026-10-05,1
jEmh,2026-10-05,1
oOji,2026-10-05,2
4I4U,2026-10-05,1
kK9K,2026-10-05,1
ARxz,2026-10-05,2
zsEV,2026-10-05,1
3Hz9,2026-10-05,1
yO8o,2026-10-05,31
zNip,2026-10-05,1
d6Q0,2026-10-05,1
5EUr,2026-10-05,6
x9YD,2026-10-05,1
9mKs,2026-10-05,1
Awqw,2026-10-05,1
vZ7A,2026-10-05,1
gVXV,2026-10-05,1
wDBv,2026-10-05,2
8Jey,2026-10-05,2
xTLz,2026-10-05,1
7mOk,2026-10-05,17
tvIb,2026-10-05,1
hE6I,2026-10-05,4
djxH,2026-10-05,2
3bIV,2026-10-05,1
FV7E,2026-10-05,4
zPhD,2026-10-05,1
qPY6,2026-10-05,17
d0Oi,2026-10-05,1
t3yA,2026-10-05,1
dDTF,2026-10-05,1
az5,2026-10-05,2
fq7N,2026-10-05,13
ii1t,2026-10-05,1
skLg,2026-10-05,1
xqsf,2026-10-05,1
bSK4,2026-10-05,2
zNR8,2026-10-05,4
EwX3,2026-10-05,1
d3SK,2026-10-05,1
CZrE,2026-10-05,2
lEWn,2026-10-05,2
iuOq,2026-10-05,2
1ZVK,2026-10-05,1
aukQ,2026-10-05,3
fVkd,2026-10-05,1
9Fpz,2026-10-05,1
l6F7,2026-10-05,1
kwyz,2026-10-05,1
naAU,2026-10-05,3
1P3K,2026-10-05,8
o6VI,2026-10-05,3
3jCf,2026-10-05,2
iWcj,2026-10-05,1
g6cA,2026-10-05,1
vZWf,2026-10-05,2
6Jnh,2026-10-05,1
dp60,2026-10-05,1
sZUj,2026-10-05,1
BSPe,2026-10-05,2
zGWS,2026-10-05,1
umnj,2026-10-05,1
dBlA,2026-10-05,11
BKdp,2026-10-05,1
mKEq,2026-10-05,2
hMrA,2026-10-05,1
otyv,2026-10-05,1
Ex8u,2026-10-05,1
A9Et,2026-10-05,1
octk,2026-10-05,1
BKba,2026-10-05,1
r8EA,2026-10-05,1
Cmhc,2026-10-05,1
imk0,2026-10-05,2
AtXs,2026-10-05,1
CB6I,2026-10-05,4
prLm,2026-10-05,1
xemS,2026-10-05,1
dxR2,2026-10-05,9
9aC2,2026-10-05,1
qpPu,2026-10-05,1
vYfM,2026-10-05,4
iy2x,2026-10-05,1
z5o4,2026-10-05,1
gwbV,2026-10-05,1
pwDQ,2026-10-05,1
vTBU,2026-10-05,1
qV3r,2026-10-05,1
j12,2026-10-05,1
xHv4,2026-10-05,1
3FZU,2026-10-05,2
mOYq,2026-10-05,4
6VdY,2026-10-05,2
66p,2026-10-05,2
iAeN,2026-10-05,1
b0VF,2026-10-05,2
kQC7,2026-10-05,1
Irr,2026-10-05,4
t7uy,2026-10-05,1
BxYb,2026-10-05,2
bByl,2026-10-05,1
jlbK,2026-10-05,2
5aAm,2026-10-05,1
bPgf,2026-10-05,2
f2S2,2026-10-05,1
EfQh,2026-10-05,1
suTg,2026-10-05,1
ClFD,2026-10-05,2
9pht,2026-10-05,1
6T0h,2026-10-05,1
Cmdx,2026-10-05,1
8fun,2026-10-05,1
FAoh,2026-10-05,3
12Ut,2026-10-05,1
9vFM,2026-10-05,2
9wJ1,2026-10-05,2
gv2e,2026-10-05,1
ul7S,2026-10-05,1
zZW7,2026-10-05,1
oMoU,2026-10-05,1
7W39,2026-10-05,1
xLW2,2026-10-05,2
EMNr,2026-10-05,1
zISr,2026-10-05,2
CO3N,2026-10-05,1
oUoH,2026-10-05,1
yDNJ,2026-10-05,2
wTPC,2026-10-05,1
wc2l,2026-10-05,1
uCN3,2026-10-05,1
OKn,2026-10-05,2
6WMK,2026-10-05,1
hz9O,2026-10-05,1
udri,2026-10-05,46
ePZb,2026-10-05,2
mPna,2026-10-05,1
cbp6,2026-10-05,1
edIq,2026-10-05,1
gXB8,2026-10-05,1
qkwe,2026-10-05,3
yLp0,2026-10-05,1
lXg1,2026-10-05,2
4V3i,2026-10-05,1
c3MG,2026-10-05,2
5bau,2026-10-05,1
Cune,2026-10-05,2
Iso,2026-10-05,2
rLte,2026-10-05,2
DYoc,2026-10-05,2
t5jy,2026-10-05,1
DBy6,2026-10-05,1
jtSl,2026-10-05,1
b0dm,2026-10-05,2
sO3d,2026-10-05,3
EM9L,2026-10-05,1
6vu7,2026-10-05,1
eCs7,2026-10-05,2
FpwY,2026-10-05,6
nA9J,2026-10-05,2
41gi,2026-10-05,2
nMfW,2026-10-05,1
uOUd,2026-10-05,3
fm43,2026-10-05,1
bWOS,2026-10-05,2
Bq97,2026-10-05,1
wKPj,2026-10-05,1
obJE,2026-10-05,3
iUjU,2026-10-05,1
pV0W,2026-10-05,1
31hq,2026-10-05,1
epGa,2026-10-05,1
EyqC,2026-10-05,1
cVNI,2026-10-05,1
lGSG,2026-10-05,7
cGS2,2026-10-05,2
xxkT,2026-10-05,1
EC6W,2026-10-05,1
36qi,2026-10-05,4
9g4P,2026-10-05,1
8wp,2026-10-05,3
FaTs,2026-10-05,2
h3fR,2026-10-05,2
pRAI,2026-10-05,1
75BW,2026-10-05,1
4fS8,2026-10-05,2
xyYk,2026-10-05,1
9TFR,2026-10-05,1
7YrP,2026-10-05,1
ly2t,2026-10-05,1
p5g0,2026-10-05,1
zndp,2026-10-05,1
n7e2,2026-10-05,2
5XYm,2026-10-05,2
sKfK,2026-10-05,1
8GyM,2026-10-05,1
9dQ5,2026-10-05,1
wwoi,2026-10-05,1
5iAX,2026-10-05,1
go7z,2026-10-05,1
vgOL,2026-10-05,8
Sv5,2026-10-05,2
dQEj,2026-10-05,1
mqx,2026-10-05,1
wtI1,2026-10-05,1
CRdr,2026-10-05,1
qkZY,2026-10-05,4
A1rC,2026-10-05,2
zdkO,2026-10-05,1
1eaT,2026-10-05,1
vSOL,2026-10-05,1
cvq0,2026-10-05,1
pd8m,2026-10-05,1
9tEU,2026-10-05,1
3cul,2026-10-05,33
aZDf,2026-10-05,2
CkJl,2026-10-05,3
t4DM,2026-10-05,1
c85G,2026-10-05,1
zDrS,2026-10-05,2
1qK,2026-10-05,1
z413,2026-10-05,22
48pD,2026-10-05,2
Fi3B,2026-10-05,2
lQCI,2026-10-05,41
EYP9,2026-10-05,1
se3c,2026-10-05,1
wgLW,2026-10-05,2
ARj6,2026-10-05,1
2WnU,2026-10-05,1
8L4g,2026-10-05,1
9yQA,2026-10-05,1
kTpY,2026-10-05,2
bSv3,2026-10-05,2
zIiK,2026-10-05,2
v2nN,2026-10-05,1
7mtD,2026-10-05,2
9lDR,2026-10-05,1
bAKU,2026-10-05,1
r27E,2026-10-05,3
zdop,2026-10-05,1
yBfI,2026-10-05,2
fbf5,2026-10-05,1
ctAt,2026-10-05,3
EITj,2026-10-05,1
boLL,2026-10-05,9
nG2V,2026-10-05,1
lOvW,2026-10-05,1
10Jk,2026-10-05,1
tjiN,2026-10-05,1
cP8o,2026-10-05,1
uylA,2026-10-05,16
z4Jx,2026-10-05,1
6TQh,2026-10-05,1
NZs,2026-10-05,2
iOyW,2026-10-05,4
45vP,2026-10-05,2
3UKg,2026-10-05,1
a2ho,2026-10-05,1
9BKm,2026-10-05,2
5UJE,2026-10-05,2
5DXp,2026-10-05,1
8pzV,2026-10-05,1
anhO,2026-10-05,1
dFWY,2026-10-05,1
maAu,2026-10-05,4
4dwF,2026-10-05,2
oSrt,2026-10-05,1
3lSu,2026-10-05,1
BwVd,2026-10-05,1
vBL3,2026-10-05,1
urUN,2026-10-05,1
gkar,2026-10-05,1
nWSV,2026-10-05,18
Aum3,2026-10-05,1
gm2i,2026-10-05,1
9F82,2026-10-05,1
u11b,2026-10-05,1
52Al,2026-10-05,1
dnQu,2026-10-05,1
86sE,2026-10-05,1
80PK,2026-10-05,1
tvew,2026-10-05,10
ttvt,2026-10-05,1
nVyY,2026-10-05,1
kKEp,2026-10-05,1
tXVy,2026-10-05,3
snLq,2026-10-05,1
gcul,2026-10-05,3
11LB,2026-10-05,1
s5bc,2026-10-05,2
8uLQ,2026-10-05,7
sZ8N,2026-10-05,2
pCrk,2026-10-05,1
vOWw,2026-10-05,1
dUiX,2026-10-05,1
wKCP,2026-10-05,15
81Uz,2026-10-05,3
rRXl,2026-10-05,1
dpyE,2026-10-05,1
2sCO,2026-10-05,1
bcKP,2026-10-05,3
ve8q,2026-10-05,1
BALZ,2026-10-05,1
psSk,2026-10-05,1
kxDS,2026-10-05,3
FzV6,2026-10-05,3
u96K,2026-10-05,1
5Eae,2026-10-05,2
kUow,2026-10-05,1
FsVS,2026-10-05,3
FIqO,2026-10-05,2
uyYF,2026-10-05,2
mVBh,2026-10-05,1
AvQc,2026-10-05,16
m7qy,2026-10-05,1
7MWT,2026-10-05,2
suH6,2026-10-05,2
gf3y,2026-10-05,1
z1gO,2026-10-05,1
frtz,2026-10-05,1
lu9E,2026-10-05,1
ojUi,2026-10-05,1
9cFM,2026-10-05,1
oLmR,2026-10-05,1
oOJR,2026-10-05,1
atYS,2026-10-05,2
1YLD,2026-10-05,1
5kAM,2026-10-05,1
cv0G,2026-10-05,1
gyys,2026-10-05,1
CqzK,2026-10-05,1
gXvU,2026-10-05,1
1R55,2026-10-05,1
80cR,2026-10-05,1
133q,2026-10-05,1
4iIg,2026-10-05,5
16L,2026-10-05,3
6g00,2026-10-05,1
xybJ,2026-10-05,1
zTBv,2026-10-05,1
eH0W,2026-10-05,1
AgN7,2026-10-05,2
BqqA,2026-10-05,6
4yQF,2026-10-05,4
sWeW,2026-10-05,19
2ilS,2026-10-05,1
5SZw,2026-10-05,2
BWps,2026-10-05,1
BSGz,2026-10-05,2
nUFu,2026-10-05,1
FMU8,2026-10-05,1
tuJq,2026-10-05,1
490Z,2026-10-05,1
k4xL,2026-10-05,1
4UIT,2026-10-05,2
efwB,2026-10-05,1
qk7I,2026-10-05,2
yDcs,2026-10-05,1
xinO,2026-10-05,1
m4HT,2026-10-05,3
ANWo,2026-10-05,1
cMVd,2026-10-05,2
n2x9,2026-10-05,2
D3US,2026-10-05,1
kuGb,2026-10-05,8
Flxt,2026-10-05,1
wRHo,2026-10-05,1
lKdA,2026-10-05,1
tenN,2026-10-05,1
DxM0,2026-10-05,1
8ahQ,2026-10-05,3
ynwl,2026-10-05,1
ecMe,2026-10-05,1
Fpe7,2026-10-05,4
BrjX,2026-10-05,1
sRLU,2026-10-05,12
zoyK,2026-10-05,1
eMjI,2026-10-05,1
yzQ3,2026-10-05,3
fdQN,2026-10-05,1
Azxr,2026-10-05,1
fV68,2026-10-05,1
cQYI,2026-10-05,1
vkBs,2026-10-05,3
qm7Q,2026-10-05,3
nL8v,2026-10-05,4
iaoy,2026-10-05,3
1hVj,2026-10-05,1
ePYG,2026-10-05,3
yiFA,2026-10-05,1
4mbf,2026-10-05,1
2YqD,2026-10-05,1
9Vdt,2026-10-05,2
v2Ve,2026-10-05,1
ope7,2026-10-05,1
nPdB,2026-10-05,2
cMeP,2026-10-05,1
rx2B,2026-10-05,1
sRS4,2026-10-05,1
8x3B,2026-10-05,1
6BPl,2026-10-05,6
6F5T,2026-10-05,1
nzX,2026-10-05,5
62gj,2026-10-05,1
c4iZ,2026-10-05,1
mH4U,2026-10-05,4
rSyG,2026-10-05,1
