ts,cpu0_busy_pct,cpu1_busy_pct,cpu2_busy_pct,cpu3_busy_pct,cpu4_busy_pct,cpu5_busy_pct,cpu6_busy_pct,cpu7_busy_pct,cpu_iowait_pct,cpu_steal_pct,mem_used_mb,disk_read_kbps,disk_write_kbps,net_rx_kbps,net_tx_kbps,tcp_inuse,tcp_timewait,accept_queue_443,turned_away,node_cpu_pct,node_rss_mb,nginx_cpu_pct,nginx_rss_mb,k6_cpu_pct,k6_rss_mb,litestream_cpu_pct,litestream_rss_mb
1791412410,1.0,0.0,0.0,0.0,0.0,0.0,1.0,0.0,0.0,0.0,461,0,0,1,1,4,0,0,0,0.0,0,0.0,0,0.0,0,0.0,0
1791412411,3.0,0.0,0.0,0.0,0.0,1.0,0.0,0.0,0.0,0.0,461,0,712,0,0,4,0,0,0,0.0,0,0.0,0,0.0,0,0.0,0
1791412412,3.0,0.0,2.0,0.0,0.0,0.0,0.0,0.0,0.0,0.0,462,0,0,3,1,5,0,0,0,0.0,0,0.0,0,0.0,0,0.0,0
1791412413,2.0,1.0,0.0,2.0,2.0,0.0,0.0,1.0,0.0,0.0,465,0,0,2,3,5,0,0,0,0.0,0,0.0,0,0.0,0,0.0,0
1791412414,18.8,8.0,10.0,8.1,19.2,5.0,22.0,5.0,0.0,0.0,651,0,0,59,60,4,0,0,0,0.0,0,0.0,0,91.0,197,0.0,0
1791412415,2.0,0.0,0.0,2.0,0.0,4.0,3.0,3.1,0.0,0.0,651,0,4,233,235,4,0,0,0,0.0,0,0.0,0,16.0,197,0.0,0
1791412416,4.0,1.0,0.0,1.0,3.0,2.0,4.0,3.0,0.0,0.0,651,0,0,234,236,4,0,0,0,0.0,0,0.0,0,18.0,190,0.0,0
1791412417,2.0,1.0,2.0,3.0,3.0,0.0,2.0,1.0,0.0,0.0,648,0,60,236,237,4,0,0,0,0.0,0,0.0,0,12.0,171,0.0,0
1791412418,3.0,3.0,2.0,2.0,2.0,0.0,1.0,1.0,0.0,0.0,643,0,340,233,236,4,0,0,0,0.0,0,0.0,0,11.0,171,0.0,0
1791412419,2.0,1.0,5.0,3.0,2.0,1.0,2.0,1.0,0.0,0.0,640,0,28,236,238,4,0,0,0,0.0,0,0.0,0,16.0,171,0.0,0
1791412420,3.0,0.0,2.0,2.0,2.0,2.0,3.0,2.0,0.0,0.0,639,0,0,234,236,4,0,0,0,0.0,0,0.0,0,13.0,171,0.0,0
1791412421,5.0,2.0,4.0,2.0,1.0,4.0,2.0,3.0,0.0,0.0,638,0,0,232,235,4,0,0,0,0.0,0,0.0,0,21.0,171,0.0,0
1791412422,4.0,0.0,3.0,3.0,1.0,0.0,0.0,2.0,0.0,0.0,637,0,60,233,235,4,0,0,0,0.0,0,0.0,0,13.0,171,0.0,0
1791412423,3.0,0.0,4.0,2.0,2.0,1.0,0.0,1.0,0.0,0.0,635,0,0,234,237,4,0,0,0,0.0,0,0.0,0,15.0,171,0.0,0
1791412424,5.1,2.0,5.9,4.0,1.0,0.0,2.0,3.0,0.0,0.0,634,0,0,232,235,4,0,0,0,0.0,0,0.0,0,20.0,171,0.0,0
1791412425,3.0,0.0,2.1,1.0,4.0,1.0,3.0,4.0,0.0,0.0,634,0,76,231,235,4,0,0,0,0.0,0,0.0,0,16.0,171,0.0,0
1791412426,4.0,0.0,4.0,1.0,2.0,0.0,4.0,2.0,0.0,0.0,634,0,0,232,235,4,0,0,0,0.0,0,0.0,0,17.0,171,0.0,0
1791412427,3.0,4.0,3.0,4.0,3.0,2.0,4.0,2.0,0.0,0.0,634,0,0,232,236,4,0,0,0,0.0,0,0.0,0,21.0,171,0.0,0
1791412428,3.0,4.0,2.0,3.0,0.0,0.0,1.0,3.0,0.0,0.0,634,0,36,234,236,4,0,0,0,0.0,0,0.0,0,15.0,171,0.0,0
1791412429,3.0,1.0,3.0,2.0,1.0,0.0,1.0,2.0,0.0,0.0,634,0,0,234,236,4,0,0,0,0.0,0,0.0,0,12.0,171,0.0,0
1791412430,3.0,4.0,4.0,3.0,1.0,4.0,3.0,0.0,0.0,0.0,634,0,0,233,235,4,0,0,0,0.0,0,0.0,0,21.0,180,0.0,0
1791412431,2.0,1.0,1.0,4.0,0.0,1.0,5.0,1.0,0.0,0.0,634,0,0,234,236,4,0,0,0,0.0,0,0.0,0,14.0,180,0.0,0
1791412432,3.0,3.0,3.0,3.0,0.0,4.0,1.0,2.0,0.0,0.0,634,0,0,234,236,4,0,0,0,0.0,0,0.0,0,16.0,180,0.0,0
1791412433,3.0,4.0,3.0,5.0,0.0,4.0,1.0,0.0,0.0,0.0,634,0,32,233,235,4,0,0,0,0.0,0,0.0,0,17.0,180,0.0,0
1791412434,4.1,3.0,2.0,4.0,2.0,2.0,4.0,1.0,0.0,0.0,635,0,80,231,234,4,0,0,0,0.0,0,0.0,0,21.0,182,0.0,0
1791412435,3.0,0.0,3.0,2.0,4.0,2.0,3.0,1.0,0.0,0.0,635,0,0,231,235,4,0,0,0,0.0,0,0.0,0,15.0,182,0.0,0
1791412436,2.0,0.0,2.0,5.0,2.0,2.0,4.0,1.0,0.0,0.0,635,0,0,232,234,4,0,0,0,0.0,0,0.0,0,17.0,182,0.0,0
1791412437,3.0,0.0,2.0,3.0,3.0,2.0,5.9,0.0,0.0,0.0,635,0,0,233,235,4,0,0,0,0.0,0,0.0,0,16.0,182,0.0,0
1791412438,5.1,2.0,5.9,1.0,4.1,1.0,3.0,1.0,0.0,0.0,635,0,4,232,235,4,0,0,0,0.0,0,0.0,0,22.0,183,0.0,0
1791412439,6.0,2.0,5.1,2.0,3.0,0.0,2.0,0.0,0.0,0.0,635,0,24,233,235,4,0,0,0,0.0,0,0.0,0,15.0,184,0.0,0
1791412440,2.0,0.0,1.0,0.0,2.0,0.0,3.0,2.0,0.0,0.0,635,0,0,235,237,4,0,0,0,0.0,0,0.0,0,14.0,184,0.0,0
1791412441,4.0,3.0,3.0,2.0,2.0,1.0,1.0,3.0,0.0,0.0,635,0,80,233,235,4,0,0,0,0.0,0,0.0,0,17.0,184,0.0,0
1791412442,3.0,3.0,1.0,4.0,3.0,2.0,0.0,1.0,0.0,0.0,635,0,0,233,234,4,0,0,0,0.0,0,0.0,0,17.0,184,0.0,0
1791412443,3.0,4.0,4.0,2.0,3.0,1.0,1.0,0.0,0.0,0.0,635,0,0,232,235,4,0,0,0,0.0,0,0.0,0,16.0,184,0.0,0
1791412444,4.0,5.0,0.0,4.0,2.0,3.0,0.0,0.0,0.0,0.0,635,0,20,233,235,4,0,0,0,0.0,0,0.0,0,14.0,184,0.0,0
1791412445,6.9,1.0,2.0,4.0,4.0,3.0,3.0,2.0,0.0,0.0,635,0,4,233,236,4,0,0,0,0.0,0,0.0,0,19.0,186,0.0,0
1791412446,5.1,0.0,2.0,1.0,1.0,0.0,2.0,1.0,0.0,0.0,635,0,0,235,237,4,0,0,0,0.0,0,0.0,0,14.0,186,0.0,0
1791412447,6.0,4.0,4.0,3.0,0.0,0.0,4.0,2.0,0.0,0.0,636,0,0,232,235,4,0,0,0,0.0,0,0.0,0,15.0,186,0.0,0
1791412448,2.0,3.0,4.0,1.0,2.0,0.0,3.0,2.0,0.0,0.0,636,0,0,233,235,4,0,0,0,0.0,0,0.0,0,15.0,186,0.0,0
1791412449,3.0,3.0,3.1,1.0,1.0,4.0,3.0,2.0,0.0,0.0,636,0,0,234,236,4,0,0,0,0.0,0,0.0,0,20.0,187,0.0,0
1791412450,4.0,1.0,1.0,3.0,2.0,0.0,0.0,0.0,0.1,0.0,636,0,80,236,237,4,0,0,0,0.0,0,0.0,0,12.0,187,0.0,0
1791412451,5.0,3.0,3.0,1.0,2.0,1.0,2.0,1.0,0.0,0.0,636,0,8,234,236,4,0,0,0,0.0,0,0.0,0,15.0,187,0.0,0
1791412452,2.0,1.0,1.0,1.0,0.0,3.0,1.0,1.0,0.0,0.0,636,0,0,236,238,4,0,0,0,0.0,0,0.0,0,12.0,187,0.0,0
1791412453,4.0,2.0,4.0,2.0,1.0,3.0,4.0,5.0,0.0,0.0,636,0,0,234,237,4,0,0,0,0.0,0,0.0,0,20.0,188,0.0,0
1791412454,2.0,0.0,5.0,1.0,0.0,3.0,3.0,1.0,0.0,0.0,636,0,0,235,237,4,0,0,0,0.0,0,0.0,0,15.0,188,0.0,0
1791412455,3.0,0.0,3.1,4.0,0.0,1.0,2.0,2.0,0.0,0.0,636,0,24,235,236,4,0,0,0,0.0,0,0.0,0,15.0,188,0.0,0
1791412456,5.9,0.0,5.0,3.1,1.0,1.0,2.0,3.0,0.0,0.0,636,0,76,232,235,4,0,0,0,0.0,0,0.0,0,17.0,188,0.0,0
1791412457,4.0,1.0,3.0,5.0,5.1,1.0,4.0,0.0,0.0,0.0,637,0,4,233,236,4,0,0,0,0.0,0,0.0,0,23.0,190,0.0,0
1791412458,3.0,0.0,4.0,2.0,3.0,1.0,1.0,0.0,0.0,0.0,637,0,0,235,238,4,0,0,0,0.0,0,0.0,0,12.0,190,0.0,0
1791412459,4.0,1.0,3.0,3.0,3.0,0.0,2.0,0.0,0.0,0.0,637,0,0,232,235,4,0,0,0,0.0,0,0.0,0,16.0,190,0.0,0
1791412460,3.0,1.0,4.0,3.0,2.0,1.0,2.0,2.0,0.0,0.0,637,0,4,235,237,4,0,0,0,0.0,0,0.0,0,18.0,190,0.0,0
1791412461,5.1,1.0,1.0,2.0,1.0,0.0,2.0,2.0,0.0,0.0,637,0,20,235,237,4,0,0,0,0.0,0,0.0,0,14.0,190,0.0,0
1791412462,4.0,0.0,2.0,2.0,0.0,0.0,4.0,2.0,0.0,0.0,638,0,0,235,237,4,0,0,0,0.0,0,0.0,0,14.0,190,0.0,0
1791412463,5.1,0.0,4.0,1.0,0.0,0.0,2.0,3.0,0.0,0.0,638,0,84,235,237,4,0,0,0,0.0,0,0.0,0,14.0,190,0.0,0
1791412464,3.0,3.0,3.0,1.0,4.0,0.0,1.0,4.0,0.0,0.0,639,0,0,233,236,4,0,0,0,0.0,0,0.0,0,19.0,191,0.0,0
1791412465,4.0,3.0,2.0,0.0,3.0,1.0,1.0,0.0,0.0,0.0,639,0,0,233,236,4,0,0,0,0.0,0,0.0,0,14.0,191,0.0,0
1791412466,5.1,3.0,3.0,2.0,2.0,0.0,1.0,0.0,0.0,0.0,639,0,0,234,236,4,0,0,0,0.0,0,0.0,0,13.0,191,0.0,0
1791412467,2.0,2.0,4.0,2.0,3.0,2.0,0.0,0.0,0.0,0.0,639,0,24,234,236,4,0,0,0,0.0,0,0.0,0,14.0,191,0.0,0
1791412468,5.0,5.0,3.0,3.0,1.0,2.0,5.0,1.0,0.0,0.0,639,0,0,233,236,4,0,0,0,0.0,0,0.0,0,22.0,192,0.0,0
1791412469,3.0,2.0,3.0,3.0,1.0,1.0,1.0,1.0,0.0,0.0,639,0,4,235,237,4,0,0,0,0.0,0,0.0,0,15.0,192,0.0,0
1791412470,2.0,1.0,2.0,4.0,2.0,0.0,0.0,1.0,0.0,0.0,639,0,0,234,237,4,0,0,0,0.0,0,0.0,0,13.0,192,0.0,0
1791412471,3.0,1.0,3.0,0.0,3.0,1.0,0.0,2.0,0.0,0.0,639,0,0,236,238,4,0,0,0,0.0,0,0.0,0,12.0,192,0.0,0
1791412472,4.0,3.0,2.0,5.0,4.0,1.0,1.0,3.0,0.0,0.0,640,0,92,234,236,4,0,0,0,0.0,0,0.0,0,20.0,193,0.0,0
1791412473,2.0,2.0,1.0,2.0,2.0,3.0,1.0,0.0,0.0,0.0,640,0,0,234,237,4,0,0,0,0.0,0,0.0,0,14.0,193,0.0,0
1791412474,3.0,2.0,3.0,2.0,1.0,2.0,1.0,0.0,0.0,0.0,640,0,28,236,238,5,0,0,0,0.0,0,0.0,0,13.0,193,0.0,0
1791412475,3.0,3.0,2.0,5.0,3.0,2.0,0.0,0.0,0.0,0.0,640,0,4,292,294,4,0,0,0,0.0,0,0.0,0,17.0,193,0.0,0
1791412476,5.0,4.0,2.0,4.0,4.0,4.0,4.0,2.1,0.0,0.0,643,0,0,365,369,6,0,0,0,0.0,0,0.0,0,29.0,196,0.0,0
1791412477,3.0,5.0,4.1,2.0,4.0,3.0,3.1,2.0,0.0,0.0,643,0,52,445,450,5,0,0,0,0.0,0,0.0,0,25.0,196,0.0,0
1791412478,5.0,3.1,1.0,5.1,6.1,6.0,5.1,4.1,0.0,0.0,644,0,0,520,525,6,0,0,0,0.0,0,0.0,0,33.0,201,0.0,0
1791412479,3.0,2.0,8.0,6.9,1.0,4.1,6.9,0.0,0.0,0.0,645,0,40,593,600,5,0,0,0,0.0,0,0.0,0,29.0,201,0.0,0
1791412480,4.0,5.1,10.0,5.1,2.1,5.1,7.1,2.0,0.0,0.0,645,0,0,671,678,6,0,0,0,0.0,0,0.0,0,39.0,204,0.0,0
1791412481,2.0,2.1,8.2,8.0,5.1,6.1,4.0,1.0,0.0,0.0,642,0,4,749,757,4,0,0,0,0.0,0,0.0,0,35.0,204,0.0,0
1791412482,7.0,3.0,9.1,8.2,4.0,5.1,7.1,7.1,0.0,0.0,643,0,0,825,832,5,0,0,0,0.0,0,0.0,0,45.0,205,0.0,0
1791412483,6.0,3.1,8.2,2.0,7.0,6.1,7.0,9.1,0.0,0.0,643,0,380,903,912,5,0,0,0,0.0,0,0.0,0,47.0,206,0.0,0
1791412484,2.0,0.0,9.1,10.1,8.0,4.1,6.2,6.2,0.0,0.0,643,0,0,979,987,5,0,0,0,0.0,0,0.0,0,45.0,206,0.0,0
1791412485,8.8,6.9,12.1,8.0,4.1,8.2,4.0,4.1,0.0,0.0,644,0,52,1060,1068,5,0,0,0,0.0,0,0.0,0,51.0,207,0.0,0
1791412486,1.1,7.0,5.1,7.1,6.1,5.1,8.2,7.1,0.0,0.0,644,0,0,1140,1150,5,0,0,0,0.0,0,0.0,0,49.0,207,0.0,0
1791412487,7.1,8.1,13.3,7.1,7.1,3.1,7.1,5.0,0.0,0.0,645,0,8,1217,1224,4,0,0,0,0.0,0,0.0,0,55.0,210,0.0,0
1791412488,7.1,8.2,8.2,11.9,6.0,5.2,3.1,10.1,0.0,0.0,645,0,0,1290,1300,4,0,0,0,0.0,0,0.0,0,56.0,211,0.0,0
1791412489,4.2,8.9,10.2,8.2,7.0,5.1,7.1,7.0,0.0,0.0,646,0,216,1363,1377,5,0,0,0,0.0,0,0.0,0,55.0,211,0.0,0
1791412490,7.1,5.2,10.3,11.2,5.1,9.3,7.1,5.1,0.0,0.0,646,0,24,1438,1452,5,0,0,0,0.0,0,0.0,0,60.0,211,0.0,0
1791412491,8.1,10.9,10.2,7.2,6.1,5.2,8.2,6.1,0.0,0.0,646,0,40,1516,1532,5,0,0,0,0.0,0,0.0,0,60.0,211,0.0,0
1791412492,5.0,6.1,12.2,7.1,8.1,11.1,4.1,10.2,0.0,0.0,646,0,0,1599,1613,6,0,0,0,0.0,0,0.0,0,60.0,211,0.0,0
1791412493,9.1,4.2,5.2,10.2,8.9,11.0,10.3,9.1,0.0,0.0,647,0,4,1668,1683,5,0,0,0,0.0,0,0.0,0,67.0,211,0.0,0
1791412494,12.2,5.2,13.3,10.0,4.1,9.9,9.3,11.1,0.0,0.0,648,0,0,1746,1762,5,0,0,0,0.0,0,0.0,0,72.0,211,0.0,0
1791412495,6.0,7.1,16.0,3.1,8.2,6.2,12.0,8.2,0.0,0.0,649,0,12,1817,1836,7,0,0,0,0.0,0,0.0,0,67.0,214,0.0,0
1791412496,10.1,9.1,15.5,9.3,9.1,7.3,6.1,6.2,0.0,0.0,649,0,280,1905,1918,6,0,0,0,0.0,0,0.0,0,73.0,215,0.0,0
1791412497,10.1,13.1,14.0,17.8,8.2,8.2,8.0,11.1,0.0,0.0,649,0,0,1973,1994,6,0,0,0,0.0,0,0.0,0,82.0,215,0.0,0
1791412498,7.1,9.2,12.5,15.3,7.0,6.2,14.3,11.2,0.0,0.0,651,0,0,2046,2066,6,0,0,0,0.0,0,0.0,0,82.0,216,0.0,0
1791412499,13.0,9.4,21.0,16.0,12.2,8.2,12.1,8.3,0.0,0.0,651,0,4,2115,2140,6,0,0,0,0.0,0,0.0,0,97.0,216,0.0,0
1791412500,10.1,9.4,10.2,11.3,2.2,10.3,11.0,12.2,0.0,0.0,652,0,28,2210,2231,6,0,0,0,0.0,0,0.0,0,80.0,217,0.0,0
1791412501,7.1,13.1,19.2,10.1,12.2,9.4,10.3,10.3,0.0,0.0,653,0,316,2278,2298,6,0,0,0,0.0,0,0.0,0,91.0,217,0.0,0
1791412502,14.1,8.2,17.3,13.3,11.1,10.1,9.3,9.1,0.0,0.0,654,0,0,2356,2374,6,0,0,0,0.0,0,0.0,0,88.0,218,0.0,0
1791412503,14.1,12.1,17.9,12.1,14.4,8.4,9.1,12.1,0.0,0.0,655,0,0,2419,2444,8,0,0,0,0.0,0,0.0,0,97.0,218,0.0,0
1791412504,9.1,8.3,25.0,15.7,16.0,12.9,8.2,9.5,0.0,0.0,656,0,0,2516,2538,9,0,0,0,0.0,0,0.0,0,101.0,219,0.0,0
1791412505,12.4,14.4,18.8,9.6,10.3,10.3,10.2,12.2,0.0,0.0,657,0,4,2594,2605,6,0,0,0,0.0,0,0.0,0,97.0,220,0.0,0
1791412506,11.3,16.3,26.0,20.2,14.3,13.3,11.2,13.3,0.0,0.0,660,0,476,2665,2680,7,0,0,0,0.0,0,0.0,0,121.0,222,0.0,0
1791412507,13.5,16.0,22.7,15.6,19.0,16.2,14.6,14.6,0.0,0.0,661,0,188,2731,2752,7,0,0,0,0.0,0,0.0,0,126.0,222,0.0,0
1791412508,17.3,17.2,19.4,19.4,14.4,14.4,18.0,16.3,0.0,0.0,662,0,0,2806,2823,6,0,0,0,0.0,0,0.0,0,129.0,222,0.0,0
1791412509,13.4,15.5,24.7,21.2,16.3,14.3,18.2,14.4,0.0,0.0,663,0,0,2872,2899,6,0,0,0,0.0,0,0.0,0,133.0,222,0.0,0
1791412510,14.3,19.2,22.4,13.1,15.2,10.1,7.4,15.2,0.0,0.0,663,0,0,2961,2991,8,0,0,0,0.0,0,0.0,0,110.0,222,0.0,0
1791412511,17.0,14.4,22.7,25.3,15.2,11.3,13.3,14.1,0.0,0.0,664,0,68,3044,3070,7,0,0,0,0.0,0,0.0,0,125.0,222,0.0,0
1791412512,9.3,14.3,24.7,21.0,11.3,13.4,13.3,12.2,0.0,0.0,664,0,0,3123,3152,6,0,0,0,0.0,0,0.0,0,117.0,222,0.0,0
1791412513,13.1,8.2,24.5,25.3,16.2,12.4,15.5,14.3,0.0,0.0,669,0,0,3189,3222,7,0,0,0,0.0,0,0.0,0,125.0,225,0.0,0
1791412514,18.4,13.5,25.3,19.6,17.5,16.3,11.1,16.5,0.0,0.0,669,0,0,3262,3297,7,0,0,0,0.0,0,0.0,0,131.0,225,0.0,0
1791412515,17.3,15.3,26.0,14.7,19.4,19.2,15.6,15.6,0.0,0.0,671,0,0,3330,3367,8,0,0,0,0.0,0,0.0,0,139.0,226,0.0,0
1791412516,20.8,14.7,28.9,19.4,19.0,17.5,14.6,14.6,0.0,0.0,671,0,0,3409,3445,8,0,0,0,0.0,0,0.0,0,147.0,226,0.0,0
1791412517,17.3,14.6,31.6,21.9,18.4,19.4,21.4,19.4,0.0,0.0,667,0,16,3488,3524,8,0,0,0,0.0,0,0.0,0,159.0,226,0.0,0
1791412518,20.6,14.3,25.8,24.0,16.5,18.2,23.5,15.6,0.0,0.0,668,0,0,3553,3595,9,0,0,0,0.0,0,0.0,0,152.0,226,0.0,0
1791412519,19.6,24.0,31.2,22.7,21.4,20.4,21.2,17.0,0.0,0.0,673,0,0,3641,3678,8,0,0,0,0.0,0,0.0,0,166.0,230,0.0,0
1791412520,21.1,18.9,25.8,23.0,18.8,22.4,18.4,17.7,0.0,0.0,674,0,0,3714,3750,9,0,0,0,0.0,0,0.0,0,160.0,230,0.0,0
1791412521,19.6,21.4,38.8,30.0,20.4,19.4,22.4,21.4,0.0,0.0,674,0,0,3784,3824,9,0,0,0,0.0,0,0.0,0,182.0,230,0.0,0
1791412522,23.7,22.7,27.1,22.9,22.7,19.6,21.4,16.7,0.0,0.0,670,0,12,3856,3896,8,0,0,0,0.0,0,0.0,0,172.0,230,0.0,0
1791412523,23.7,17.7,26.0,25.8,14.9,17.5,22.4,27.0,0.0,0.0,671,0,4,3931,3980,8,0,0,0,0.0,0,0.0,0,169.0,230,0.0,0
1791412524,23.5,22.4,33.3,22.4,22.4,26.3,16.5,22.4,0.0,0.0,672,0,0,4004,4053,8,0,0,0,0.0,0,0.0,0,176.0,230,0.0,0
1791412525,16.3,16.5,30.5,29.6,14.7,23.5,17.9,20.0,0.0,0.0,673,0,0,4094,4137,7,0,0,0,0.0,0,0.0,0,170.0,230,0.0,0
1791412526,19.4,14.9,29.9,25.3,18.4,24.0,24.7,24.5,0.0,0.0,678,0,0,4158,4210,10,0,0,0,0.0,0,0.0,0,176.0,233,0.0,0
1791412527,21.0,19.4,35.1,24.7,18.8,28.3,20.4,21.9,0.0,0.0,671,0,12,4243,4293,9,0,0,0,0.0,0,0.0,0,183.0,233,0.0,0
1791412528,16.8,18.6,32.0,23.5,16.8,16.7,19.4,23.7,0.0,0.0,672,0,0,4331,4379,7,0,0,0,0.0,0,0.0,0,162.0,233,0.0,0
1791412529,18.6,19.6,29.2,21.6,24.7,20.6,17.5,13.7,0.0,0.0,674,0,8,4407,4454,7,0,0,0,0.0,0,0.0,0,163.0,235,0.0,0
1791412530,18.4,16.5,24.5,23.7,21.4,17.9,20.8,18.8,0.0,0.0,675,0,0,4479,4527,8,0,0,0,0.0,0,0.0,0,169.0,235,0.0,0
1791412531,17.0,20.6,36.1,24.0,23.7,22.2,21.2,21.6,0.0,0.0,677,0,0,4545,4595,8,0,0,0,0.0,0,0.0,0,172.0,235,0.0,0
1791412532,23.5,18.6,29.5,23.2,19.4,25.5,17.9,20.8,0.0,0.0,679,0,20,4628,4678,8,0,0,0,0.0,0,0.0,0,179.0,235,0.0,0
1791412533,21.9,23.5,36.7,25.0,19.8,21.6,23.7,24.0,0.0,0.0,684,0,0,4701,4753,9,0,0,0,0.0,0,0.0,0,191.0,241,0.0,0
1791412534,21.0,20.6,36.7,25.5,20.8,25.8,20.4,22.9,0.0,0.0,686,0,0,4795,4836,8,0,0,0,0.0,0,0.0,0,184.0,241,0.0,0
1791412535,26.3,24.5,35.6,24.8,25.5,22.2,21.4,27.3,0.0,0.0,687,0,4,4805,4855,8,0,0,0,0.0,0,0.0,0,192.0,241,0.0,0
1791412536,22.9,24.5,37.5,29.3,24.5,21.2,28.6,18.8,0.0,0.0,688,0,0,4804,4853,9,0,0,0,0.0,0,0.0,0,195.0,241,0.0,0
1791412537,23.7,24.5,33.7,27.6,26.8,21.9,24.2,29.3,0.0,0.0,689,0,16,4798,4852,7,0,0,0,0.0,0,0.0,0,200.0,241,0.0,0
1791412538,28.1,28.9,43.3,29.6,30.3,26.5,27.6,21.5,0.0,0.0,690,0,3396,4791,4844,9,0,0,0,0.0,0,0.0,0,223.0,241,0.0,0
1791412539,22.1,21.9,37.9,32.0,28.3,26.3,31.6,25.8,0.0,0.0,691,0,0,4790,4842,9,0,0,0,0.0,0,0.0,0,217.0,241,0.0,0
1791412540,21.4,27.3,41.8,28.6,24.5,22.4,25.8,25.5,0.0,0.0,688,0,0,4801,4851,10,0,0,0,0.0,0,0.0,0,205.0,241,0.0,0
1791412541,22.7,29.9,38.4,28.9,28.1,28.0,24.5,21.9,0.0,0.0,690,0,4,4797,4848,9,0,0,0,0.0,0,0.0,0,209.0,241,0.0,0
1791412542,26.0,25.8,36.5,30.9,22.9,24.5,19.6,27.0,0.0,0.0,702,0,0,4799,4850,8,0,0,0,0.0,0,0.0,0,200.0,250,0.0,0
1791412543,25.7,25.0,38.4,24.7,28.9,22.7,25.0,27.8,0.0,0.0,704,0,28,4797,4846,10,0,0,0,0.0,0,0.0,0,207.0,250,0.0,0
1791412544,21.6,24.0,35.8,32.0,22.7,27.6,23.7,26.5,0.0,0.0,698,0,0,4805,4856,11,0,0,0,0.0,0,0.0,0,204.0,250,0.0,0
1791412545,17.7,20.8,35.7,24.7,24.7,25.5,22.7,25.8,0.0,0.0,698,0,0,4796,4849,12,0,0,0,0.0,0,0.0,0,191.0,250,0.0,0
1791412546,22.9,32.0,36.1,27.8,25.8,24.0,23.5,25.3,0.0,0.0,693,0,0,4800,4851,10,0,0,0,0.0,0,0.0,0,206.0,243,0.0,0
1791412547,17.7,24.5,34.0,26.3,22.7,25.8,20.6,25.5,0.0,0.0,685,0,4,4794,4848,8,0,0,0,0.0,0,0.0,0,188.0,243,0.0,0
1791412548,20.8,24.5,33.3,24.0,28.6,23.5,19.6,24.2,0.0,0.0,686,0,40,4806,4857,10,0,0,0,0.0,0,0.0,0,187.0,245,0.0,0
1791412549,21.2,23.7,36.5,24.2,20.2,29.7,23.5,25.3,0.0,0.0,685,0,288,4789,4843,8,0,0,0,0.0,0,0.0,0,195.0,246,0.0,0
1791412550,25.5,23.7,41.2,29.9,22.7,17.9,23.5,23.2,0.0,0.0,687,0,0,4810,4853,8,0,0,0,0.0,0,0.0,0,200.0,246,0.0,0
1791412551,24.7,29.6,39.4,28.3,21.9,25.3,24.7,29.6,0.0,0.0,688,0,0,4790,4845,8,0,0,0,0.0,0,0.0,0,209.0,246,0.0,0
1791412552,28.6,20.8,34.4,22.3,22.9,17.7,18.8,19.6,0.0,0.0,689,0,0,4793,4852,8,0,0,0,0.0,0,0.0,0,185.0,242,0.0,0
1791412553,21.6,25.5,33.7,25.5,18.4,20.8,19.6,19.6,0.0,0.0,707,0,76,4807,4858,8,0,0,0,0.0,0,0.0,0,178.0,257,0.0,0
1791412554,20.8,17.9,31.6,26.3,15.8,23.0,22.4,19.4,0.0,0.0,708,0,0,4803,4856,7,0,0,0,0.0,0,0.0,0,170.0,257,0.0,0
1791412555,27.0,19.4,30.9,27.0,21.0,23.5,20.4,19.6,0.0,0.0,708,0,136,4804,4862,9,0,0,0,0.0,0,0.0,0,175.0,257,0.0,0
1791412556,18.6,20.2,32.0,22.1,29.3,20.2,19.6,21.4,0.0,0.0,709,0,0,4809,4858,9,0,0,0,0.0,0,0.0,0,175.0,251,0.0,0
1791412557,22.2,20.2,34.3,24.0,23.0,22.4,22.7,22.0,0.0,0.0,710,0,0,4815,4863,8,0,0,0,0.0,0,0.0,0,174.0,251,0.0,0
1791412558,32.0,24.0,36.1,26.8,23.5,22.4,21.9,23.5,0.0,0.0,702,0,12,4800,4852,10,0,0,0,0.0,0,0.0,0,192.0,251,0.0,0
1791412559,22.4,26.3,32.6,25.5,24.5,28.0,25.3,25.0,0.0,0.0,704,0,4,4805,4853,9,0,0,0,0.0,0,0.0,0,195.0,251,0.0,0
1791412560,19.8,21.6,36.1,26.8,21.4,26.3,21.6,19.8,0.0,0.0,706,0,0,4799,4850,9,0,0,0,0.0,0,0.0,0,187.0,254,0.0,0
1791412561,24.2,25.0,38.1,31.6,24.7,23.5,27.6,24.2,0.0,0.0,705,0,0,4799,4847,8,0,0,0,0.0,0,0.0,0,209.0,251,0.0,0
1791412562,25.8,19.6,34.0,25.8,26.0,23.5,25.3,25.3,0.0,0.0,706,0,0,4799,4847,9,0,0,0,0.0,0,0.0,0,199.0,251,0.0,0
1791412563,23.2,26.5,32.7,28.1,26.5,23.5,18.4,22.2,0.0,0.0,707,0,12,4810,4856,9,0,0,0,0.0,0,0.0,0,186.0,251,0.0,0
1791412564,19.6,25.3,30.9,26.5,24.2,18.6,24.0,22.4,0.0,0.0,707,0,0,4817,4862,8,0,0,0,0.0,0,0.0,0,180.0,251,0.0,0
1791412565,21.2,19.2,38.4,26.5,22.4,20.2,20.4,24.2,0.0,0.0,703,0,8,4822,4864,9,0,0,0,0.0,0,0.0,0,177.0,251,0.0,0
1791412566,21.6,21.2,35.1,31.0,15.6,25.3,23.5,22.0,0.0,0.0,719,0,0,4821,4862,8,0,0,0,0.0,0,0.0,0,182.0,263,0.0,0
1791412567,26.0,21.4,36.0,27.8,24.2,21.6,21.2,18.8,0.0,0.0,711,0,0,4807,4854,8,0,0,0,0.0,0,0.0,0,184.0,257,0.0,0
1791412568,23.0,21.0,40.6,25.8,20.6,21.2,23.8,19.2,0.0,0.0,711,0,28,4844,4875,9,0,0,0,0.0,0,0.0,0,179.0,257,0.0,0
1791412569,24.5,17.7,32.7,28.7,20.6,20.2,19.2,24.0,0.0,0.0,712,0,4232,4826,4867,8,0,0,0,0.0,0,0.0,0,179.0,258,0.0,0
1791412570,24.8,24.5,34.0,33.7,19.4,17.7,16.8,20.0,0.0,0.0,715,0,0,4815,4861,9,0,0,0,0.0,0,0.0,0,175.0,261,0.0,0
1791412571,24.5,20.4,30.9,21.4,22.0,18.6,22.2,28.0,0.0,0.0,716,0,4,4820,4868,9,0,0,0,0.0,0,0.0,0,174.0,261,0.0,0
1791412572,25.0,16.7,34.4,22.2,25.5,19.8,22.0,16.5,0.0,0.0,715,0,0,4820,4865,8,0,0,0,0.0,0,0.0,0,184.0,261,0.0,0
1791412573,24.5,24.7,35.4,29.2,28.6,22.7,30.6,24.2,0.0,0.0,717,0,8,4791,4843,9,0,0,0,0.0,0,0.0,0,199.0,263,0.0,0
1791412574,26.0,27.6,42.6,29.2,25.0,24.0,19.8,24.2,0.0,0.0,715,0,28,4797,4846,9,0,0,0,0.0,0,0.0,0,211.0,263,0.0,0
1791412575,30.9,22.7,38.5,32.3,25.3,24.7,23.7,25.0,0.0,0.0,716,0,0,4797,4843,10,0,0,0,0.0,0,0.0,0,212.0,263,0.0,0
1791412576,26.5,21.4,39.0,30.6,25.0,23.7,24.7,21.6,0.0,0.0,716,0,0,4788,4843,10,0,0,0,0.0,0,0.0,0,201.0,265,0.0,0
1791412577,29.6,24.7,33.0,29.6,26.8,26.3,25.3,20.4,0.0,0.0,717,0,24,4790,4846,9,0,0,0,0.0,0,0.0,0,204.0,260,0.0,0
1791412578,24.0,27.3,31.9,24.2,23.5,24.7,22.9,22.7,0.0,0.0,711,0,0,4798,4852,9,0,0,0,0.0,0,0.0,0,196.0,260,0.0,0
1791412579,22.1,27.8,33.7,28.3,19.8,23.5,22.7,20.6,0.0,0.0,712,0,16,4809,4854,9,0,0,0,0.0,0,0.0,0,191.0,261,0.0,0
1791412580,22.4,25.0,40.0,27.4,22.7,20.6,20.6,21.4,0.0,0.0,715,0,0,4812,4859,9,0,0,0,0.0,0,0.0,0,186.0,265,0.0,0
1791412581,26.8,25.0,41.8,33.3,22.9,23.5,26.0,22.9,0.0,0.0,714,0,0,4805,4853,8,0,0,0,0.0,0,0.0,0,215.0,262,0.0,0
1791412582,26.0,29.5,37.5,29.9,27.7,24.0,21.2,24.2,0.0,0.0,713,0,12,4791,4841,9,0,0,0,0.0,0,0.0,0,210.0,262,0.0,0
1791412583,26.3,25.5,39.8,32.0,23.2,25.8,23.7,24.0,0.0,0.0,729,0,4,4808,4847,7,0,0,0,0.0,0,0.0,0,211.0,277,0.0,0
1791412584,21.9,27.3,40.4,28.7,21.9,23.5,22.7,21.6,0.0,0.0,729,0,0,4796,4846,9,0,0,0,0.0,0,0.0,0,203.0,278,0.0,0
1791412585,23.4,23.7,34.0,27.1,24.5,24.5,30.3,25.5,0.0,0.0,727,0,0,4794,4844,8,0,0,0,0.0,0,0.0,0,210.0,274,0.0,0
1791412586,28.1,30.2,34.0,27.8,18.6,26.8,22.2,24.2,0.0,0.0,721,0,0,4791,4840,8,0,0,0,0.0,0,0.0,0,205.0,270,0.0,0
1791412587,30.6,28.6,33.3,28.9,21.6,22.7,26.3,24.0,0.0,0.0,722,0,12,4796,4845,9,0,0,0,0.0,0,0.0,0,206.0,270,0.0,0
1791412588,22.7,22.7,33.3,25.3,22.2,20.8,21.3,28.6,0.0,0.0,724,0,0,4798,4844,7,0,0,0,0.0,0,0.0,0,192.0,274,0.0,0
1791412589,25.0,31.6,39.4,21.9,27.6,22.9,27.3,25.8,0.0,0.0,726,0,4,4781,4830,9,0,0,0,0.0,0,0.0,0,216.0,274,0.0,0
1791412590,23.2,25.8,38.3,30.6,21.1,26.0,24.2,24.7,0.0,0.0,726,0,0,4788,4840,9,0,0,0,0.0,0,0.0,0,210.0,274,0.0,0
1791412591,24.7,26.0,37.4,28.1,22.9,30.3,22.7,23.5,0.0,0.0,727,0,0,4796,4846,8,0,0,0,0.0,0,0.0,0,208.0,274,0.0,0
1791412592,24.0,23.7,41.8,23.2,23.7,23.7,21.9,22.7,0.0,0.0,728,0,12,4802,4847,8,0,0,0,0.0,0,0.0,0,199.0,274,0.0,0
1791412593,24.7,27.0,38.1,23.2,21.9,21.9,21.6,20.8,0.0,0.0,729,0,0,4797,4847,8,0,0,0,0.0,0,0.0,0,192.0,274,0.0,0
1791412594,27.6,27.6,41.7,29.3,21.6,22.7,21.6,25.3,0.0,0.0,731,0,0,4788,4845,8,0,0,0,0.0,0,0.0,0,210.0,274,0.0,0
1791412595,23.7,25.5,39.2,26.0,23.7,22.7,19.8,19.8,0.0,0.0,733,0,4,4789,4844,8,0,0,0,0.0,0,0.0,0,194.0,276,0.0,0
1791412596,25.5,20.6,35.1,33.7,19.8,22.1,25.8,31.3,0.0,0.0,732,0,0,4793,4842,9,0,0,0,0.0,0,0.0,0,208.0,276,0.0,0
1791412597,24.2,25.8,33.3,25.5,24.7,22.9,30.6,25.0,0.0,0.0,733,0,12,4792,4843,9,0,0,0,0.0,0,0.0,0,206.0,276,0.0,0
1791412598,23.5,25.8,39.8,30.0,23.5,17.9,22.1,20.6,0.0,0.0,733,0,0,4807,4850,7,0,0,0,0.0,0,0.0,0,195.0,276,0.0,0
1791412599,21.9,27.6,38.9,31.2,25.8,24.2,29.3,23.7,0.0,0.0,733,0,0,4788,4840,8,0,0,0,0.0,0,0.0,0,213.0,276,0.0,0
1791412600,21.6,20.2,37.9,29.5,25.0,27.4,27.4,19.8,0.0,0.0,734,0,4208,4790,4846,9,0,0,0,0.0,0,0.0,0,210.0,276,0.0,0
1791412601,22.9,24.5,34.0,26.8,32.3,26.3,20.4,20.8,0.0,0.0,735,0,8,4801,4844,7,0,0,0,0.0,0,0.0,0,202.0,276,0.0,0
1791412602,26.5,24.7,41.2,30.2,29.9,27.3,27.6,26.5,0.0,0.0,736,0,0,4793,4837,8,0,0,0,0.0,0,0.0,0,219.0,276,0.0,0
1791412603,21.9,25.0,31.9,34.3,20.6,23.7,25.8,25.0,0.0,0.0,736,0,28,4796,4845,10,0,0,0,0.0,0,0.0,0,201.0,276,0.0,0
1791412604,27.1,27.8,39.6,25.5,21.6,23.5,28.9,24.2,0.0,0.0,755,0,0,4781,4837,8,0,0,0,0.0,0,0.0,0,211.0,296,0.0,0
1791412605,19.4,28.9,43.0,28.9,23.7,26.3,24.5,24.0,0.0,0.0,741,0,0,4800,4844,8,0,0,0,0.0,0,0.0,0,206.0,284,0.0,0
1791412606,21.6,18.9,31.9,28.1,26.0,21.6,23.7,25.3,0.0,0.0,742,0,0,4809,4855,8,0,0,0,0.0,0,0.0,0,193.0,284,0.0,0
1791412607,26.0,23.7,43.6,25.8,24.2,25.5,29.9,20.6,0.0,0.0,743,0,4,4796,4847,8,0,0,0,0.0,0,0.0,0,208.0,284,0.0,0
1791412608,22.9,25.5,35.8,25.3,25.5,22.7,20.4,23.7,0.0,0.0,743,0,32,4792,4844,9,0,0,0,0.0,0,0.0,0,196.0,284,0.0,0
1791412609,24.5,27.6,38.0,30.5,25.3,24.0,25.0,26.3,0.0,0.0,730,0,0,4786,4842,7,0,0,0,0.0,0,0.0,0,209.0,284,0.0,0
1791412610,25.5,25.3,39.3,29.3,24.2,17.5,26.7,24.7,0.0,0.0,731,0,0,4795,4842,10,0,0,0,0.0,0,0.0,0,202.0,284,0.0,0
1791412611,31.6,23.7,42.6,32.0,25.8,26.8,19.8,21.4,0.0,0.0,732,0,0,4788,4842,10,0,0,0,0.0,0,0.0,0,214.0,284,0.0,0
1791412612,27.0,27.3,33.7,27.3,21.2,22.4,28.6,23.5,0.0,0.0,727,0,0,4799,4850,9,0,0,0,0.0,0,0.0,0,199.0,284,0.0,0
1791412613,20.6,28.7,38.1,27.6,29.3,23.2,25.0,24.5,0.0,0.0,728,0,20,4813,4859,8,0,0,0,0.0,0,0.0,0,197.0,284,0.0,0
1791412614,27.6,26.5,31.9,26.3,25.5,21.9,18.9,25.8,0.0,0.0,731,0,28,4795,4847,9,0,0,0,0.0,0,0.0,0,198.0,285,0.0,0
1791412615,29.7,21.9,40.0,28.3,25.3,20.8,23.5,24.5,0.0,0.0,734,0,0,4791,4845,10,0,0,0,0.0,0,0.0,0,200.0,287,0.0,0
1791412616,30.0,25.5,28.4,26.8,21.4,26.3,18.9,21.4,0.0,0.0,734,0,0,4796,4852,8,0,0,0,0.0,0,0.0,0,190.0,287,0.0,0
1791412617,16.8,23.0,35.5,28.6,20.8,21.4,24.2,23.2,0.0,0.0,735,0,0,4801,4852,8,0,0,0,0.0,0,0.0,0,184.0,287,0.0,0
1791412618,25.3,24.0,37.2,28.0,24.7,24.2,26.3,31.0,0.0,0.0,736,0,0,4800,4848,9,0,0,0,0.0,0,0.0,0,207.0,287,0.0,0
1791412619,25.0,23.5,37.2,24.0,24.0,20.4,23.7,29.6,0.0,0.0,729,0,32,4792,4846,9,0,0,0,0.0,0,0.0,0,197.0,287,0.0,0
1791412620,23.5,23.5,41.2,32.0,27.0,23.5,21.9,19.4,0.1,0.0,730,0,236,4794,4843,8,0,0,0,0.0,0,0.0,0,193.0,287,0.0,0
1791412621,28.3,29.0,38.3,27.3,23.2,25.5,24.2,22.7,0.0,0.0,731,0,0,4809,4854,9,0,0,0,0.0,0,0.0,0,203.0,287,0.0,0
1791412622,20.8,25.8,33.0,25.8,23.5,26.5,18.6,21.4,0.0,0.0,730,0,0,4814,4857,7,0,0,0,0.0,0,0.0,0,188.0,287,0.0,0
1791412623,24.2,23.5,33.0,24.5,23.2,27.6,27.3,20.8,0.0,0.0,728,0,0,4810,4855,9,0,0,0,0.0,0,0.0,0,192.0,288,0.0,0
1791412624,23.0,18.8,32.6,25.8,22.2,21.6,19.4,22.4,0.1,0.0,729,0,20,4816,4860,9,0,0,0,0.0,0,0.0,0,177.0,288,0.0,0
1791412625,21.4,17.5,35.4,26.7,18.2,24.0,18.6,23.2,0.0,0.0,732,0,4,4811,4859,8,0,0,0,0.0,0,0.0,0,167.0,289,0.0,0
1791412626,21.2,24.0,30.9,28.9,22.5,26.0,17.7,22.4,0.0,0.0,733,0,0,4819,4867,7,0,0,0,0.0,0,0.0,0,178.0,290,0.0,0
1791412627,22.4,25.7,33.0,26.3,24.8,23.2,16.5,23.8,0.0,0.0,734,0,0,4814,4860,8,0,0,0,0.0,0,0.0,0,181.0,290,0.0,0
1791412628,28.3,26.0,35.7,30.7,26.0,26.3,31.4,24.5,0.0,0.0,733,0,0,4805,4852,9,0,0,0,0.0,0,0.0,0,204.0,290,0.0,0
1791412629,23.7,23.5,38.9,33.3,24.7,23.5,26.8,20.2,0.0,0.0,729,0,20,4797,4848,9,0,0,0,0.0,0,0.0,0,205.0,290,0.0,0
1791412630,25.5,30.0,41.7,31.6,22.4,21.4,28.6,25.5,0.0,0.0,730,0,0,4792,4842,9,0,0,0,0.0,0,0.0,0,212.0,290,0.0,0
1791412631,20.6,24.2,42.9,31.6,23.0,23.5,21.6,18.9,0.0,0.0,741,0,4352,4783,4842,7,0,0,0,0.0,0,0.0,0,194.0,301,0.0,0
1791412632,25.3,26.0,36.4,33.7,25.3,22.7,29.0,28.0,0.0,0.0,745,0,0,4793,4848,9,0,0,0,0.0,0,0.0,0,209.0,307,0.0,0
1791412633,17.7,28.6,33.3,25.3,26.0,26.5,19.6,23.2,0.0,0.0,747,0,0,4805,4851,8,0,0,0,0.0,0,0.0,0,186.0,307,0.0,0
1791412634,18.4,22.7,33.3,23.5,23.2,29.6,23.5,21.2,0.0,0.0,748,0,40,4804,4851,9,0,0,0,0.0,0,0.0,0,182.0,307,0.0,0
1791412635,20.4,21.2,38.4,29.9,26.3,28.0,22.2,24.5,0.0,0.0,748,0,0,4798,4851,9,0,0,0,0.0,0,0.0,0,195.0,308,0.0,0
1791412636,25.5,20.4,38.4,28.0,21.6,20.4,22.0,25.5,0.0,0.0,748,0,0,4808,4853,8,0,0,0,0.0,0,0.0,0,186.0,301,0.0,0
1791412637,27.3,22.4,36.5,27.3,22.9,29.3,30.9,23.0,0.0,0.0,749,0,8,4809,4852,8,0,0,0,0.0,0,0.0,0,205.0,301,0.0,0
1791412638,23.8,22.4,37.4,29.6,21.2,22.4,21.2,26.0,0.0,0.0,742,0,0,4805,4855,8,0,0,0,0.0,0,0.0,0,184.0,301,0.0,0
1791412639,24.2,22.0,39.6,30.6,24.2,24.7,24.8,20.6,0.1,0.0,743,0,24,4813,4854,8,0,0,0,0.0,0,0.0,0,197.0,301,0.0,0
1791412640,26.3,30.0,39.8,30.9,24.5,30.6,25.3,29.6,0.0,0.0,744,0,0,4788,4839,9,0,0,0,0.0,0,0.0,0,217.0,298,0.0,0
1791412641,22.4,21.9,39.8,34.0,24.5,28.9,24.5,28.6,0.0,0.0,746,0,0,4789,4840,8,0,0,0,0.0,0,0.0,0,214.0,298,0.0,0
1791412642,24.0,27.4,44.8,37.1,28.3,28.0,26.8,27.6,0.0,0.0,740,0,0,4786,4841,8,0,0,0,0.0,0,0.0,0,234.0,299,0.0,0
1791412643,23.2,22.4,36.5,30.9,24.0,27.3,22.9,30.7,0.0,0.0,741,0,4,4774,4835,8,0,0,0,0.0,0,0.0,0,209.0,299,0.0,0
1791412644,28.6,29.7,35.8,30.6,27.6,21.9,26.0,24.7,0.0,0.0,742,0,0,4794,4844,8,0,0,0,0.0,0,0.0,0,213.0,299,0.0,0
1791412645,27.3,22.7,37.4,29.0,23.7,22.4,24.5,26.5,0.0,0.0,743,0,28,4807,4854,8,0,0,0,0.0,0,0.0,0,198.0,299,0.0,0
1791412646,27.3,24.2,38.4,27.3,16.3,26.0,22.7,30.0,0.0,0.0,744,0,0,4802,4849,8,0,0,0,0.0,0,0.0,0,196.0,299,0.0,0
1791412647,26.8,27.3,37.8,26.8,24.5,26.3,28.9,23.2,0.0,0.0,745,0,0,4795,4848,8,0,0,0,0.0,0,0.0,0,206.0,299,0.0,0
1791412648,27.3,18.6,34.0,29.0,25.5,26.3,24.8,21.6,0.0,0.0,747,0,0,4800,4851,9,0,0,0,0.0,0,0.0,0,189.0,300,0.0,0
1791412649,26.3,20.8,35.8,31.6,24.5,26.5,22.7,19.6,0.0,0.0,748,0,4,4803,4851,9,0,0,0,0.0,0,0.0,0,203.0,300,0.0,0
1791412650,23.2,26.5,35.1,33.3,25.3,29.6,22.7,23.5,0.0,0.0,749,0,12,4795,4850,11,0,0,0,0.0,0,0.0,0,199.0,300,0.0,0
1791412651,21.9,22.2,39.4,30.9,17.9,27.3,26.5,26.7,0.0,0.0,751,0,0,4802,4856,8,0,0,0,0.0,0,0.0,0,197.0,303,0.0,0
1791412652,22.4,22.7,35.1,32.3,25.5,24.0,24.5,25.3,0.0,0.0,753,0,0,4797,4845,10,0,0,0,0.0,0,0.0,0,198.0,304,0.0,0
1791412653,20.4,23.5,34.3,26.8,26.5,27.6,25.3,26.3,0.0,0.0,754,0,0,4802,4849,8,0,0,0,0.0,0,0.0,0,195.0,304,0.0,0
1791412654,25.3,31.3,40.8,25.3,24.5,24.7,27.6,25.8,0.0,0.0,747,0,0,4804,4850,10,0,0,0,0.0,0,0.0,0,212.0,304,0.0,0
1791412655,22.2,25.7,37.0,31.7,20.6,18.9,26.8,20.2,0.0,0.0,749,0,16,4811,4855,9,0,0,0,0.0,0,0.0,0,186.0,304,0.0,0
1791412656,17.0,20.2,32.3,28.0,19.8,23.0,22.0,21.0,0.0,0.0,749,0,0,4820,4864,8,0,0,0,0.0,0,0.0,0,172.0,304,0.0,0
1791412657,23.2,21.2,33.3,23.5,22.0,21.6,19.2,21.4,0.0,0.0,750,0,0,4815,4866,8,0,0,0,0.0,0,0.0,0,173.0,304,0.0,0
1791412658,25.5,27.5,43.4,29.0,21.0,23.0,24.7,21.8,0.0,0.0,750,0,0,4815,4858,8,0,0,0,0.0,0,0.0,0,194.0,304,0.0,0
1791412659,18.4,24.5,31.2,24.7,23.2,27.6,20.8,23.5,0.0,0.0,750,0,0,4800,4852,8,0,0,0,0.0,0,0.0,0,183.0,304,0.0,0
1791412660,21.0,23.5,29.6,28.3,26.7,21.9,22.4,20.4,0.1,0.0,751,0,12,4807,4854,10,0,0,0,0.0,0,0.0,0,181.0,304,0.0,0
1791412661,21.4,22.2,36.0,22.4,27.0,17.7,25.0,19.6,0.0,0.0,753,0,4,4810,4858,9,0,0,0,0.0,0,0.0,0,177.0,305,0.0,0
1791412662,23.0,17.5,33.3,23.2,22.7,23.5,23.2,22.0,0.0,0.0,753,0,4076,4819,4862,8,0,0,0,0.0,0,0.0,0,175.0,305,0.0,0
1791412663,21.6,28.0,38.5,28.9,25.3,28.0,25.5,20.8,0.0,0.0,755,0,0,4799,4849,8,0,0,0,0.0,0,0.0,0,203.0,305,0.0,0
1791412664,27.3,27.3,37.1,29.6,25.5,23.0,27.8,28.3,0.0,0.0,795,0,0,4793,4845,10,0,0,0,0.0,0,0.0,0,212.0,337,0.0,0
1791412665,25.0,20.4,38.5,31.6,23.5,23.0,24.5,22.7,0.0,0.0,788,0,20,4800,4848,8,0,0,0,0.0,0,0.0,0,194.0,322,0.0,0
1791412666,25.8,30.7,33.0,26.8,28.1,25.3,28.3,24.5,0.0,0.0,789,0,0,4784,4840,10,0,0,0,0.0,0,0.0,0,208.0,322,0.0,0
1791412667,22.4,28.6,38.1,27.3,20.8,20.6,26.5,24.0,0.0,0.0,789,0,4,4798,4847,9,0,0,0,0.0,0,0.0,0,196.0,322,0.0,0
1791412668,24.2,29.0,33.0,33.0,23.2,25.8,28.9,29.0,0.0,0.0,790,0,0,4806,4848,8,0,0,0,0.0,0,0.0,0,208.0,322,0.0,0
1791412669,24.2,21.6,38.1,30.3,23.7,24.8,26.3,28.9,0.0,0.0,789,0,0,4792,4846,10,0,0,0,0.0,0,0.0,0,206.0,322,0.0,0
1791412670,24.0,27.0,38.8,32.3,21.6,25.3,24.8,24.7,0.0,0.0,790,0,12,4793,4843,8,0,0,0,0.0,0,0.0,0,207.0,322,0.0,0
1791412671,18.8,29.2,38.4,29.9,22.4,26.3,26.3,24.7,0.0,0.0,784,0,8,4787,4841,9,0,0,0,0.0,0,0.0,0,207.0,322,0.0,0
1791412672,21.9,26.0,43.8,27.4,25.0,25.3,20.4,26.0,0.0,0.0,784,0,0,4800,4847,9,0,0,0,0.0,0,0.0,0,204.0,322,0.0,0
1791412673,23.2,22.7,41.7,31.6,21.1,27.3,23.7,24.5,0.0,0.0,784,0,8,4797,4854,11,0,0,0,0.0,0,0.0,0,203.0,322,0.0,0
1791412674,24.0,23.2,40.0,28.3,27.3,23.7,30.3,23.8,0.0,0.0,785,0,0,4799,4850,9,0,0,0,0.0,0,0.0,0,196.0,322,0.0,0
1791412675,23.7,23.7,40.2,26.8,23.5,28.7,23.7,17.9,0.0,0.0,785,0,40,4785,4841,10,0,0,0,0.0,0,0.0,0,202.0,322,0.0,0
1791412676,23.2,20.8,39.8,30.2,32.0,23.7,26.0,24.7,0.0,0.0,785,0,0,4793,4844,10,0,0,0,0.0,0,0.0,0,204.0,322,0.0,0
1791412677,20.8,25.5,39.0,28.3,23.2,23.5,22.7,24.5,0.0,0.0,759,0,0,4812,4856,9,0,0,0,0.0,0,0.0,0,198.0,322,0.0,0
1791412678,23.2,25.3,39.6,26.8,23.2,27.7,25.5,30.3,0.0,0.0,760,0,0,4799,4846,8,0,0,0,0.0,0,0.0,0,207.0,322,0.0,0
1791412679,30.6,29.0,36.1,30.7,28.7,20.6,18.6,25.7,0.0,0.0,761,0,240,4807,4854,10,0,0,0,0.0,0,0.0,0,199.0,323,0.0,0
1791412680,22.9,23.0,32.7,24.0,26.0,24.5,27.0,28.0,0.0,0.0,762,0,48,4799,4849,8,0,0,0,0.0,0,0.0,0,193.0,323,0.0,0
1791412681,23.5,24.5,40.2,29.0,27.6,24.5,21.9,25.0,0.0,0.0,764,0,0,4809,4849,9,0,0,0,0.0,0,0.0,0,200.0,324,0.0,0
1791412682,19.4,18.8,38.8,26.3,22.2,21.2,19.2,22.0,0.0,0.0,765,0,0,4811,4856,9,0,0,0,0.0,0,0.0,0,173.0,325,0.0,0
1791412683,23.2,22.0,35.4,23.5,20.0,19.8,23.0,20.6,0.0,0.0,764,0,0,4832,4872,8,0,0,0,0.0,0,0.0,0,174.0,325,0.0,0
1791412684,19.4,18.4,37.1,27.6,20.2,22.0,23.7,18.2,0.0,0.0,766,0,0,4819,4866,9,0,0,0,0.0,0,0.0,0,172.0,325,0.0,0
1791412685,25.3,20.0,38.8,26.3,26.0,23.2,24.0,24.2,0.0,0.0,768,0,24,4811,4860,9,0,0,0,0.0,0,0.0,0,188.0,325,0.0,0
1791412686,21.9,25.7,39.2,29.3,27.0,20.8,22.0,27.6,0.0,0.0,769,0,16,4805,4853,9,0,0,0,0.0,0,0.0,0,197.0,325,0.0,0
1791412687,24.0,23.0,35.7,30.0,26.3,27.5,21.9,24.0,0.0,0.0,770,0,0,4816,4860,11,0,0,0,0.0,0,0.0,0,192.0,322,0.0,0
1791412688,25.7,24.5,38.0,27.6,24.2,22.4,23.2,21.2,0.0,0.0,771,0,0,4814,4860,9,0,0,0,0.0,0,0.0,0,191.0,322,0.0,0
1791412689,20.2,24.8,34.0,25.3,22.2,17.2,24.0,18.4,0.0,0.0,771,0,0,4815,4862,8,0,0,0,0.0,0,0.0,0,169.0,322,0.0,0
1791412690,20.2,21.2,32.7,24.0,26.5,22.2,17.3,18.6,0.0,0.0,768,0,0,4822,4864,7,0,0,0,0.0,0,0.0,0,170.0,322,0.0,0
1791412691,21.4,17.5,35.4,26.3,29.0,17.7,16.7,20.0,0.0,0.0,769,0,252,4797,4855,9,0,0,0,0.0,0,0.0,0,168.0,322,0.0,0
1791412692,18.6,25.8,27.6,24.0,21.0,16.5,22.2,22.2,0.0,0.0,770,0,0,4795,4853,7,0,0,0,0.0,0,0.0,0,168.0,322,0.0,0
1791412693,21.2,18.4,34.3,26.5,19.6,15.2,19.2,18.6,0.0,0.0,772,0,4260,4805,4858,8,0,0,0,0.0,0,0.0,0,160.0,322,0.0,0
1791412694,23.0,24.3,36.7,31.1,18.4,30.0,24.2,22.4,0.0,0.0,774,0,0,4802,4846,7,0,0,0,0.0,0,0.0,0,186.0,323,0.0,0
1791412695,22.0,23.2,35.0,25.8,23.5,23.5,16.3,26.0,0.0,0.0,774,0,0,4815,4863,9,0,0,0,0.0,0,0.0,0,179.0,323,0.0,0
1791412696,24.0,26.3,32.7,27.8,22.7,21.2,19.6,21.2,0.0,0.0,775,0,52,4822,4869,8,0,0,0,0.0,0,0.0,0,178.0,323,0.0,0
1791412697,21.4,24.0,35.1,22.2,23.0,27.0,20.0,19.4,0.0,0.0,776,0,4,4805,4860,9,0,0,0,0.0,0,0.0,0,175.0,323,0.0,0
1791412698,21.2,23.0,36.4,31.7,19.4,22.0,21.6,24.0,0.0,0.0,779,0,0,4807,4858,8,0,0,0,0.0,0,0.0,0,181.0,326,0.0,0
1791412699,19.4,23.2,32.6,26.8,21.9,24.5,24.0,22.4,0.0,0.0,779,0,0,4819,4859,10,0,0,0,0.0,0,0.0,0,186.0,326,0.0,0
1791412700,25.0,19.2,38.4,26.3,18.6,21.2,23.2,30.3,0.0,0.0,780,0,0,4815,4860,9,0,0,0,0.0,0,0.0,0,186.0,326,0.0,0
1791412701,26.0,31.0,35.4,28.9,27.0,24.5,25.0,17.5,0.0,0.0,781,0,36,4793,4847,10,0,0,0,0.0,0,0.0,0,205.0,326,0.0,0
1791412702,29.0,26.0,36.5,31.2,22.4,24.7,27.0,21.6,0.0,0.0,782,0,0,4789,4845,9,0,0,0,0.0,0,0.0,0,198.0,326,0.0,0
1791412703,28.0,26.5,36.8,29.9,33.3,23.2,23.7,21.6,0.0,0.0,783,0,4,4795,4842,9,0,0,0,0.0,0,0.0,0,208.0,326,0.0,0
1791412704,22.0,26.5,36.1,32.3,24.2,20.6,22.4,32.0,0.0,0.0,784,0,0,4806,4848,7,0,0,0,0.0,0,0.0,0,199.0,326,0.0,0
1791412705,33.7,28.7,41.7,31.3,25.0,26.3,21.6,27.8,0.0,0.0,824,0,0,4798,4850,9,0,0,0,0.0,0,0.0,0,220.0,349,0.0,0
1791412706,23.7,29.6,37.1,26.3,24.2,30.3,21.6,26.3,0.0,0.0,820,0,12,4800,4851,8,0,0,0,0.0,0,0.0,0,203.0,335,0.0,0
1791412707,22.4,24.2,33.7,31.6,22.4,30.2,24.2,22.7,0.0,0.0,821,0,0,4790,4848,8,0,0,0,0.0,0,0.0,0,201.0,335,0.0,0
1791412708,25.0,24.8,37.1,33.0,26.0,25.3,25.5,25.7,0.0,0.0,829,0,0,4794,4850,9,0,0,0,0.0,0,0.0,0,199.0,344,0.0,0
1791412709,26.3,27.8,35.1,23.2,27.3,25.8,27.0,24.2,0.0,0.0,826,0,8,4807,4853,9,0,0,0,0.0,0,0.0,0,205.0,345,0.0,0
1791412710,26.3,25.5,37.9,28.9,23.7,23.2,26.8,24.2,0.0,0.0,824,0,0,4798,4846,10,0,0,0,0.0,0,0.0,0,210.0,345,0.0,0
1791412711,24.7,28.1,43.9,28.6,28.6,25.5,28.6,23.0,0.0,0.0,821,0,24,4776,4836,11,0,0,0,0.0,0,0.0,0,215.0,345,0.0,0
1791412712,23.7,28.3,33.0,30.3,27.6,22.4,25.0,24.2,0.0,0.0,811,0,12,4796,4854,10,0,0,0,0.0,0,0.0,0,200.0,345,0.0,0
1791412713,25.3,28.3,37.6,26.8,28.3,28.1,25.5,26.5,0.0,0.0,808,0,0,4796,4840,8,0,0,0,0.0,0,0.0,0,214.0,345,0.0,0
1791412714,22.7,28.6,33.3,30.2,26.0,29.9,27.1,23.5,0.0,0.0,809,0,0,4792,4843,9,0,0,0,0.0,0,0.0,0,214.0,346,0.0,0
1791412715,22.4,26.8,36.6,25.8,27.8,19.6,23.5,23.7,0.0,0.0,810,0,4,4798,4857,10,0,0,0,0.0,0,0.0,0,216.0,347,0.0,0
1791412716,24.7,24.7,36.2,32.7,25.3,21.6,26.8,28.3,0.0,0.0,812,0,12,4783,4831,8,0,0,0,0.0,0,0.0,0,191.0,348,0.0,0
1791412717,26.5,28.4,33.7,25.8,27.3,25.3,25.0,26.8,0.0,0.0,813,0,0,4787,4843,7,0,0,0,0.0,0,0.0,0,205.0,348,0.0,0
1791412718,26.3,25.0,37.1,22.4,18.9,23.7,22.4,25.3,0.0,0.0,813,0,0,4790,4847,9,0,0,0,0.0,0,0.0,0,191.0,348,0.0,0
1791412719,20.6,28.4,31.5,27.6,25.0,23.2,21.2,25.3,0.0,0.0,814,0,0,4806,4859,9,0,0,0,0.0,0,0.0,0,188.0,348,0.0,0
1791412720,29.3,22.4,29.8,28.0,26.5,23.7,24.0,22.2,0.0,0.0,815,0,0,4789,4846,11,0,0,0,0.0,0,0.0,0,192.0,348,0.0,0
1791412721,25.3,28.0,35.1,29.6,25.3,25.8,22.7,23.7,0.0,0.0,816,0,4,4779,4841,9,0,0,0,0.0,0,0.0,0,204.0,348,0.0,0
1791412722,29.5,28.0,35.5,23.7,21.1,22.4,22.4,24.7,0.0,0.0,808,0,12,4809,4853,8,0,0,0,0.0,0,0.0,0,202.0,349,0.0,0
1791412723,19.8,22.7,35.8,27.8,27.0,23.0,24.7,27.6,0.0,0.0,810,0,0,4805,4849,9,0,0,0,0.0,0,0.0,0,209.0,350,0.0,0
1791412724,30.5,27.1,41.9,30.6,36.4,30.9,29.6,29.2,0.0,0.0,811,0,4168,4789,4841,12,0,0,0,0.0,0,0.0,0,235.0,351,0.0,0
1791412725,27.6,31.3,34.7,29.3,22.1,24.2,25.3,24.7,0.0,0.0,813,0,0,4790,4842,9,0,0,0,0.0,0,0.0,0,210.0,351,0.0,0
1791412726,23.7,25.3,38.1,24.0,21.9,22.7,23.7,22.4,0.0,0.0,814,0,0,4801,4851,8,0,0,0,0.0,0,0.0,0,194.0,351,0.0,0
1791412727,25.3,23.5,36.5,20.4,21.9,28.3,22.4,19.4,0.1,0.0,814,0,24,4803,4853,8,0,0,0,0.0,0,0.0,0,199.0,351,0.0,0
1791412728,27.8,29.3,41.2,34.7,30.3,25.8,23.5,27.8,0.0,0.0,814,0,8,4804,4860,10,0,0,0,0.0,0,0.0,0,219.0,351,0.0,0
1791412729,17.9,24.0,34.4,25.8,20.0,23.5,23.2,24.0,0.0,0.0,815,0,0,4796,4854,8,0,0,0,0.0,0,0.0,0,188.0,351,0.0,0
1791412730,24.7,23.2,36.8,25.5,24.2,21.6,24.7,21.6,0.0,0.0,815,0,0,4802,4859,9,0,0,0,0.0,0,0.0,0,196.0,352,0.0,0
1791412731,23.2,25.3,35.4,25.0,23.5,18.4,18.9,22.0,0.0,0.0,816,0,0,4805,4857,7,0,0,0,0.0,0,0.0,0,182.0,352,0.0,0
1791412732,20.8,22.9,32.3,23.7,21.2,22.7,20.4,21.6,0.0,0.0,816,0,12,4824,4866,7,0,0,0,0.0,0,0.0,0,179.0,352,0.0,0
1791412733,27.8,26.0,39.6,30.6,23.2,21.4,22.4,22.2,0.0,0.0,822,0,4,4799,4851,8,0,0,0,0.0,0,0.0,0,197.0,357,0.0,0
1791412734,27.3,22.7,43.3,29.6,22.7,26.3,25.5,19.8,0.0,0.0,813,0,0,4798,4850,9,0,0,0,0.0,0,0.0,0,207.0,348,0.0,0
1791412735,26.3,23.2,38.9,32.6,28.1,28.4,25.5,23.4,0.0,0.0,814,0,0,4785,4843,9,0,0,0,0.0,0,0.0,0,226.0,348,0.0,0
1791412736,26.8,27.3,40.6,29.5,21.1,27.6,21.9,29.3,0.0,0.0,814,0,0,4792,4843,9,0,0,0,0.0,0,0.0,0,216.0,348,0.0,0
1791412737,25.3,24.5,38.1,28.6,27.0,21.9,27.6,24.7,0.0,0.0,812,0,12,4802,4850,8,0,0,0,0.0,0,0.0,0,205.0,348,0.0,0
1791412738,24.5,22.4,37.5,35.1,25.3,23.5,21.6,22.4,0.0,0.0,812,0,0,4802,4847,8,0,0,0,0.0,0,0.0,0,199.0,348,0.0,0
1791412739,21.4,21.1,36.8,24.5,23.2,22.4,17.7,24.7,0.0,0.0,812,0,4,4802,4850,8,0,0,0,0.0,0,0.0,0,183.0,348,0.0,0
1791412740,23.2,25.3,35.4,21.3,26.5,24.0,16.3,23.5,0.0,0.0,813,0,0,4796,4851,7,0,0,0,0.0,0,0.0,0,188.0,348,0.0,0
1791412741,16.7,25.3,31.2,27.3,24.5,27.6,26.3,19.8,0.0,0.0,814,0,0,4809,4851,9,0,0,0,0.0,0,0.0,0,190.0,350,0.0,0
1791412742,24.8,24.0,40.6,31.2,25.5,24.7,25.5,25.3,0.0,0.0,815,0,12,4802,4850,10,0,0,0,0.0,0,0.0,0,210.0,350,0.0,0
1791412743,23.5,23.2,46.5,28.3,23.7,19.6,26.3,22.9,0.0,0.0,816,0,0,4806,4848,8,0,0,0,0.0,0,0.0,0,202.0,350,0.0,0
1791412744,28.9,23.5,40.6,27.3,22.7,21.4,22.4,21.4,0.0,0.0,816,0,0,4809,4856,9,0,0,0,0.0,0,0.0,0,198.0,350,0.0,0
1791412745,21.0,21.9,40.0,20.0,23.5,22.4,22.7,22.7,0.0,0.0,815,0,8,4812,4846,9,0,0,0,0.0,0,0.0,0,181.0,350,0.0,0
1791412746,24.7,22.7,38.0,26.5,27.0,23.7,24.5,27.3,0.0,0.0,820,0,0,4803,4853,9,0,0,0,0.0,0,0.0,0,203.0,355,0.0,0
1791412747,26.5,23.5,38.0,30.6,24.7,26.5,25.5,22.9,0.0,0.0,818,0,0,4809,4854,9,0,0,0,0.0,0,0.0,0,203.0,352,0.0,0
1791412748,22.4,26.5,38.1,30.6,27.0,25.5,26.3,24.5,0.0,0.0,815,0,40,4816,4852,9,0,0,0,0.0,0,0.0,0,207.0,348,0.0,0
1791412749,22.4,24.7,32.3,25.3,25.8,27.3,19.8,24.7,0.0,0.0,815,0,0,4801,4852,9,0,0,0,0.0,0,0.0,0,195.0,348,0.0,0
1791412750,23.2,25.8,39.6,27.1,24.5,24.2,22.9,24.7,0.0,0.0,815,0,0,4793,4843,8,0,0,0,0.0,0,0.0,0,206.0,348,0.0,0
1791412751,26.3,24.2,36.8,25.3,23.5,25.7,29.3,25.3,0.0,0.0,815,0,4,4809,4854,9,0,0,0,0.0,0,0.0,0,199.0,348,0.0,0
1791412752,24.0,22.1,44.6,30.6,20.6,21.9,23.2,22.7,0.0,0.0,816,0,188,4799,4850,7,0,0,0,0.0,0,0.0,0,198.0,348,0.0,0
1791412753,19.4,25.8,34.4,25.0,21.4,18.4,24.2,22.4,0.0,0.0,812,0,20,4817,4860,8,0,0,0,0.0,0,0.0,0,180.0,345,0.0,0
1791412754,23.5,25.5,29.2,25.5,24.0,22.3,22.4,25.0,0.0,0.0,812,0,32,4801,4853,9,0,0,0,0.0,0,0.0,0,193.0,345,0.0,0
1791412755,19.4,25.0,35.4,29.0,22.4,24.7,25.8,24.0,0.0,0.0,813,0,4208,4802,4854,8,0,0,0,0.0,0,0.0,0,196.0,346,0.0,0
1791412756,22.2,22.4,32.0,25.3,23.5,26.3,18.6,24.0,0.0,0.0,814,0,0,4811,4863,9,0,0,0,0.0,0,0.0,0,184.0,346,0.0,0
1791412757,20.4,20.4,33.7,26.8,22.4,23.2,23.5,24.7,0.0,0.0,863,0,4,4804,4857,11,0,0,0,0.0,0,0.0,0,183.0,377,0.0,0
1791412758,25.8,25.3,35.4,25.8,25.5,21.4,24.7,26.5,0.0,0.0,849,0,40,4805,4852,9,0,0,0,0.0,0,0.0,0,199.0,364,0.0,0
1791412759,23.7,28.0,38.0,31.3,29.6,26.5,22.2,20.6,0.0,0.0,850,0,0,4793,4849,10,0,0,0,0.0,0,0.0,0,204.0,364,0.0,0
1791412760,20.4,26.5,32.6,28.9,21.9,27.0,26.5,27.3,0.0,0.0,850,0,0,4787,4844,10,0,0,0,0.0,0,0.0,0,198.0,364,0.0,0
1791412761,24.5,24.5,33.3,32.3,28.0,24.5,19.8,21.9,0.0,0.0,843,0,0,4811,4853,9,0,0,0,0.0,0,0.0,0,200.0,364,0.0,0
1791412762,20.6,19.8,33.0,21.9,25.5,23.5,21.2,19.8,0.0,0.0,840,0,0,4806,4856,9,0,0,0,0.0,0,0.0,0,176.0,364,0.0,0
1791412763,26.5,29.0,33.7,28.1,25.8,26.8,27.3,24.2,0.1,0.0,844,0,280,4793,4846,8,0,0,0,0.0,0,0.0,0,211.0,374,0.0,0
1791412764,24.0,25.3,35.8,30.9,23.5,24.2,26.3,22.7,0.0,0.0,843,0,0,4798,4847,7,0,0,0,0.0,0,0.0,0,204.0,374,0.0,0
1791412765,20.4,20.4,24.7,25.3,21.6,23.5,17.2,26.5,0.0,0.0,840,0,0,4806,4855,12,0,0,0,0.0,0,0.0,0,169.0,374,0.0,0
1791412766,17.3,22.4,29.2,28.1,26.3,20.6,29.6,19.8,0.0,0.0,838,0,0,4809,4857,8,0,0,0,0.0,0,0.0,0,184.0,374,0.0,0
1791412767,26.5,24.7,35.4,28.3,32.7,25.0,24.5,23.2,0.0,0.0,839,0,0,4785,4842,9,0,0,0,0.0,0,0.0,0,207.0,374,0.0,0
1791412768,20.4,23.2,31.9,27.8,21.4,23.0,20.2,27.3,0.0,0.0,839,0,0,4792,4844,8,0,0,0,0.0,0,0.0,0,182.0,374,0.0,0
1791412769,25.0,29.6,40.4,30.9,24.7,22.4,25.5,27.3,0.0,0.0,844,0,24,4798,4846,8,0,0,0,0.0,0,0.0,0,210.0,378,0.0,0
1791412770,25.8,27.8,35.5,31.2,22.9,24.0,26.3,28.6,0.0,0.0,846,0,0,4790,4841,7,0,0,0,0.0,0,0.0,0,218.0,378,0.0,0
1791412771,25.8,32.7,33.0,29.3,24.2,28.3,18.1,24.0,0.0,0.0,845,0,0,4786,4843,11,0,0,0,0.0,0,0.0,0,205.0,374,0.0,0
1791412772,22.4,22.7,37.2,28.1,23.5,30.9,25.3,22.2,0.0,0.0,846,0,0,4802,4851,9,0,0,0,0.0,0,0.0,0,209.0,374,0.0,0
1791412773,19.6,23.7,35.1,31.6,22.4,21.9,29.2,23.2,0.0,0.0,846,0,0,4790,4839,9,0,0,0,0.0,0,0.0,0,192.0,374,0.0,0
1791412774,21.9,24.7,40.4,30.5,28.0,25.8,25.3,22.4,0.1,0.0,846,0,20,4794,4845,8,0,0,0,0.0,0,0.0,0,208.0,374,0.0,0
1791412775,26.0,23.2,35.1,30.9,22.7,22.7,22.9,22.7,0.0,0.0,839,0,4,4774,4838,9,0,0,0,0.0,0,0.0,0,198.0,374,0.0,0
1791412776,26.0,30.6,41.2,31.6,27.6,27.8,27.1,24.5,0.0,0.0,840,0,0,4783,4841,9,0,0,0,0.0,0,0.0,0,226.0,381,0.0,0
1791412777,25.0,24.0,35.4,34.3,29.0,23.7,29.3,23.2,0.0,0.0,841,0,0,4805,4849,7,0,0,0,0.0,0,0.0,0,212.0,376,0.0,0
1791412778,28.0,26.3,39.6,32.3,27.0,24.5,20.8,21.9,0.0,0.0,834,0,0,4796,4846,9,0,0,0,0.0,0,0.0,0,209.0,376,0.0,0
1791412779,25.8,31.7,38.1,20.0,19.6,24.5,25.5,27.0,0.0,0.0,834,0,12,4805,4854,9,0,0,0,0.0,0,0.0,0,199.0,376,0.0,0
1791412780,23.5,17.0,33.3,28.9,20.2,24.5,20.4,18.6,0.0,0.0,835,0,0,4799,4850,10,0,0,0,0.0,0,0.0,0,179.0,376,0.0,0
1791412781,25.5,23.0,40.2,24.5,21.6,24.5,20.2,24.8,0.0,0.0,836,0,8,4805,4858,9,0,0,0,0.0,0,0.0,0,186.0,377,0.0,0
1791412782,21.4,24.0,35.4,23.5,19.4,23.2,27.6,23.7,0.0,0.0,836,0,0,4814,4863,8,0,0,0,0.0,0,0.0,0,182.0,377,0.0,0
1791412783,28.0,25.8,39.2,30.6,23.2,24.2,22.7,20.6,0.0,0.0,837,0,0,4814,4855,7,0,0,0,0.0,0,0.0,0,200.0,377,0.0,0
1791412784,22.4,26.3,34.4,25.3,20.8,18.8,22.4,20.4,0.0,0.0,837,0,24,4806,4854,8,0,0,0,0.0,0,0.0,0,180.0,377,0.0,0
1791412785,25.0,18.8,35.1,31.0,26.7,21.4,24.2,19.2,0.0,0.0,837,0,0,4817,4861,8,0,0,0,0.0,0,0.0,0,192.0,378,0.0,0
1791412786,19.2,22.7,39.4,18.9,25.3,23.7,20.6,28.0,0.0,0.0,837,0,4232,4823,4865,8,0,0,0,0.0,0,0.0,0,184.0,378,0.0,0
1791412787,18.0,21.2,31.6,27.7,23.8,18.6,26.3,20.8,0.0,0.0,838,0,4,4813,4858,9,0,0,0,0.0,0,0.0,0,169.0,378,0.0,0
1791412788,26.3,23.7,37.5,26.0,22.4,25.0,17.7,26.3,0.0,0.0,838,0,0,4799,4852,9,0,0,0,0.0,0,0.0,0,193.0,378,0.0,0
1791412789,31.3,24.7,34.0,32.0,23.5,30.0,23.7,24.2,0.0,0.0,839,0,28,4805,4851,9,0,0,0,0.0,0,0.0,0,204.0,378,0.0,0
1791412790,27.0,24.2,31.2,26.3,24.5,26.3,30.2,24.5,0.0,0.0,839,0,20,4799,4847,9,0,0,0,0.0,0,0.0,0,208.0,378,0.0,0
1791412791,28.9,23.7,36.7,24.2,25.5,22.4,23.5,25.3,0.0,0.0,839,0,0,4797,4849,8,0,0,0,0.0,0,0.0,0,191.0,378,0.0,0
1791412792,32.0,23.5,48.0,27.8,29.2,24.7,24.2,25.0,0.0,0.0,839,0,0,4771,4835,9,0,0,0,0.0,0,0.0,0,227.0,379,0.0,0
1791412793,20.0,23.0,39.6,34.0,25.5,22.4,23.5,24.2,0.0,0.0,841,0,4,4795,4841,8,0,0,0,0.0,0,0.0,0,209.0,379,0.0,0
1791412794,26.0,28.3,40.0,25.8,23.7,24.7,29.6,32.3,0.0,0.0,841,0,12,4782,4840,8,0,0,0,0.0,0,0.0,0,207.0,379,0.0,0
1791412795,26.8,26.3,40.8,24.5,25.8,24.7,23.7,27.3,0.0,0.0,834,0,0,4786,4842,8,0,0,0,0.0,0,0.0,0,210.0,379,0.0,0
1791412796,25.5,27.0,41.2,29.0,23.2,23.2,29.6,22.4,0.0,0.0,834,0,0,4800,4849,9,0,0,0,0.0,0,0.0,0,203.0,379,0.0,0
1791412797,23.7,21.4,36.7,30.9,25.5,25.8,32.4,24.2,0.0,0.0,832,0,0,4811,4856,8,0,0,0,0.0,0,0.0,0,204.0,379,0.0,0
1791412798,25.3,24.2,35.7,30.2,20.0,21.4,25.5,20.6,0.0,0.0,833,0,0,4792,4846,9,0,0,0,0.0,0,0.0,0,190.0,379,0.0,0
1791412799,24.2,21.6,38.9,27.8,25.3,27.6,28.3,23.2,0.0,0.0,836,0,4,4811,4852,8,0,0,0,0.0,0,0.0,0,201.0,383,0.0,0
1791412800,22.4,22.7,40.2,29.3,22.9,25.3,29.6,23.5,0.0,0.0,838,0,12,4798,4845,8,0,0,0,0.0,0,0.0,0,203.0,383,0.0,0
1791412801,25.8,22.4,39.2,31.3,24.0,21.6,24.2,20.8,0.0,0.0,838,0,0,4803,4848,9,0,0,0,0.0,0,0.0,0,209.0,383,0.0,0
1791412802,28.6,26.8,41.8,32.0,34.7,27.4,27.8,22.9,0.0,0.0,839,0,0,4796,4842,13,0,0,0,0.0,0,0.0,0,224.0,383,0.0,0
1791412803,24.7,28.6,40.0,29.2,28.6,29.2,24.7,26.8,0.0,0.0,840,0,0,4818,4850,9,0,0,0,0.0,0,0.0,0,225.0,383,0.0,0
1791412804,22.4,20.2,41.4,28.3,25.0,22.4,22.4,22.4,0.0,0.0,839,0,0,4817,4855,8,0,0,0,0.0,0,0.0,0,188.0,383,0.0,0
1791412805,21.6,25.5,41.8,30.3,26.0,29.0,26.3,24.8,0.0,0.0,840,0,16,4821,4860,8,0,0,0,0.0,0,0.0,0,202.0,383,0.0,0
1791412806,27.7,25.3,41.4,25.8,24.5,26.3,22.9,27.8,0.0,0.0,843,0,0,4818,4858,11,0,0,0,0.0,0,0.0,0,205.0,383,0.0,0
1791412807,18.6,25.5,34.7,28.0,20.4,21.6,24.0,24.2,0.0,0.0,842,0,0,4819,4861,9,0,0,0,0.0,0,0.0,0,182.0,383,0.0,0
1791412808,29.0,28.3,36.2,25.8,28.0,26.5,24.5,28.0,0.0,0.0,843,0,0,4810,4849,9,0,0,0,0.0,0,0.0,0,210.0,387,0.0,0
1791412809,25.8,25.5,41.6,27.6,25.3,26.3,22.7,28.1,0.0,0.0,845,0,0,4819,4860,9,0,0,0,0.0,0,0.0,0,209.0,387,0.0,0
1791412810,23.5,22.9,36.8,24.7,25.3,24.7,29.2,28.7,0.0,0.0,845,0,28,4811,4856,10,0,0,0,0.0,0,0.0,0,206.0,387,0.0,0
1791412811,22.2,27.7,29.5,22.8,20.4,22.2,21.0,23.5,0.0,0.0,846,0,4,4818,4859,9,0,0,0,0.0,0,0.0,0,172.0,387,0.0,0
1791412812,23.7,20.6,34.7,26.0,20.4,23.0,22.7,23.0,0.0,0.0,849,0,216,4822,4864,8,0,0,0,0.0,0,0.0,0,182.0,387,0.0,0
1791412813,24.2,29.6,35.1,26.8,24.2,21.4,20.2,21.4,0.0,0.0,849,0,0,4816,4858,9,0,0,0,0.0,0,0.0,0,189.0,387,0.0,0
1791412814,29.3,25.3,36.1,30.6,26.8,24.5,19.1,22.4,0.0,0.0,848,0,0,4798,4842,10,0,0,0,0.0,0,0.0,0,202.0,387,0.0,0
1791412815,27.3,25.3,41.2,29.5,25.3,26.3,26.5,26.5,0.0,0.0,847,0,48,4796,4845,9,0,0,0,0.0,0,0.0,0,217.0,387,0.0,0
1791412816,26.0,27.3,42.3,27.8,25.3,23.2,26.8,25.0,0.0,0.0,839,0,36,4788,4842,8,0,0,0,0.0,0,0.0,0,212.0,387,0.0,0
1791412817,24.7,23.7,33.0,33.0,23.7,22.2,26.5,26.3,0.0,0.0,841,0,4460,4795,4843,8,0,0,0,0.0,0,0.0,0,208.0,387,0.0,0
1791412818,21.2,24.2,33.7,26.3,25.5,27.8,25.0,19.8,0.0,0.0,842,0,0,4799,4852,9,0,0,0,0.0,0,0.0,0,186.0,387,0.0,0
1791412819,27.8,27.6,38.5,26.5,23.5,22.4,22.4,21.6,0.0,0.0,843,0,0,4803,4852,7,0,0,0,0.0,0,0.0,0,201.0,388,0.0,0
1791412820,24.7,25.5,37.5,25.3,22.2,18.2,25.3,22.4,0.0,0.0,844,0,40,4806,4849,9,0,0,0,0.0,0,0.0,0,190.0,388,0.0,0
1791412821,24.2,22.7,37.8,24.5,24.7,24.7,31.6,20.8,0.0,0.0,915,0,0,4788,4845,9,0,0,0,0.0,0,0.0,0,202.0,439,0.0,0
1791412822,21.6,20.8,36.7,26.8,21.4,21.2,21.6,21.1,0.0,0.0,894,0,0,4800,4849,9,0,0,0,0.0,0,0.0,0,182.0,403,0.0,0
1791412823,30.3,23.7,38.9,28.6,27.3,23.5,26.8,28.6,0.0,0.0,893,0,4,4800,4846,9,0,0,0,0.0,0,0.0,0,215.0,403,0.0,0
1791412824,22.7,23.5,41.4,33.0,33.0,26.5,28.9,25.3,0.0,0.0,905,0,0,4801,4846,8,0,0,0,0.0,0,0.0,0,220.0,423,0.0,0
1791412825,24.7,22.2,34.4,28.3,25.0,23.7,25.5,21.6,0.0,0.0,904,0,36,4792,4844,7,0,0,0,0.0,0,0.0,0,194.0,423,0.0,0
1791412826,26.5,25.8,43.4,27.6,24.2,23.2,24.5,21.1,0.0,0.0,902,0,0,4794,4849,8,0,0,0,0.0,0,0.0,0,206.0,423,0.0,0
1791412827,19.8,28.6,32.0,25.3,27.3,19.4,25.3,22.7,0.0,0.0,899,0,0,4787,4842,8,0,0,0,0.0,0,0.0,0,186.0,423,0.0,0
1791412828,30.2,24.5,36.1,25.8,23.5,26.5,29.0,27.3,0.0,0.0,900,0,0,4798,4849,11,0,0,0,0.0,0,0.0,0,211.0,425,0.0,0
1791412829,24.0,24.2,32.6,24.2,30.0,18.9,25.0,21.6,0.0,0.0,900,0,4,4795,4845,9,0,0,0,0.0,0,0.0,0,191.0,425,0.0,0
1791412830,21.2,21.4,42.3,32.0,29.0,26.5,27.1,31.3,0.0,0.0,900,0,0,4794,4842,10,0,0,0,0.0,0,0.0,0,215.0,425,0.0,0
1791412831,23.2,19.8,35.1,27.8,23.7,23.7,18.6,22.7,0.0,0.0,902,0,28,4806,4851,10,0,0,0,0.0,0,0.0,0,190.0,431,0.0,0
1791412832,24.7,23.7,41.4,27.1,29.0,23.5,24.7,30.6,0.0,0.0,891,0,0,4798,4851,10,0,0,0,0.0,0,0.0,0,212.0,418,0.0,0
1791412833,23.5,22.2,34.4,29.0,29.3,20.8,16.7,21.2,0.0,0.0,882,0,0,4815,4858,7,0,0,0,0.0,0,0.0,0,184.0,418,0.0,0
1791412834,25.3,26.8,38.5,31.6,25.0,26.5,21.2,21.3,0.0,0.0,878,0,224,4803,4852,10,0,0,0,0.0,0,0.0,0,210.0,418,0.0,0
1791412835,27.3,23.5,37.8,27.0,21.6,20.4,16.7,19.6,0.0,0.0,880,0,4,4814,4854,9,0,0,0,0.0,0,0.0,0,182.0,418,0.0,0
1791412836,19.8,28.0,37.5,33.7,26.0,26.8,23.2,26.3,0.0,0.0,880,0,44,4804,4848,8,0,0,0,0.0,0,0.0,0,202.0,418,0.0,0
1791412837,23.5,29.9,44.8,30.9,26.5,29.9,25.8,23.7,0.0,0.0,880,0,0,4796,4844,9,0,0,0,0.0,0,0.0,0,226.0,418,0.0,0
1791412838,23.2,27.0,32.3,28.6,25.5,27.6,20.6,20.8,0.0,0.0,880,0,0,4796,4845,8,0,0,0,0.0,0,0.0,0,193.0,418,0.0,0
1791412839,28.6,25.8,36.8,28.6,25.8,31.3,25.5,26.3,0.0,0.0,872,0,0,4800,4846,9,0,0,0,0.0,0,0.0,0,214.0,418,0.0,0
1791412840,27.7,26.0,39.4,26.0,19.4,28.6,21.6,25.0,0.0,0.0,872,0,0,4795,4842,9,0,0,0,0.0,0,0.0,0,199.0,418,0.0,0
1791412841,20.6,24.7,39.2,29.4,27.1,29.3,22.2,21.6,0.0,0.0,873,0,16,4793,4845,9,0,0,0,0.0,0,0.0,0,210.0,418,0.0,0
1791412842,23.7,19.2,37.5,30.3,28.0,23.2,25.5,25.3,0.0,0.0,874,0,32,4792,4843,9,0,0,0,0.0,0,0.0,0,188.0,418,0.0,0
1791412843,23.8,21.2,35.4,33.0,23.5,17.7,23.2,23.5,0.0,0.0,867,0,0,4809,4858,7,0,0,0,0.0,0,0.0,0,192.0,418,0.0,0
1791412844,24.7,24.5,37.5,22.7,22.7,19.8,24.2,25.5,0.0,0.0,868,0,0,4805,4852,8,0,0,0,0.0,0,0.0,0,186.0,418,0.0,0
1791412845,24.2,27.3,29.2,29.6,27.7,24.0,24.0,27.6,0.0,0.0,869,0,0,4801,4853,8,0,0,0,0.0,0,0.0,0,196.0,418,0.0,0
1791412846,19.6,26.7,38.4,26.3,20.4,19.2,23.7,24.2,0.0,0.0,870,0,12,4808,4855,9,0,0,0,0.0,0,0.0,0,182.0,418,0.0,0
1791412847,27.5,29.0,32.6,28.6,26.0,24.2,22.4,26.0,0.0,0.0,869,0,4216,4812,4857,8,0,0,0,0.0,0,0.0,0,194.0,418,0.0,0
1791412848,15.6,22.2,34.0,22.0,25.5,27.3,21.2,25.5,0.0,0.0,869,0,0,4803,4854,9,0,0,0,0.0,0,0.0,0,177.0,418,0.0,0
1791412849,18.2,21.4,33.0,25.5,20.8,26.3,20.6,19.8,0.0,0.0,869,0,0,4808,4857,8,0,0,0,0.0,0,0.0,0,182.0,418,0.0,0
1791412850,21.1,27.6,36.5,32.7,27.8,27.8,25.5,21.0,0.0,0.0,873,0,0,4788,4845,8,0,0,0,0.0,0,0.0,0,205.0,423,0.0,0
1791412851,22.0,24.5,37.1,33.3,23.5,22.4,21.9,19.6,0.0,0.0,874,0,28,4785,4840,9,0,0,0,0.0,0,0.0,0,199.0,423,0.0,0
1791412852,25.5,23.7,42.9,32.0,28.6,29.3,30.4,25.3,0.0,0.0,875,0,0,4795,4841,9,0,0,0,0.0,0,0.0,0,214.0,423,0.0,0
1791412853,26.5,21.4,36.1,26.0,25.3,24.5,24.5,31.3,0.0,0.0,872,0,8,4797,4846,9,0,0,0,0.0,0,0.0,0,200.0,418,0.0,0
1791412854,18.8,19.4,40.0,27.3,25.0,27.6,20.2,20.6,0.0,0.0,873,0,0,4802,4850,7,0,0,0,0.0,0,0.0,0,185.0,418,0.0,0
1791412855,25.3,21.4,39.2,31.3,32.0,23.7,20.4,24.0,0.0,0.0,874,0,0,4793,4845,9,0,0,0,0.0,0,0.0,0,202.0,418,0.0,0
1791412856,25.0,25.8,33.7,28.3,23.7,23.2,24.2,23.2,0.0,0.0,874,0,0,4795,4843,7,0,0,0,0.0,0,0.0,0,192.0,418,0.0,0
1791412857,31.3,24.0,31.9,27.3,27.5,23.8,22.2,23.2,0.0,0.0,874,0,48,4800,4849,7,0,0,0,0.0,0,0.0,0,200.0,418,0.0,0
1791412858,25.5,26.0,39.4,29.0,26.0,24.0,26.5,26.3,0.0,0.0,876,0,0,4793,4846,8,0,0,0,0.0,0,0.0,0,192.0,426,0.0,0
1791412859,26.5,27.3,33.0,24.7,31.4,24.2,19.8,23.2,0.0,0.0,876,0,4,4807,4859,10,0,0,0,0.0,0,0.0,0,203.0,423,0.0,0
1791412860,24.2,26.8,40.8,28.6,23.7,24.5,20.6,22.9,0.0,0.0,877,0,0,4790,4837,9,0,0,0,0.0,0,0.0,0,189.0,423,0.0,0
1791412861,26.8,21.4,38.9,29.0,32.0,26.3,24.7,26.5,0.0,0.0,873,0,0,4803,4847,8,0,0,0,0.0,0,0.0,0,214.0,423,0.0,0
1791412862,21.0,22.0,37.8,32.7,23.2,22.9,24.5,28.0,0.0,0.0,874,0,12,4799,4844,9,0,0,0,0.0,0,0.0,0,196.0,423,0.0,0
1791412863,25.5,22.7,41.2,29.6,27.6,28.0,33.3,22.7,0.0,0.0,875,0,0,4816,4854,9,0,0,0,0.0,0,0.0,0,213.0,423,0.0,0
1791412864,25.3,20.2,34.7,27.7,22.2,25.3,24.7,25.0,0.0,0.0,875,0,0,4798,4846,11,0,0,0,0.0,0,0.0,0,186.0,423,0.0,0
1791412865,28.0,25.3,38.1,32.7,27.0,26.8,28.1,22.4,0.0,0.0,875,0,4,4801,4847,9,0,0,0,0.0,0,0.0,0,214.0,423,0.0,0
1791412866,27.2,21.6,39.6,35.7,24.7,21.4,26.8,24.7,0.0,0.0,877,0,0,4806,4846,11,0,0,0,0.0,0,0.0,0,207.0,423,0.0,0
1791412867,26.5,23.2,40.6,31.3,23.5,32.0,29.0,24.2,0.0,0.0,878,0,12,4814,4848,9,0,0,0,0.0,0,0.0,0,224.0,423,0.0,0
1791412868,25.8,26.5,39.4,31.0,22.2,24.0,27.8,29.7,0.0,0.0,880,0,0,4794,4837,8,0,0,0,0.0,0,0.0,0,202.0,426,0.0,0
1791412869,26.5,28.7,39.4,32.0,27.6,25.3,25.5,27.3,0.0,0.0,881,0,0,4806,4850,10,0,0,0,0.0,0,0.0,0,218.0,426,0.0,0
1791412870,25.5,24.0,36.8,27.3,30.6,24.7,27.0,22.4,0.0,0.0,882,0,0,4813,4849,10,0,0,0,0.0,0,0.0,0,195.0,426,0.0,0
1791412871,29.9,27.6,40.2,29.2,30.0,30.9,30.9,26.8,0.0,0.0,883,0,4,4798,4844,8,0,0,0,0.0,0,0.0,0,230.0,426,0.0,0
1791412872,25.5,25.5,38.4,29.4,21.6,25.0,30.3,23.2,0.0,0.0,884,0,12,4796,4842,8,0,0,0,0.0,0,0.0,0,201.0,426,0.0,0
1791412873,29.3,29.0,40.8,28.6,28.3,23.7,29.6,29.6,0.0,0.0,883,0,0,4799,4843,7,0,0,0,0.0,0,0.0,0,222.0,426,0.0,0
1791412874,19.8,21.4,37.1,27.3,26.0,24.2,30.7,28.3,0.0,0.0,877,0,0,4781,4834,8,0,0,0,0.0,0,0.0,0,197.0,426,0.0,0
1791412875,25.3,25.0,38.5,28.7,27.0,27.3,32.3,29.3,0.0,0.0,878,0,0,4789,4840,8,0,0,0,0.0,0,0.0,0,214.0,426,0.0,0
1791412876,25.3,26.0,35.4,29.5,26.0,24.2,24.5,27.0,0.0,0.0,879,0,0,4779,4838,8,0,0,0,0.0,0,0.0,0,199.0,426,0.0,0
1791412877,18.6,23.5,36.4,28.3,25.0,23.5,27.8,25.3,0.0,0.0,880,0,16,4788,4841,8,0,0,0,0.0,0,0.0,0,199.0,426,0.0,0
1791412878,26.3,24.8,40.4,26.3,22.4,22.9,26.5,23.2,0.0,0.0,880,0,4072,4790,4849,9,0,0,0,0.0,0,0.0,0,186.0,426,0.0,0
1791412879,16.7,22.2,34.3,23.2,18.6,27.5,20.2,16.7,0.0,0.0,881,0,0,4820,4865,8,0,0,0,0.0,0,0.0,0,168.0,426,0.0,0
1791412880,30.0,21.6,36.7,23.7,26.5,22.2,22.0,21.2,0.0,0.0,882,0,0,4807,4858,8,0,0,0,0.0,0,0.0,0,186.0,426,0.0,0
1791412881,26.0,18.4,31.3,23.2,22.0,23.5,20.8,22.0,0.0,0.0,882,0,0,4825,4871,9,0,0,0,0.0,0,0.0,0,164.0,426,0.0,0
1791412882,19.8,22.7,41.4,28.7,21.6,21.2,25.0,21.2,0.0,0.0,874,0,28,4811,4864,10,0,0,0,0.0,0,0.0,0,185.0,426,0.0,0
1791412883,24.0,23.0,26.9,32.0,25.3,27.0,23.8,22.0,0.0,0.0,874,0,4,4814,4857,8,0,0,0,0.0,0,0.0,0,186.0,426,0.0,0
1791412884,29.3,25.3,37.6,22.2,20.0,24.8,18.2,22.8,0.0,0.0,875,0,0,4817,4859,10,0,0,0,0.0,0,0.0,0,176.0,426,0.0,0
1791412885,21.6,22.2,33.7,29.3,21.8,21.8,21.0,21.2,0.0,0.0,873,0,0,4830,4870,7,0,0,0,0.0,0,0.0,0,177.0,426,0.0,0
1791412886,21.8,18.4,35.4,25.0,26.7,21.6,16.5,20.2,0.0,0.0,875,0,0,4819,4864,8,0,0,0,0.0,0,0.0,0,163.0,426,0.0,0
1791412887,25.0,22.2,30.9,20.4,21.4,23.0,20.2,19.4,0.0,0.0,875,0,32,4806,4859,8,0,0,0,0.0,0,0.0,0,165.0,426,0.0,0
1791412888,26.7,20.8,29.8,30.0,25.7,26.5,25.0,27.7,0.0,0.0,877,0,0,4796,4850,7,0,0,0,0.0,0,0.0,0,191.0,426,0.0,0
1791412889,19.2,22.8,35.7,25.7,22.4,16.2,19.0,26.0,0.0,0.0,875,0,8,4806,4856,7,0,0,0,0.0,0,0.0,0,168.0,426,0.0,0
1791412890,21.2,25.5,28.9,29.9,22.0,21.2,26.5,22.0,0.0,0.0,876,0,0,4809,4865,7,0,0,0,0.0,0,0.0,0,179.0,426,0.0,0
1791412891,21.0,20.6,26.8,27.3,20.2,22.8,22.0,23.2,0.0,0.0,877,0,0,4819,4868,9,0,0,0,0.0,0,0.0,0,165.0,426,0.0,0
1791412892,25.7,28.0,33.3,22.7,22.2,22.2,25.3,23.0,0.0,0.0,877,0,24,4828,4867,8,0,0,0,0.0,0,0.0,0,185.0,426,0.0,0
1791412893,21.2,16.3,32.7,30.7,18.0,23.8,20.6,22.0,0.0,0.0,879,0,0,4822,4864,8,0,0,0,0.0,0,0.0,0,165.0,426,0.0,0
1791412894,23.2,19.6,37.0,25.7,21.2,23.2,24.8,22.2,0.0,0.0,880,0,0,4834,4874,10,0,0,0,0.0,0,0.0,0,178.0,426,0.0,0
1791412895,26.3,15.6,35.1,22.1,28.3,21.0,25.0,20.4,0.0,0.0,880,0,4,4818,4859,8,0,0,0,0.0,0,0.0,0,179.0,426,0.0,0
1791412896,21.2,25.0,32.7,27.7,21.6,22.0,22.2,23.2,0.0,0.0,881,0,0,4819,4864,8,0,0,0,0.0,0,0.0,0,179.0,426,0.0,0
1791412897,24.8,19.0,35.0,24.5,18.4,25.0,24.0,16.5,0.0,0.0,882,0,12,4819,4871,8,0,0,0,0.0,0,0.0,0,168.0,426,0.0,0
1791412898,22.4,22.7,39.4,26.8,25.5,20.8,22.0,24.2,0.0,0.0,882,0,12,4820,4864,9,0,0,0,0.0,0,0.0,0,191.0,426,0.0,0
1791412899,18.2,19.4,33.7,27.7,19.2,20.2,28.0,22.2,0.0,0.0,886,0,0,4821,4866,9,0,0,0,0.0,0,0.0,0,168.0,426,0.0,0
1791412900,20.0,20.6,33.0,25.3,26.8,26.7,23.8,24.5,0.0,0.0,887,0,0,4811,4860,9,0,0,0,0.0,0,0.0,0,181.0,426,0.0,0
1791412901,28.3,23.5,33.3,26.3,21.2,26.0,23.5,23.2,0.0,0.0,963,0,4,4815,4859,9,0,0,0,0.0,0,0.0,0,184.0,496,0.0,0
1791412902,20.2,28.0,37.2,22.4,21.2,20.2,21.6,21.4,0.0,0.0,939,0,0,4796,4849,11,0,0,0,0.0,0,0.0,0,178.0,457,0.0,0
1791412903,25.3,28.2,41.4,30.0,25.0,24.2,24.5,25.7,0.0,0.0,923,0,28,4813,4851,8,0,0,0,0.0,0,0.0,0,197.0,450,0.0,0
1791412904,19.2,25.0,36.7,31.6,23.2,27.8,25.5,22.4,0.0,0.0,922,0,0,4793,4847,9,0,0,0,0.0,0,0.0,0,199.0,447,0.0,0
1791412905,25.0,23.0,43.8,31.2,24.2,23.2,24.2,25.0,0.0,0.0,925,0,220,4794,4843,9,0,0,0,0.0,0,0.0,0,197.0,456,0.0,0
1791412906,22.2,19.6,41.2,27.0,25.3,29.0,22.0,29.0,0.0,0.0,930,0,0,4801,4847,9,0,0,0,0.0,0,0.0,0,194.0,466,0.0,0
1791412907,24.5,24.7,40.0,32.0,25.8,27.0,26.5,29.0,0.0,0.0,930,0,4,4796,4847,8,0,0,0,0.0,0,0.0,0,213.0,466,0.0,0
1791412908,19.4,22.0,29.9,30.3,24.7,18.6,22.5,26.3,0.0,0.0,923,0,40,4811,4856,8,0,0,0,0.0,0,0.0,0,173.0,466,0.0,0
1791412909,22.0,21.6,28.1,23.0,21.0,14.3,18.6,28.7,0.0,0.0,924,0,4216,4819,4869,9,0,0,0,0.0,0,0.0,0,161.0,462,0.0,0
1791412910,23.5,25.3,36.6,28.4,24.0,18.2,20.2,24.0,0.0,0.0,925,0,0,4822,4867,8,0,0,0,0.0,0,0.0,0,178.0,462,0.0,0
1791412911,19.6,20.2,32.0,24.5,20.2,18.2,21.2,22.2,0.0,0.0,926,0,0,4816,4867,8,0,0,0,0.0,0,0.0,0,166.0,465,0.0,0
1791412912,25.5,23.5,35.1,21.4,21.2,22.2,19.6,15.5,0.0,0.0,927,0,0,4811,4859,9,0,0,0,0.0,0,0.0,0,166.0,465,0.0,0
1791412913,20.4,21.2,36.7,30.4,23.2,28.3,28.7,24.2,0.0,0.0,928,0,32,4799,4853,10,0,0,0,0.0,0,0.0,0,192.0,465,0.0,0
1791412914,16.5,23.5,33.3,23.5,23.2,20.2,16.2,21.8,0.0,0.0,929,0,20,4815,4864,8,0,0,0,0.0,0,0.0,0,163.0,465,0.0,0
1791412915,23.0,19.6,31.6,30.0,22.4,17.3,20.8,27.3,0.0,0.0,930,0,0,4801,4853,9,0,0,0,0.0,0,0.0,0,179.0,465,0.0,0
1791412916,23.8,20.2,35.7,23.5,27.6,28.6,25.0,22.2,0.0,0.0,931,0,0,4801,4852,9,0,0,0,0.0,0,0.0,0,198.0,465,0.0,0
1791412917,25.3,29.3,39.6,25.5,24.7,27.0,28.0,29.0,0.0,0.0,932,0,0,4809,4854,8,0,0,0,0.0,0,0.0,0,202.0,465,0.0,0
1791412918,23.0,19.0,37.0,26.3,25.5,29.0,23.2,24.7,0.0,0.0,933,0,0,4793,4843,9,0,0,0,0.0,0,0.0,0,188.0,465,0.0,0
1791412919,24.0,23.2,39.4,26.3,24.0,25.0,21.4,28.0,0.0,0.0,934,0,20,4795,4846,11,0,0,0,0.0,0,0.0,0,204.0,465,0.0,0
1791412920,23.2,26.5,37.8,27.3,23.7,22.4,30.4,19.1,0.0,0.0,935,0,12,4780,4845,8,0,0,0,0.0,0,0.0,0,187.0,465,0.0,0
1791412921,23.0,25.5,33.3,34.3,24.2,16.5,20.6,20.2,0.0,0.0,930,0,0,4802,4854,7,0,0,0,0.0,0,0.0,0,180.0,465,0.0,0
1791412922,27.6,21.6,39.6,30.9,32.0,25.5,21.2,27.0,0.0,0.0,931,0,0,4789,4844,8,0,0,0,0.0,0,0.0,0,212.0,458,0.0,0
1791412923,26.3,21.4,37.9,37.8,24.5,20.4,25.5,24.5,0.0,0.0,915,0,0,4794,4842,8,0,0,0,0.0,0,0.0,0,202.0,458,0.0,0
1791412924,25.2,27.0,38.1,32.3,24.8,25.0,25.0,28.3,0.0,0.0,916,0,0,4813,4855,10,0,0,0,0.0,0,0.0,0,200.0,458,0.0,0
1791412925,20.6,26.5,33.0,28.0,23.0,24.8,25.3,23.5,0.0,0.0,921,0,32,4819,4859,8,0,0,0,0.0,0,0.0,0,181.0,462,0.0,0
1791412926,19.2,22.5,35.4,19.6,21.2,20.2,22.8,26.0,0.0,0.0,922,0,0,4825,4867,10,0,0,0,0.0,0,0.0,0,166.0,462,0.0,0
1791412927,19.4,22.2,34.3,24.5,23.5,27.7,24.2,24.8,0.0,0.0,922,0,0,4821,4868,9,0,0,0,0.0,0,0.0,0,180.0,462,0.0,0
1791412928,19.6,20.2,34.7,29.0,19.2,21.0,25.7,23.2,0.0,0.0,923,0,0,4821,4863,8,0,0,0,0.0,0,0.0,0,170.0,462,0.0,0
1791412929,26.8,20.2,34.7,22.8,19.0,21.8,18.4,22.0,0.0,0.0,924,0,0,4816,4864,8,0,0,0,0.0,0,0.0,0,170.0,462,0.0,0
1791412930,23.7,21.2,32.0,26.5,24.0,23.2,20.4,21.4,0.0,0.0,916,0,24,4820,4865,9,0,0,0,0.0,0,0.0,0,169.0,462,0.0,0
1791412931,22.4,25.0,36.3,27.3,19.2,23.2,17.5,19.4,0.0,0.0,917,0,4,4813,4861,10,0,0,0,0.0,0,0.0,0,175.0,462,0.0,0
1791412932,19.6,19.2,36.4,23.8,24.3,22.2,24.5,18.2,0.0,0.0,918,0,0,4811,4863,9,0,0,0,0.0,0,0.0,0,165.0,462,0.0,0
1791412933,28.3,25.3,31.2,23.7,23.8,22.0,26.2,21.2,0.0,0.0,919,0,0,4814,4860,8,0,0,0,0.0,0,0.0,0,183.0,463,0.0,0
1791412934,22.8,18.6,32.3,24.0,21.4,24.8,22.8,16.5,0.0,0.0,920,0,0,4824,4867,9,0,0,0,0.0,0,0.0,0,166.0,463,0.0,0
1791412935,23.2,24.5,41.0,32.7,29.4,22.4,28.9,27.6,0.0,0.0,921,0,16,4809,4856,8,0,0,0,0.0,0,0.0,0,212.0,463,0.0,0
1791412936,20.4,21.2,40.6,28.3,30.0,22.1,23.8,27.0,0.0,0.0,913,0,0,4810,4854,8,0,0,0,0.0,0,0.0,0,190.0,463,0.0,0
1791412937,23.5,20.2,36.4,27.6,30.0,28.3,24.0,25.0,0.0,0.0,913,0,4,4821,4867,8,0,0,0,0.0,0,0.0,0,198.0,463,0.0,0
1791412938,21.6,29.6,39.4,32.4,24.8,22.2,22.4,22.2,0.0,0.0,914,0,0,4802,4849,8,0,0,0,0.0,0,0.0,0,196.0,463,0.0,0
1791412939,32.0,31.6,44.8,39.8,34.3,28.9,32.0,29.9,0.0,0.0,916,0,0,4795,4848,9,0,0,0,0.0,0,0.0,0,259.0,463,0.0,0
1791412940,26.0,20.0,39.2,30.3,25.3,24.2,27.6,24.5,0.0,0.0,916,0,4244,4799,4849,9,0,0,0,0.0,0,0.0,0,202.0,463,0.0,0
1791412941,24.8,19.2,38.8,36.6,25.0,21.0,26.5,21.4,0.0,0.0,917,0,0,4787,4843,9,0,0,0,0.0,0,0.0,0,192.0,463,0.0,0
1791412942,28.3,26.5,34.3,31.6,28.0,26.3,22.9,29.0,0.0,0.0,918,0,0,4785,4836,13,0,0,0,0.0,0,0.0,0,209.0,463,0.0,0
1791412943,22.4,27.0,33.7,28.1,21.6,25.7,25.5,28.0,0.0,0.0,919,0,4,4808,4864,9,0,0,0,0.0,0,0.0,0,197.0,463,0.0,0
1791412944,22.4,26.8,39.8,37.0,25.0,27.3,27.1,26.0,0.0,0.0,920,0,0,4791,4838,9,0,0,0,0.0,0,0.0,0,224.0,463,0.0,0
1791412945,27.3,28.3,40.8,27.6,26.8,30.3,27.0,27.6,0.0,0.0,919,0,12,4796,4838,9,0,0,0,0.0,0,0.0,0,212.0,467,0.0,0
1791412946,31.6,23.7,41.1,29.6,21.1,23.5,22.7,22.4,0.0,0.0,920,0,12,4793,4837,9,0,0,0,0.0,0,0.0,0,202.0,467,0.0,0
1791412947,25.7,25.7,35.1,28.3,22.7,29.0,22.0,22.2,0.0,0.0,922,0,0,4809,4859,8,0,0,0,0.0,0,0.0,0,190.0,467,0.0,0
1791412948,20.8,20.4,35.1,27.0,21.2,21.2,19.6,23.2,0.0,0.0,923,0,0,4815,4863,8,0,0,0,0.0,0,0.0,0,175.0,467,0.0,0
1791412949,25.8,28.3,33.7,29.3,22.4,23.2,23.7,18.8,0.0,0.0,923,0,4,4803,4850,8,0,0,0,0.0,0,0.0,0,191.0,467,0.0,0
1791412950,27.6,29.3,41.2,32.3,27.6,35.4,27.6,27.8,0.0,0.0,926,0,28,4804,4853,10,0,0,0,0.0,0,0.0,0,231.0,467,0.0,0
1791412951,22.8,21.0,32.0,27.3,21.9,22.0,21.2,20.2,0.0,0.0,926,0,0,4824,4870,10,0,0,0,0.0,0,0.0,0,171.0,467,0.0,0
1791412952,22.8,20.0,38.1,28.3,18.6,19.0,22.8,22.0,0.0,0.0,926,0,0,4807,4860,11,0,0,0,0.0,0,0.0,0,172.0,467,0.0,0
1791412953,24.5,18.6,35.7,27.6,27.6,23.7,22.2,24.0,0.0,0.0,920,0,0,4811,4858,8,0,0,0,0.0,0,0.0,0,189.0,467,0.0,0
1791412954,27.0,19.4,41.8,26.7,24.2,19.8,21.4,23.0,0.0,0.0,921,0,0,4794,4847,8,0,0,0,0.0,0,0.0,0,186.0,467,0.0,0
1791412955,20.4,25.5,33.7,25.5,26.3,19.6,22.7,23.8,0.0,0.0,922,0,284,4817,4866,9,0,0,0,0.0,0,0.0,0,180.0,467,0.0,0
1791412956,25.7,28.3,35.4,27.3,32.4,22.4,24.0,22.2,0.0,0.0,922,0,0,4823,4864,8,0,0,0,0.0,0,0.0,0,196.0,467,0.0,0
1791412957,17.7,24.2,32.7,24.2,24.5,21.2,23.5,22.8,0.0,0.0,923,0,0,4818,4868,9,0,0,0,0.0,0,0.0,0,175.0,467,0.0,0
1791412958,20.2,20.2,35.6,24.8,19.0,26.5,21.4,22.2,0.0,0.0,922,0,0,4810,4859,7,0,0,0,0.0,0,0.0,0,171.0,467,0.0,0
1791412959,22.7,30.3,37.5,31.6,25.3,20.2,25.3,22.2,0.0,0.0,923,0,0,4799,4847,10,0,0,0,0.0,0,0.0,0,211.0,467,0.0,0
1791412960,25.7,25.8,39.4,27.8,26.0,26.3,29.3,24.5,0.0,0.0,924,0,24,4795,4843,8,0,0,0,0.0,0,0.0,0,193.0,467,0.0,0
1791412961,24.2,26.7,36.4,26.3,24.0,20.4,21.2,28.3,0.0,0.0,918,0,8,4799,4851,8,0,0,0,0.0,0,0.0,0,188.0,467,0.0,0
1791412962,24.5,26.0,39.2,28.7,24.0,22.0,23.8,22.7,0.0,0.0,919,0,0,4796,4852,10,0,0,0,0.0,0,0.0,0,202.0,467,0.0,0
1791412963,28.3,26.3,43.9,28.9,24.5,25.3,28.6,23.7,0.0,0.0,920,0,0,4793,4841,10,0,0,0,0.0,0,0.0,0,200.0,467,0.0,0
1791412964,23.5,23.2,41.2,26.5,24.2,21.4,19.4,30.6,0.0,0.0,920,0,0,4812,4855,8,0,0,0,0.0,0,0.0,0,194.0,467,0.0,0
1791412965,27.7,26.0,41.0,32.3,26.7,26.7,30.6,26.5,0.1,0.0,924,0,24,4804,4848,10,0,0,0,0.0,0,0.0,0,219.0,467,0.0,0
1791412966,20.8,24.0,34.7,31.0,19.8,26.0,21.0,25.8,0.0,0.0,925,0,24,4805,4856,10,0,0,0,0.0,0,0.0,0,185.0,467,0.0,0
1791412967,25.7,23.2,40.2,28.0,20.0,21.4,19.4,23.0,0.0,0.0,926,0,4,4800,4853,10,0,0,0,0.0,0,0.0,0,183.0,467,0.0,0
1791412968,22.0,26.0,34.7,24.5,29.3,18.6,26.0,24.0,0.0,0.0,926,0,0,4803,4859,9,0,0,0,0.0,0,0.0,0,187.0,464,0.0,0
1791412969,21.9,21.2,32.3,34.0,24.5,26.8,23.5,29.3,0.0,0.0,917,0,0,4786,4841,9,0,0,0,0.0,0,0.0,0,197.0,464,0.0,0
1791412970,26.0,27.5,37.6,24.0,26.7,27.5,31.0,24.2,0.0,0.0,916,0,4140,4802,4854,9,0,0,0,0.0,0,0.0,0,203.0,464,0.0,0
1791412971,16.7,16.5,34.3,24.5,27.0,20.6,24.5,22.0,0.0,0.0,917,0,232,4804,4857,9,0,0,0,0.0,0,0.0,0,172.0,464,0.0,0
1791412972,22.0,21.4,36.1,26.0,21.2,19.4,24.2,21.4,0.0,0.0,918,0,0,4798,4851,9,0,0,0,0.0,0,0.0,0,176.0,464,0.0,0
1791412973,24.0,27.3,36.0,29.6,21.0,23.5,24.2,23.0,0.0,0.0,919,0,4,4814,4866,8,0,0,0,0.0,0,0.0,0,197.0,464,0.0,0
1791412974,20.4,23.7,36.5,28.3,26.8,26.8,22.4,26.3,0.0,0.0,921,0,0,4780,4831,8,0,0,0,0.0,0,0.0,0,190.0,464,0.0,0
1791412975,25.5,23.0,32.3,28.0,25.0,23.8,27.0,26.7,0.0,0.0,919,0,68,4796,4844,9,0,0,0,0.0,0,0.0,0,190.0,464,0.0,0
1791412976,18.6,28.9,29.8,34.0,25.8,27.8,22.4,23.2,0.0,0.0,920,0,0,4791,4852,8,0,0,0,0.0,0,0.0,0,200.0,464,0.0,0
1791412977,25.7,20.6,36.9,27.0,22.4,25.8,20.0,25.0,0.0,0.0,920,0,0,4795,4851,9,0,0,0,0.0,0,0.0,0,182.0,464,0.0,0
1791412978,20.4,17.3,36.6,28.6,26.5,28.3,26.5,20.8,0.0,0.0,915,0,0,4782,4845,8,0,0,0,0.0,0,0.0,0,191.0,464,0.0,0
1791412979,23.7,22.7,37.9,32.3,27.6,24.2,27.1,25.5,0.0,0.0,916,0,4,4794,4848,9,0,0,0,0.0,0,0.0,0,210.0,464,0.0,0
1791412980,21.2,22.4,33.3,30.7,26.3,25.8,26.3,26.5,0.0,0.0,925,0,0,4804,4851,9,0,0,0,0.0,0,0.0,0,200.0,476,0.0,0
1791412981,25.3,23.7,36.4,31.6,22.1,23.2,24.8,30.6,0.0,0.0,924,0,12,4797,4843,8,0,0,0,0.0,0,0.0,0,199.0,473,0.0,0
1791412982,28.6,27.6,38.1,33.3,34.0,26.3,25.5,31.6,0.0,0.0,925,0,0,4784,4842,8,0,0,0,0.0,0,0.0,0,232.0,473,0.0,0
1791412983,24.8,26.3,36.5,29.3,24.5,16.8,29.9,23.2,0.0,0.0,925,0,0,4790,4841,10,0,0,0,0.0,0,0.0,0,197.0,473,0.0,0
1791412984,30.4,28.3,44.6,27.4,27.6,25.5,29.7,26.8,0.0,0.0,926,0,0,4810,4845,9,0,0,0,0.0,0,0.0,0,223.0,473,0.0,0
1791412985,23.5,24.5,40.4,28.9,23.5,26.3,26.3,20.0,0.0,0.0,918,0,4,4814,4848,10,0,0,0,0.0,0,0.0,0,199.0,474,0.0,0
1791412986,26.3,27.3,37.4,29.0,22.4,20.2,23.0,22.4,0.0,0.0,918,0,12,4799,4848,8,0,0,0,0.0,0,0.0,0,188.0,474,0.0,0
1791412987,24.8,25.8,39.8,28.0,28.6,24.5,24.0,23.0,0.0,0.0,920,0,0,4823,4856,8,0,0,0,0.0,0,0.0,0,201.0,474,0.0,0
1791412988,22.2,24.2,40.6,31.3,21.4,23.0,26.7,24.5,0.0,0.0,921,0,0,4802,4846,10,0,0,0,0.0,0,0.0,0,193.0,474,0.0,0
1791412989,20.6,23.2,40.0,29.0,31.0,23.5,21.4,19.8,0.0,0.0,914,0,0,4796,4846,9,0,0,0,0.0,0,0.0,0,195.0,474,0.0,0
1791412990,29.0,31.3,40.6,30.6,25.5,26.3,30.3,21.4,0.0,0.0,914,0,0,4801,4848,8,0,0,0,0.0,0,0.0,0,218.0,474,0.0,0
1791412991,25.3,27.3,43.6,24.2,24.7,20.6,24.2,23.5,0.0,0.0,918,0,16,4782,4841,9,0,0,0,0.0,0,0.0,0,197.0,475,0.0,0
1791412992,26.3,27.7,33.0,26.5,26.3,25.3,21.6,22.2,0.0,0.0,919,0,0,4789,4844,8,0,0,0,0.0,0,0.0,0,190.0,475,0.0,0
1791412993,26.0,30.0,37.8,31.3,29.0,25.8,22.7,26.3,0.0,0.0,920,0,0,4778,4840,8,0,0,0,0.0,0,0.0,0,216.0,475,0.0,0
1791412994,22.0,25.3,44.0,29.0,27.3,19.4,25.0,23.2,0.0,0.0,921,0,0,4788,4839,9,0,0,0,0.0,0,0.0,0,195.0,475,0.0,0
1791412995,23.5,21.4,36.1,29.6,31.7,25.5,24.2,23.2,0.0,0.0,922,0,0,4789,4846,9,0,0,0,0.0,0,0.0,0,192.0,475,0.0,0
1791412996,22.2,21.4,33.0,30.7,27.3,22.7,31.4,28.0,0.0,0.0,916,0,12,4811,4861,9,0,0,0,0.0,0,0.0,0,198.0,475,0.0,0
1791412997,24.8,19.0,27.1,23.0,25.3,26.0,23.0,27.3,0.0,0.0,917,0,8,4816,4861,8,0,0,0,0.0,0,0.0,0,177.0,475,0.0,0
1791412998,24.2,16.3,32.3,28.0,27.0,20.8,22.7,26.7,0.0,0.0,918,0,0,4803,4856,7,0,0,0,0.0,0,0.0,0,180.0,475,0.0,0
1791412999,24.8,24.0,35.7,26.3,23.5,22.2,27.2,28.6,0.0,0.0,917,0,0,4813,4855,9,0,0,0,0.0,0,0.0,0,190.0,475,0.0,0
1791413000,24.0,28.3,41.6,31.7,31.0,29.3,25.5,23.0,0.0,0.0,918,0,0,4799,4851,9,0,0,0,0.0,0,0.0,0,207.0,475,0.0,0
1791413001,23.2,21.2,34.0,26.6,24.5,26.0,22.2,20.0,0.0,0.0,914,0,4192,4820,4860,8,0,0,0,0.0,0,0.0,0,182.0,475,0.0,0
1791413002,24.2,24.0,41.4,33.7,20.6,29.0,32.4,22.4,0.0,0.0,1016,0,32,4796,4855,8,0,0,0,0.0,0,0.0,0,211.0,572,0.0,0
1791413003,18.4,22.7,31.9,28.1,23.2,20.4,24.2,23.5,0.0,0.0,1013,0,4,4787,4843,7,0,0,0,0.0,0,0.0,0,180.0,560,0.0,0
1791413004,27.3,26.3,38.1,29.6,22.4,20.4,22.7,21.4,0.0,0.0,1005,0,0,4798,4847,8,0,0,0,0.0,0,0.0,0,193.0,538,0.0,0
1791413005,20.4,17.5,33.7,26.8,21.4,17.3,28.0,28.3,0.0,0.0,991,0,0,4788,4850,9,0,0,0,0.0,0,0.0,0,181.0,532,0.0,0
1791413006,25.3,26.9,33.3,21.2,21.0,29.3,22.2,25.0,0.0,0.0,992,0,0,4782,4845,8,0,0,0,0.0,0,0.0,0,183.0,532,0.0,0
1791413007,26.5,30.6,31.2,28.7,24.2,25.0,24.5,26.3,0.0,0.0,993,0,12,4789,4847,8,0,0,0,0.0,0,0.0,0,202.0,532,0.0,0
1791413008,17.3,20.4,34.0,24.5,20.4,18.4,19.6,24.5,0.0,0.0,993,0,20,4815,4865,10,0,0,0,0.0,0,0.0,0,167.0,532,0.0,0
1791413009,17.5,22.2,31.3,21.9,25.3,20.2,25.0,24.0,0.0,0.0,994,0,4,4812,4862,9,0,0,0,0.0,0,0.0,0,170.0,532,0.0,0
1791413010,21.0,24.8,30.2,24.5,23.0,23.2,18.2,23.2,0.0,0.0,995,0,0,4806,4861,10,0,0,0,0.0,0,0.0,0,172.0,532,0.0,0
1791413011,20.0,15.3,33.3,23.5,20.4,18.6,23.0,24.5,0.0,0.0,991,0,0,4809,4860,9,0,0,0,0.0,0,0.0,0,165.0,527,0.0,0
1791413012,23.8,19.6,40.2,27.0,26.7,20.8,21.4,26.0,0.0,0.0,991,0,12,4804,4858,9,0,0,0,0.0,0,0.0,0,187.0,527,0.0,0
1791413013,21.6,27.3,33.7,27.2,23.0,21.4,22.0,18.8,0.0,0.0,991,0,0,4812,4862,7,0,0,0,0.0,0,0.0,0,176.0,527,0.0,0
1791413014,20.2,20.2,34.0,25.0,20.6,23.0,19.4,22.4,0.0,0.0,989,0,0,4821,4868,9,0,0,0,0.0,0,0.0,0,171.0,527,0.0,0
1791413015,21.2,21.6,33.3,25.3,24.2,23.2,20.4,20.2,0.0,0.0,990,0,4,4795,4856,8,0,0,0,0.0,0,0.0,0,171.0,527,0.0,0
1791413016,25.0,29.0,34.3,22.4,17.9,21.0,23.2,22.4,0.0,0.0,989,0,0,4808,4859,9,0,0,0,0.0,0,0.0,0,180.0,527,0.0,0
1791413017,21.9,24.5,34.4,28.2,28.7,22.4,26.0,22.4,0.0,0.0,990,0,12,4803,4859,11,0,0,0,0.0,0,0.0,0,187.0,524,0.0,0
1791413018,26.5,21.0,38.0,23.5,21.2,21.2,22.2,18.6,0.0,0.0,988,0,0,4806,4860,9,0,0,0,0.0,0,0.0,0,173.0,524,0.0,0
1791413019,22.2,18.6,35.7,24.5,20.2,24.2,26.3,20.4,0.0,0.0,987,0,0,4813,4860,7,0,0,0,0.0,0,0.0,0,174.0,524,0.0,0
1791413020,25.7,21.4,38.0,21.6,19.4,23.5,24.8,20.2,0.0,0.0,979,0,0,4810,4860,9,0,0,0,0.0,0,0.0,0,176.0,524,0.0,0
1791413021,23.5,25.3,33.3,27.6,23.5,19.6,25.8,20.4,0.0,0.0,980,0,4,4790,4845,9,0,0,0,0.0,0,0.0,0,184.0,524,0.0,0
1791413022,22.0,25.5,37.9,27.6,24.5,25.0,27.0,24.5,0.0,0.0,974,0,12,4783,4840,10,0,0,0,0.0,0,0.0,0,206.0,524,0.0,0
1791413023,24.5,26.3,39.8,30.3,29.6,27.0,27.6,27.0,0.0,0.0,975,0,0,4802,4850,8,0,0,0,0.0,0,0.0,0,206.0,524,0.0,0
1791413024,24.0,24.5,38.5,30.0,24.0,21.6,27.6,27.0,0.0,0.0,976,0,0,4802,4850,9,0,0,0,0.0,0,0.0,0,202.0,524,0.0,0
1791413025,24.2,30.0,38.8,30.0,25.0,20.4,27.6,28.2,0.0,0.0,977,0,0,4807,4851,9,0,0,0,0.0,0,0.0,0,198.0,518,0.0,0
1791413026,27.7,27.6,36.2,30.9,22.4,27.0,24.2,24.5,0.0,0.0,970,0,0,4792,4842,8,0,0,0,0.0,0,0.0,0,205.0,518,0.0,0
1791413027,29.6,25.5,42.7,36.0,23.5,26.0,31.3,24.2,0.0,0.0,969,0,4,4792,4845,9,0,0,0,0.0,0,0.0,0,227.0,515,0.0,0
1791413028,23.7,24.0,37.5,30.9,23.7,26.5,25.3,22.1,0.0,0.0,969,0,20,4800,4848,9,0,0,0,0.0,0,0.0,0,203.0,515,0.0,0
1791413029,18.9,27.0,39.4,27.8,22.4,22.9,22.1,24.5,0.0,0.0,969,0,0,4799,4849,10,0,0,0,0.0,0,0.0,0,193.0,516,0.0,0
1791413030,20.6,24.5,34.7,32.0,26.0,23.0,19.2,21.4,0.0,0.0,971,0,0,4817,4861,8,0,0,0,0.0,0,0.0,0,187.0,516,0.0,0
1791413031,24.0,21.6,43.6,26.8,22.1,27.6,22.9,20.6,0.0,0.0,972,0,0,4801,4849,10,0,0,0,0.0,0,0.0,0,196.0,516,0.0,0
1791413032,25.3,27.6,37.1,31.6,28.6,25.5,23.5,22.2,0.0,0.0,972,0,4192,4790,4849,12,0,0,0,0.0,0,0.0,0,218.0,516,0.0,0
1791413033,25.5,24.5,41.0,30.6,25.3,25.5,28.3,28.6,0.0,0.0,968,0,52,4789,4843,9,0,0,0,0.0,0,0.0,0,200.0,516,0.0,0
1791413034,23.2,24.5,33.0,30.3,22.7,20.0,24.2,25.5,0.0,0.0,970,0,0,4795,4847,9,0,0,0,0.0,0,0.0,0,194.0,520,0.0,0
1791413035,23.5,19.8,31.6,25.0,20.6,24.7,23.5,25.5,0.0,0.0,972,0,0,4805,4858,9,0,0,0,0.0,0,0.0,0,183.0,520,0.0,0
1791413036,23.2,22.2,37.8,23.5,19.6,23.2,21.9,21.4,0.0,0.0,966,0,212,4813,4859,9,0,0,0,0.0,0,0.0,0,180.0,520,0.0,0
1791413037,23.7,20.6,32.6,27.6,21.4,18.4,21.2,21.4,0.0,0.0,967,0,0,4809,4856,8,0,0,0,0.0,0,0.0,0,176.0,520,0.0,0
1791413038,28.3,21.6,29.9,28.9,23.2,22.4,21.2,20.6,0.0,0.0,968,0,48,4811,4861,8,0,0,0,0.0,0,0.0,0,185.0,520,0.0,0
1791413039,17.7,21.9,36.7,26.3,24.2,22.0,21.4,25.0,0.0,0.0,969,0,4,4808,4852,9,0,0,0,0.0,0,0.0,0,180.0,520,0.0,0
1791413040,21.6,25.8,38.1,27.3,23.7,28.6,16.7,19.4,0.0,0.0,970,0,0,4800,4849,7,0,0,0,0.0,0,0.0,0,190.0,520,0.0,0
1791413041,15.6,22.7,32.0,24.2,22.9,19.4,25.3,22.7,0.0,0.0,961,0,0,4802,4853,8,0,0,0,0.0,0,0.0,0,177.0,520,0.0,0
1791413042,23.5,22.7,31.9,27.1,29.2,30.3,30.3,27.0,0.0,0.0,961,0,0,4794,4845,10,0,0,0,0.0,0,0.0,0,213.0,520,0.0,0
1791413043,26.8,26.5,34.0,30.3,28.0,22.9,25.8,23.5,0.0,0.0,963,0,36,4796,4840,8,0,0,0,0.0,0,0.0,0,204.0,520,0.0,0
1791413044,25.3,27.6,42.0,26.3,27.8,28.0,18.8,18.6,0.0,0.0,965,0,0,4796,4843,7,0,0,0,0.0,0,0.0,0,202.0,522,0.0,0
1791413045,21.1,22.4,37.5,26.8,32.7,26.3,27.7,22.0,0.0,0.0,967,0,4,4801,4845,9,0,0,0,0.0,0,0.0,0,198.0,522,0.0,0
1791413046,18.8,26.3,38.5,22.9,25.5,30.0,25.3,24.0,0.0,0.0,963,0,0,4808,4848,9,0,0,0,0.0,0,0.0,0,200.0,522,0.0,0
1791413047,26.0,27.3,37.8,30.0,29.0,26.8,26.5,28.7,0.0,0.0,965,0,0,4813,4851,9,0,0,0,0.0,0,0.0,0,213.0,522,0.0,0
1791413048,26.5,22.4,34.7,29.9,25.8,22.9,26.5,24.0,0.0,0.0,959,0,12,4810,4853,8,0,0,0,0.0,0,0.0,0,205.0,522,0.0,0
1791413049,23.7,24.2,36.1,32.0,25.0,28.3,27.6,21.9,0.0,0.0,961,0,0,4800,4846,8,0,0,0,0.0,0,0.0,0,204.0,522,0.0,0
1791413050,23.5,21.6,42.9,24.0,23.7,30.3,22.2,20.0,0.0,0.0,958,0,0,4803,4846,9,0,0,0,0.0,0,0.0,0,197.0,522,0.0,0
1791413051,21.9,28.9,37.2,30.3,27.6,28.9,24.2,27.3,0.0,0.0,959,0,4,4798,4846,8,0,0,0,0.0,0,0.0,0,215.0,522,0.0,0
1791413052,22.1,23.7,42.0,27.4,28.3,21.6,19.8,25.3,0.0,0.0,960,0,0,4795,4846,8,0,0,0,0.0,0,0.0,0,200.0,522,0.0,0
1791413053,23.8,21.2,37.5,28.0,22.1,25.8,21.4,24.2,0.0,0.0,962,0,12,4798,4847,8,0,0,0,0.0,0,0.0,0,193.0,522,0.0,0
1791413054,22.7,22.7,41.2,24.5,24.0,23.5,24.2,18.6,0.0,0.0,960,0,0,4789,4845,8,0,0,0,0.0,0,0.0,0,193.0,522,0.0,0
1791413055,20.0,21.9,38.4,25.3,27.3,25.5,26.5,24.0,0.0,0.0,961,0,0,4789,4847,10,0,0,0,0.0,0,0.0,0,214.0,522,0.0,0
1791413056,22.7,22.4,37.8,23.4,26.5,25.0,29.3,21.9,0.0,0.0,962,0,0,4813,4856,8,0,0,0,0.0,0,0.0,0,187.0,522,0.0,0
1791413057,22.4,22.2,28.1,25.8,21.1,16.5,20.0,21.6,0.0,0.0,963,0,4,4801,4854,9,0,0,0,0.0,0,0.0,0,173.0,522,0.0,0
1791413058,20.0,22.4,35.4,26.0,21.6,18.8,20.6,17.9,0.0,0.0,959,0,12,4821,4861,8,0,0,0,0.0,0,0.0,0,176.0,522,0.0,0
1791413059,22.1,16.7,36.1,20.8,21.4,19.8,23.7,22.4,0.0,0.0,960,0,0,4805,4855,8,0,0,0,0.0,0,0.0,0,181.0,522,0.0,0
1791413060,22.7,20.6,35.7,24.2,25.5,25.0,20.0,12.5,0.0,0.0,961,0,0,4810,4860,8,0,0,0,0.0,0,0.0,0,175.0,522,0.0,0
1791413061,21.9,21.4,32.7,27.1,31.3,21.3,22.4,19.8,0.0,0.0,962,0,0,4807,4859,8,0,0,0,0.0,0,0.0,0,190.0,522,0.0,0
1791413062,26.3,21.9,35.7,23.2,23.5,18.6,22.4,18.6,0.0,0.0,959,0,0,4811,4857,8,0,0,0,0.0,0,0.0,0,186.0,522,0.0,0
1791413063,19.6,22.7,34.0,26.8,24.2,20.8,27.6,25.5,0.0,0.0,971,0,4216,4794,4851,8,0,0,0,0.0,0,0.0,0,192.0,533,0.0,0
1791413064,29.6,20.4,32.3,22.9,26.5,23.7,17.7,22.2,0.0,0.0,972,0,24,4806,4853,9,0,0,0,0.0,0,0.0,0,186.0,533,0.0,0
1791413065,23.7,18.8,36.8,25.3,32.3,20.8,20.8,20.0,0.0,0.0,973,0,0,4800,4852,8,0,0,0,0.0,0,0.0,0,196.0,533,0.0,0
1791413066,21.6,22.4,34.4,24.7,23.5,18.6,25.3,27.1,0.0,0.0,972,0,0,4780,4842,7,0,0,0,0.0,0,0.0,0,190.0,533,0.0,0
1791413067,26.3,26.3,33.3,31.3,36.0,20.4,24.5,25.0,0.0,0.0,974,0,0,4793,4847,9,0,0,0,0.0,0,0.0,0,211.0,529,0.0,0
1791413068,27.3,21.4,35.8,30.3,26.8,25.5,27.6,21.6,0.0,0.0,975,0,0,4800,4847,10,0,0,0,0.0,0,0.0,0,203.0,529,0.0,0
1791413069,20.6,26.3,35.2,27.3,25.8,26.8,23.2,24.2,0.1,0.0,976,0,44,4794,4845,7,0,0,0,0.0,0,0.0,0,199.0,529,0.0,0
1791413070,17.7,22.8,32.6,28.3,22.2,23.5,24.0,30.7,0.0,0.0,977,0,0,4795,4847,7,0,0,0,0.0,0,0.0,0,189.0,529,0.0,0
1791413071,26.3,24.0,35.1,27.3,25.8,22.4,24.7,22.7,0.0,0.0,978,0,0,4804,4850,9,0,0,0,0.0,0,0.0,0,195.0,529,0.0,0
1791413072,23.2,23.7,34.7,30.0,26.0,31.0,22.2,26.5,0.0,0.0,975,0,0,4810,4854,9,0,0,0,0.0,0,0.0,0,198.0,525,0.0,0
1791413073,23.7,20.8,34.0,24.0,23.7,21.2,24.2,23.2,0.0,0.0,976,0,0,4802,4855,8,0,0,0,0.0,0,0.0,0,183.0,525,0.0,0
1791413074,18.8,25.0,36.4,27.6,17.5,30.2,25.5,23.2,0.0,0.0,977,0,24,4792,4845,9,0,0,0,0.0,0,0.0,0,192.0,525,0.0,0
1791413075,25.0,25.5,35.1,30.3,25.3,22.7,23.5,22.4,0.0,0.0,978,0,4,4787,4842,8,0,0,0,0.0,0,0.0,0,198.0,525,0.0,0
1791413076,24.2,19.4,38.5,30.9,29.3,25.5,21.6,19.6,0.0,0.0,979,0,0,4790,4833,11,0,0,0,0.0,0,0.0,0,200.0,525,0.0,0
1791413077,27.8,27.3,38.9,32.7,31.0,27.0,32.0,27.8,0.0,0.0,972,0,0,4795,4843,8,0,0,0,0.0,0,0.0,0,232.0,525,0.0,0
1791413078,25.3,24.0,39.4,31.7,26.8,23.7,22.4,27.8,0.0,0.0,982,0,0,4795,4845,8,0,0,0,0.0,0,0.0,0,206.0,535,0.0,0
1791413079,22.4,25.5,36.2,27.1,22.7,25.0,24.5,30.3,0.0,0.0,983,0,16,4798,4845,9,0,0,0,0.0,0,0.0,0,200.0,527,0.0,0
1791413080,27.8,21.2,33.7,27.6,23.0,20.2,22.7,27.0,0.0,0.0,983,0,0,4803,4852,9,0,0,0,0.0,0,0.0,0,188.0,523,0.0,0
1791413081,26.5,22.2,36.1,26.0,26.5,21.1,21.0,24.7,0.0,0.0,981,0,4,4805,4858,8,0,0,0,0.0,0,0.0,0,194.0,513,0.0,0
1791413082,28.3,12.5,32.0,22.4,20.2,22.4,23.2,20.0,0.0,0.0,981,0,0,4808,4858,8,0,0,0,0.0,0,0.0,0,168.0,513,0.0,0
1791413083,22.0,22.0,28.6,24.5,19.6,26.3,18.6,19.4,0.0,0.0,975,0,0,4816,4860,8,0,0,0,0.0,0,0.0,0,167.0,517,0.0,0
1791413084,15.8,23.0,30.9,29.3,19.2,20.8,16.5,18.6,0.0,0.0,977,0,12,4817,4864,9,0,0,0,0.0,0,0.0,0,167.0,519,0.0,0
1791413085,19.4,23.7,32.7,25.3,23.2,22.2,22.0,21.6,0.0,0.0,978,0,0,4811,4858,9,0,0,0,0.0,0,0.0,0,175.0,520,0.0,0
1791413086,20.4,29.6,30.1,28.9,21.2,26.0,20.6,23.2,0.0,0.0,981,0,0,4794,4845,8,0,0,0,0.0,0,0.0,0,189.0,524,0.0,0
1791413087,25.0,22.7,34.3,31.3,21.4,23.7,22.4,21.1,0.0,0.0,983,0,4,4800,4848,8,0,0,0,0.0,0,0.0,0,195.0,524,0.0,0
1791413088,27.6,21.6,34.4,27.8,29.6,25.5,24.5,20.4,0.0,0.0,984,0,0,4811,4855,7,0,0,0,0.0,0,0.0,0,199.0,524,0.0,0
1791413089,21.2,16.7,38.5,21.9,25.5,20.4,20.4,22.0,0.0,0.0,984,0,12,4809,4859,8,0,0,0,0.0,0,0.0,0,172.0,524,0.0,0
1791413090,16.7,21.4,32.3,26.3,21.4,25.0,24.0,22.8,0.0,0.0,993,0,0,4811,4861,9,0,0,0,0.0,0,0.0,0,176.0,533,0.0,0
1791413091,18.4,14.4,28.9,26.0,27.6,20.2,22.2,23.5,0.0,0.0,994,0,0,4811,4863,8,0,0,0,0.0,0,0.0,0,170.0,533,0.0,0
1791413092,23.5,20.4,34.3,27.1,22.2,18.4,21.4,22.2,0.0,0.0,992,0,0,4800,4854,9,0,0,0,0.0,0,0.0,0,174.0,533,0.0,0
1791413093,19.8,19.6,32.0,25.3,19.4,27.3,19.6,16.2,0.0,0.0,991,0,4,4811,4857,7,0,0,0,0.0,0,0.0,0,167.0,533,0.0,0
1791413094,22.2,19.8,36.4,24.2,22.7,26.5,27.3,24.5,0.0,0.0,993,0,4256,4825,4870,10,0,0,0,0.0,0,0.0,0,188.0,533,0.0,0
1791413095,20.2,22.2,32.0,29.3,23.2,22.0,19.2,20.4,0.0,0.0,994,0,28,4833,4871,9,0,0,0,0.0,0,0.0,0,171.0,533,0.0,0
1791413096,25.0,26.3,34.3,24.7,21.2,24.5,25.5,23.2,0.0,0.0,1001,0,0,4820,4863,11,0,0,0,0.0,0,0.0,0,188.0,538,0.0,0
1791413097,18.9,23.7,36.4,24.5,21.2,26.5,15.8,22.7,0.0,0.0,992,0,0,4810,4860,10,0,0,0,0.0,0,0.0,0,180.0,539,0.0,0
1791413098,23.2,24.2,34.7,23.2,20.2,24.2,28.3,21.4,0.0,0.0,992,0,0,4806,4857,10,0,0,0,0.0,0,0.0,0,184.0,536,0.0,0
1791413099,16.0,27.6,33.0,21.4,19.8,24.0,21.4,21.2,0.0,0.0,987,0,360,4810,4861,8,0,0,0,0.0,0,0.0,0,172.0,530,0.0,0
1791413100,23.5,24.5,38.4,26.3,25.0,21.6,24.0,24.0,0.0,0.0,988,0,0,4808,4860,8,0,0,0,0.0,0,0.0,0,190.0,530,0.0,0
1791413101,22.2,20.8,30.6,28.0,20.8,17.5,23.2,22.0,0.0,0.0,991,0,0,4826,4864,8,0,0,0,0.0,0,0.0,0,171.0,535,0.0,0
1791413102,22.7,16.7,41.0,32.0,20.4,28.0,27.3,19.2,0.0,0.0,993,0,0,4795,4849,7,0,0,0,0.0,0,0.0,0,189.0,535,0.0,0
1791413103,21.2,21.6,32.7,25.8,20.2,23.5,23.5,23.2,0.0,0.0,994,0,0,4820,4860,8,0,0,0,0.0,0,0.0,0,179.0,535,0.0,0
1791413104,29.6,22.4,36.1,27.7,22.7,30.0,22.2,23.7,0.0,0.0,987,0,20,4815,4855,9,0,0,0,0.0,0,0.0,0,198.0,535,0.0,0
1791413105,24.0,19.4,36.1,31.0,18.4,25.3,27.0,23.5,0.0,0.0,988,0,44,4805,4850,9,0,0,0,0.0,0,0.0,0,190.0,535,0.0,0
1791413106,26.7,28.6,36.7,30.0,24.5,33.3,26.3,23.7,0.0,0.0,987,0,0,4818,4864,9,0,0,0,0.0,0,0.0,0,210.0,535,0.0,0
1791413107,15.8,25.8,30.9,23.7,26.0,24.0,27.3,22.4,0.0,0.0,987,0,188,4829,4868,9,0,0,0,0.0,0,0.0,0,184.0,535,0.0,0
1791413108,20.4,17.5,31.3,26.0,21.0,21.4,17.9,22.2,0.0,0.0,988,0,0,4824,4871,8,0,0,0,0.0,0,0.0,0,165.0,535,0.0,0
1791413109,27.0,22.2,26.6,20.8,20.4,19.4,24.0,15.6,0.0,0.0,988,0,0,4817,4864,8,0,0,0,0.0,0,0.0,0,165.0,535,0.0,0
1791413110,20.6,24.5,28.9,21.4,17.3,23.5,17.5,23.5,0.0,0.0,989,0,48,4819,4862,8,0,0,0,0.0,0,0.0,0,167.0,535,0.0,0
1791413111,20.4,22.7,35.4,28.0,18.4,21.4,19.6,22.0,0.0,0.0,989,0,4,4814,4857,9,0,0,0,0.0,0,0.0,0,175.0,535,0.0,0
1791413112,20.8,23.5,39.4,31.7,21.2,27.1,23.7,23.5,0.0,0.0,990,0,0,4814,4866,9,0,0,0,0.0,0,0.0,0,201.0,535,0.0,0
1791413113,24.7,22.4,33.7,21.6,23.0,26.8,20.8,23.0,0.0,0.0,988,0,0,4804,4853,9,0,0,0,0.0,0,0.0,0,183.0,535,0.0,0
1791413114,23.5,20.4,31.6,23.7,23.2,21.6,26.5,21.6,0.0,0.0,988,0,0,4819,4861,8,0,0,0,0.0,0,0.0,0,179.0,535,0.0,0
1791413115,20.4,23.2,37.4,25.0,24.2,22.2,23.2,23.7,0.0,0.0,993,0,12,4799,4855,8,0,0,0,0.0,0,0.0,0,189.0,540,0.0,0
1791413116,18.6,21.2,27.4,26.5,21.1,23.2,23.7,20.4,0.0,0.0,994,0,20,4808,4857,8,0,0,0,0.0,0,0.0,0,175.0,534,0.0,0
1791413117,24.2,23.0,33.3,29.2,27.3,21.2,22.4,20.0,0.0,0.0,994,0,4,4793,4846,8,0,0,0,0.0,0,0.0,0,184.0,534,0.0,0
1791413118,27.6,24.2,36.1,31.6,29.6,27.3,27.6,24.7,0.0,0.0,994,0,0,4811,4854,9,0,0,0,0.0,0,0.0,0,214.0,534,0.0,0
1791413119,23.2,22.7,39.0,30.6,20.4,26.5,25.3,23.5,0.0,0.0,994,0,0,4802,4846,8,0,0,0,0.0,0,0.0,0,195.0,534,0.0,0
1791413120,27.0,25.0,36.4,27.6,21.4,22.4,27.8,21.6,0.0,0.0,995,0,12,4793,4850,10,0,0,0,0.0,0,0.0,0,192.0,534,0.0,0
1791413121,25.0,23.5,38.8,25.8,25.5,22.4,29.6,26.3,0.0,0.0,995,0,0,4798,4849,8,0,0,0,0.0,0,0.0,0,204.0,534,0.0,0
1791413122,29.9,24.0,42.4,28.4,27.3,28.1,24.7,24.2,0.0,0.0,996,0,0,4794,4839,8,0,0,0,0.0,0,0.0,0,233.0,534,0.0,0
1791413123,29.9,27.6,40.2,30.6,25.5,27.6,25.8,25.8,0.0,0.0,995,0,4,4783,4838,8,0,0,0,0.0,0,0.0,0,207.0,534,0.0,0
1791413124,25.8,28.3,41.1,29.3,22.7,27.6,20.6,23.2,0.0,0.0,996,0,0,4799,4845,10,0,0,0,0.0,0,0.0,0,205.0,537,0.0,0
1791413125,20.8,27.7,47.5,29.9,27.0,19.8,21.4,28.1,0.0,0.0,997,0,4252,4799,4847,9,0,0,0,0.0,0,0.0,0,210.0,537,0.0,0
1791413126,24.7,22.9,40.2,28.6,23.2,27.8,22.4,20.6,0.0,0.0,998,0,0,4799,4847,8,0,0,0,0.0,0,0.0,0,202.0,537,0.0,0
1791413127,26.3,28.6,35.1,29.0,26.5,18.6,21.9,23.2,0.0,0.0,999,0,0,4788,4844,9,0,0,0,0.0,0,0.0,0,196.0,537,0.0,0
1791413128,23.0,30.3,41.8,33.0,31.0,29.9,34.7,25.3,0.0,0.0,1109,0,0,4793,4842,9,0,0,0,0.0,0,0.0,0,232.0,636,0.0,0
1791413129,19.6,24.5,33.0,26.5,28.6,26.0,21.4,23.2,0.0,0.0,1090,0,4,4810,4853,8,0,0,0,0.0,0,0.0,0,187.0,617,0.0,0
1791413130,21.0,22.7,29.6,23.5,28.7,17.7,18.4,20.4,0.0,0.0,1090,0,0,4816,4863,9,0,0,0,0.0,0,0.0,0,169.0,617,0.0,0
1791413131,23.7,20.0,39.4,28.0,19.2,24.0,21.4,24.0,0.0,0.0,1091,0,12,4803,4854,8,0,0,0,0.0,0,0.0,0,181.0,617,0.0,0
1791413132,23.5,26.5,37.8,28.9,20.0,21.6,22.1,23.5,0.0,0.0,1092,0,0,4791,4848,8,0,0,0,0.0,0,0.0,0,194.0,617,0.0,0
1791413133,26.5,19.4,29.8,27.0,20.4,20.4,18.8,21.6,0.0,0.0,1093,0,0,4811,4862,9,0,0,0,0.0,0,0.0,0,174.0,617,0.0,0
1791413134,20.2,19.4,35.7,23.2,28.0,17.9,17.3,21.0,0.0,0.0,1094,0,0,4809,4862,8,0,0,0,0.0,0,0.0,0,174.0,617,0.0,0
1791413135,30.2,19.2,38.0,26.5,21.1,20.4,22.0,19.4,0.0,0.0,1095,0,4,4751,4798,7,0,0,0,0.0,0,0.0,0,181.0,617,0.0,0
1791413136,20.4,26.5,33.0,22.2,20.2,18.8,19.6,16.7,0.0,0.0,1090,0,12,4674,4725,8,0,0,0,0.0,0,0.0,0,168.0,617,0.0,0
1791413137,20.6,16.7,32.0,23.2,24.7,17.3,19.6,19.2,0.0,0.0,1091,0,0,4605,4652,8,0,0,0,0.0,0,0.0,0,164.0,617,0.0,0
1791413138,23.7,22.4,39.8,27.8,23.7,19.6,18.9,17.5,0.0,0.0,1092,0,0,4510,4562,8,0,0,0,0.0,0,0.0,0,187.0,619,0.0,0
1791413139,20.4,16.7,34.3,23.5,20.0,22.7,20.2,17.3,0.0,0.0,1098,0,0,4451,4495,8,0,0,0,0.0,0,0.0,0,164.0,626,0.0,0
1791413140,15.3,19.6,29.2,24.5,16.5,18.6,20.2,22.2,0.0,0.0,1077,0,0,4382,4425,9,0,0,0,0.0,0,0.0,0,157.0,594,0.0,0
1791413141,19.6,20.0,31.6,27.3,15.5,25.3,20.4,19.4,0.0,0.0,1061,0,32,4298,4341,8,0,0,0,0.0,0,0.0,0,172.0,594,0.0,0
1791413142,23.7,16.5,29.9,20.6,23.7,25.8,21.6,20.4,0.0,0.0,1056,0,0,4196,4248,8,0,0,0,0.0,0,0.0,0,182.0,594,0.0,0
1791413143,21.0,17.3,30.2,21.1,13.7,18.6,18.4,20.8,0.0,0.0,1057,0,0,4131,4177,8,0,0,0,0.0,0,0.0,0,147.0,594,0.0,0
1791413144,24.7,20.8,35.1,20.8,21.6,18.8,20.0,17.2,0.0,0.0,1051,0,0,4055,4097,9,0,0,0,0.0,0,0.0,0,177.0,594,0.0,0
1791413145,23.5,18.6,32.3,19.8,24.0,21.0,16.5,22.7,0.0,0.0,1052,0,0,3980,4020,8,0,0,0,0.0,0,0.0,0,169.0,594,0.0,0
1791413146,17.5,19.6,30.9,26.8,20.6,21.4,20.6,28.3,0.0,0.0,1052,0,24,3908,3945,10,0,0,0,0.0,0,0.0,0,179.0,594,0.0,0
1791413147,21.6,19.6,33.7,20.8,23.5,20.4,22.7,19.1,0.0,0.0,1055,0,4,3825,3864,7,0,0,0,0.0,0,0.0,0,176.0,596,0.0,0
1791413148,20.4,20.4,34.0,25.0,17.7,25.8,24.5,23.0,0.0,0.0,1056,0,0,3727,3778,8,0,0,0,0.0,0,0.0,0,180.0,593,0.0,0
1791413149,17.3,19.4,26.8,21.4,14.4,21.4,15.6,17.3,0.0,0.0,1053,0,0,3667,3706,8,0,0,0,0.0,0,0.0,0,147.0,593,0.0,0
1791413150,21.2,20.6,22.3,27.6,21.0,18.2,22.4,13.4,0.0,0.0,1053,0,0,3602,3640,7,0,0,0,0.0,0,0.0,0,159.0,589,0.0,0
1791413151,20.2,14.4,31.6,20.4,20.6,18.4,12.6,20.4,0.0,0.0,1054,0,12,3534,3566,7,0,0,0,0.0,0,0.0,0,154.0,589,0.0,0
1791413152,19.6,14.3,27.8,25.8,15.3,16.7,16.3,19.8,0.0,0.0,1054,0,0,3442,3482,8,0,0,0,0.0,0,0.0,0,152.0,589,0.0,0
1791413153,16.3,16.0,31.2,22.7,19.6,15.6,19.4,15.3,0.0,0.0,1054,0,4,3366,3406,7,0,0,0,0.0,0,0.0,0,150.0,589,0.0,0
1791413154,17.2,7.2,18.8,22.2,20.2,13.1,14.3,15.6,0.0,0.0,1055,0,0,3295,3329,7,0,0,0,0.0,0,0.0,0,120.0,589,0.0,0
1791413155,15.3,16.7,30.4,21.9,15.3,17.7,22.7,16.5,0.0,0.0,1048,0,0,3214,3250,7,0,0,0,0.0,0,0.0,0,150.0,589,0.0,0
1791413156,18.4,14.4,31.0,20.2,17.2,18.0,10.4,15.3,0.0,0.0,1045,0,3744,3155,3189,7,0,0,0,0.0,0,0.0,0,137.0,589,0.0,0
1791413157,12.2,13.3,26.3,22.0,17.2,14.3,4.2,9.4,0.0,0.0,1045,0,40,3070,3101,7,0,0,0,0.0,0,0.0,0,109.0,589,0.0,0
1791413158,17.2,12.2,25.3,15.6,18.8,10.3,14.4,13.3,0.0,0.0,1045,0,0,2991,3027,6,0,0,0,0.0,0,0.0,0,124.0,589,0.0,0
1791413159,16.5,8.5,23.7,15.3,20.6,17.3,15.5,18.2,0.0,0.0,1046,0,4,2920,2951,7,0,0,0,0.0,0,0.0,0,134.0,589,0.0,0
1791413160,11.2,3.2,18.4,15.5,14.0,10.1,12.2,15.5,0.0,0.0,1047,0,0,2855,2887,8,0,0,0,0.0,0,0.0,0,96.0,589,0.0,0
1791413161,11.5,14.3,19.6,23.5,6.2,11.0,16.0,14.1,0.0,0.0,1047,0,0,2780,2803,8,0,0,0,0.0,0,0.0,0,110.0,589,0.0,0
1791413162,15.3,17.3,21.1,19.2,14.6,13.4,9.3,9.1,0.0,0.0,1048,0,28,2691,2721,7,0,0,0,0.0,0,0.0,0,120.0,589,0.0,0
1791413163,12.2,8.2,14.4,17.2,13.3,10.1,12.0,9.6,0.0,0.0,1045,0,0,2608,2641,7,0,0,0,0.0,0,0.0,0,93.0,589,0.0,0
1791413164,14.3,15.5,17.9,11.6,13.1,15.2,12.0,17.6,0.0,0.0,1046,0,0,2537,2567,6,0,0,0,0.0,0,0.0,0,112.0,589,0.0,0
1791413165,13.4,11.0,12.4,12.5,12.4,10.1,6.3,17.2,0.0,0.0,1046,0,216,2459,2486,6,0,0,0,0.0,0,0.0,0,92.0,589,0.0,0
1791413166,12.1,14.3,22.2,13.9,11.2,12.2,10.5,11.1,0.0,0.0,1047,0,0,2386,2413,6,0,0,0,0.0,0,0.0,0,103.0,589,0.0,0
1791413167,7.8,13.0,20.4,18.4,4.2,9.3,10.9,9.3,0.0,0.0,1047,0,60,2309,2331,6,0,0,0,0.0,0,0.0,0,85.0,589,0.0,0
1791413168,14.1,11.3,15.8,10.2,8.3,12.2,11.3,17.2,0.0,0.0,1048,0,0,2245,2264,6,0,0,0,0.0,0,0.0,0,100.0,589,0.0,0
1791413169,9.0,8.2,13.5,12.4,5.3,7.0,10.3,11.0,0.0,0.0,1048,0,0,2167,2191,5,0,0,0,0.0,0,0.0,0,76.0,589,0.0,0
1791413170,9.1,15.8,14.3,11.1,12.5,10.4,15.2,13.4,0.0,0.0,1048,0,0,2082,2105,6,0,0,0,0.0,0,0.0,0,99.0,589,0.0,0
1791413171,8.2,4.1,13.5,16.2,10.0,6.2,8.0,13.0,0.0,0.0,1048,0,4,2004,2027,6,0,0,0,0.0,0,0.0,0,76.0,589,0.0,0
1791413172,8.2,6.1,18.4,7.3,8.2,10.1,9.3,8.2,0.0,0.0,1048,0,12,1929,1950,6,0,0,0,0.0,0,0.0,0,75.0,589,0.0,0
1791413173,11.1,11.2,13.3,13.4,15.3,12.1,10.3,11.2,0.0,0.0,1040,0,0,1854,1875,6,0,0,0,0.0,0,0.0,0,97.0,589,0.0,0
1791413174,9.3,7.3,15.8,10.3,10.1,4.1,2.1,7.1,0.0,0.0,1040,0,0,1785,1799,5,0,0,0,0.0,0,0.0,0,67.0,589,0.0,0
1791413175,11.9,9.4,9.4,9.1,15.0,12.1,14.0,9.1,0.0,0.0,1041,0,0,1705,1723,5,0,0,0,0.0,0,0.0,0,84.0,589,0.0,0
1791413176,6.2,10.2,6.1,5.2,7.1,6.1,8.3,8.1,0.0,0.0,1041,0,0,1626,1647,5,0,0,0,0.0,0,0.0,0,60.0,589,0.0,0
1791413177,8.0,8.1,9.3,4.3,11.2,2.1,2.0,11.2,0.0,0.0,1041,0,8,1551,1565,5,0,0,0,0.0,0,0.0,0,58.0,589,0.0,0
1791413178,10.2,11.1,10.3,13.0,6.1,6.2,12.2,8.2,0.0,0.0,1037,0,24,1481,1494,5,0,0,0,0.0,0,0.0,0,77.0,589,0.0,0
1791413179,10.0,4.1,11.1,4.0,6.1,6.0,10.1,2.1,0.0,0.0,1037,0,0,1400,1415,5,0,0,0,0.0,0,0.0,0,50.0,589,0.0,0
1791413180,3.1,8.9,3.1,6.1,8.1,7.0,7.1,7.1,0.0,0.0,1038,0,0,1327,1338,6,0,0,0,0.0,0,0.0,0,49.0,589,0.0,0
1791413181,4.2,7.1,11.3,9.0,9.2,11.2,3.0,9.0,0.0,0.0,1038,0,0,1246,1260,10,0,0,0,0.0,0,0.0,0,65.0,589,0.0,0
1791413182,7.9,6.1,6.2,8.1,4.0,1.0,5.2,8.1,0.0,0.0,1038,0,0,1181,1189,5,0,0,0,0.0,0,0.0,0,44.0,589,0.0,0
1791413183,6.1,7.1,6.2,7.1,4.2,1.0,6.1,7.1,0.0,0.0,1039,0,16,1094,1104,5,0,0,0,0.0,0,0.0,0,47.0,589,0.0,0
1791413184,0.0,8.1,7.2,8.2,7.0,6.9,5.1,7.1,0.0,0.0,1038,0,12,1013,1023,5,0,0,0,0.0,0,0.0,0,45.0,589,0.0,0
1791413185,4.9,5.1,11.1,6.1,2.1,1.0,6.0,6.1,0.0,0.0,1039,0,0,947,954,5,0,0,0,0.0,0,0.0,0,39.0,589,0.0,0
1791413186,4.1,7.1,10.3,11.2,6.1,8.1,7.0,10.0,0.0,0.0,1038,0,0,864,872,4,0,0,0,0.0,0,0.0,0,63.0,589,0.0,0
1791413187,5.1,6.1,5.2,10.1,5.9,3.0,2.0,4.0,0.0,0.0,1038,0,1888,788,795,5,0,0,0,0.0,0,0.0,0,36.0,589,0.0,0
1791413188,6.1,5.0,5.1,6.0,4.1,2.1,5.0,0.0,0.0,0.0,1039,0,0,712,718,5,0,0,0,0.0,0,0.0,0,31.0,589,0.0,0
1791413189,8.1,4.0,1.0,5.1,2.1,3.0,3.0,0.0,0.0,0.0,1039,0,40,636,643,5,0,0,0,0.0,0,0.0,0,29.0,589,0.0,0
1791413190,5.0,5.0,7.1,3.0,1.0,3.1,5.1,0.0,0.0,0.0,1039,0,0,562,564,5,0,0,0,0.0,0,0.0,0,28.0,589,0.0,0
1791413191,4.0,3.0,3.1,5.1,1.0,4.0,4.1,0.0,0.0,0.0,1039,0,140,481,486,4,0,0,0,0.0,0,0.0,0,24.0,589,0.0,0
1791413192,3.1,2.0,5.1,6.1,6.1,5.1,6.1,7.1,0.0,0.0,1039,0,0,405,409,4,0,0,0,0.0,0,0.0,0,43.0,589,0.0,0
1791413193,4.0,1.0,0.0,2.0,3.0,3.0,4.0,3.0,0.0,0.0,1039,0,0,329,333,4,0,0,0,0.0,0,0.0,0,18.0,589,0.0,0
1791413194,1.0,0.0,0.0,3.0,27.3,2.0,4.0,0.0,0.0,0.0,1039,0,0,201,200,5,0,0,0,0.0,0,0.0,0,37.0,589,0.0,0
1791413195,0.0,0.0,0.0,2.0,99.0,0.0,0.0,0.0,0.0,0.0,1031,0,44,0,1,5,0,0,0,0.0,0,0.0,0,-130248.0,0,0.0,0
1791413196,0.0,0.0,0.0,6.0,2.0,0.0,0.0,0.0,0.0,0.0,472,0,0,1,1,3,1,0,0,0.0,0,0.0,0,0.0,0,0.0,0
1791413197,0.0,0.0,0.0,0.0,2.0,2.0,0.0,0.0,0.0,0.0,475,0,0,4,4,4,1,0,0,0.0,0,0.0,0,0.0,0,0.0,0
