ts,cpu0_busy_pct,cpu1_busy_pct,cpu2_busy_pct,cpu3_busy_pct,cpu_iowait_pct,cpu_steal_pct,mem_used_mb,disk_read_kbps,disk_write_kbps,net_rx_kbps,net_tx_kbps,tcp_inuse,tcp_timewait,accept_queue_443,turned_away,node_cpu_pct,node_rss_mb,nginx_cpu_pct,nginx_rss_mb,k6_cpu_pct,k6_rss_mb
1791222530,0.0,0.0,1.0,0.0,0.0,0.0,568,0,0,1,0,5,23,0,0,0.0,90,0.0,40,0.0,0
1791222531,1.0,0.0,1.0,0.0,0.0,0.0,568,0,0,0,0,5,23,0,0,0.0,90,0.0,40,0.0,0
1791222532,1.0,4.0,6.0,2.1,0.8,0.0,569,0,380,151,148,17,25,0,0,3.0,90,4.0,40,0.0,0
1791222533,1.0,5.1,8.1,3.0,0.8,0.0,569,0,1416,236,232,21,27,0,0,6.0,90,8.0,40,0.0,0
1791222534,5.0,1.0,10.2,6.1,0.5,0.0,570,0,400,236,232,21,29,0,0,6.0,90,12.0,40,0.0,0
1791222535,2.0,2.0,7.1,9.0,0.8,0.0,570,0,420,236,233,21,31,0,0,5.0,90,11.0,40,0.0,0
1791222536,2.0,4.0,6.2,6.1,0.5,0.0,571,0,400,236,233,21,33,0,0,7.0,91,11.0,40,0.0,0
1791222537,4.0,3.0,4.1,9.2,0.8,0.0,572,0,460,236,234,21,35,0,0,6.0,91,11.0,40,0.0,0
1791222538,4.0,2.0,4.1,6.1,0.8,0.0,573,0,452,236,233,21,37,0,0,3.0,91,11.0,40,0.0,0
1791222539,5.0,1.0,3.1,7.1,0.8,0.0,573,0,476,237,234,21,39,0,0,3.0,93,10.0,40,0.0,0
1791222540,4.0,4.0,4.1,7.1,0.8,0.0,574,0,508,236,233,21,41,0,0,5.0,93,9.0,40,0.0,0
1791222541,3.0,5.0,6.1,3.1,0.5,0.0,575,0,452,237,233,21,43,0,0,4.0,93,13.0,40,0.0,0
1791222542,6.1,2.0,3.1,5.9,1.0,0.0,576,0,432,236,232,19,46,0,0,3.0,93,12.0,40,0.0,0
1791222543,9.0,5.1,3.1,2.1,0.5,0.0,576,0,484,236,233,21,48,0,0,5.0,93,9.0,40,0.0,0
1791222544,5.0,5.0,2.0,3.1,0.8,0.0,576,0,528,236,233,21,50,0,0,3.0,93,12.0,40,0.0,0
1791222545,5.9,5.0,2.1,5.1,0.8,0.0,577,0,460,236,233,21,52,0,0,4.0,93,10.0,40,0.0,0
1791222546,8.2,2.0,5.0,3.0,0.8,0.0,577,0,484,236,233,21,54,0,0,4.0,94,11.0,40,0.0,0
1791222547,5.2,4.0,3.1,2.0,0.5,0.0,531,0,460,236,232,21,56,0,0,4.0,94,11.0,40,0.0,0
1791222548,6.1,5.0,5.1,3.0,0.5,0.0,530,0,440,236,232,21,58,0,0,3.0,94,10.0,40,0.0,0
1791222549,5.9,4.0,4.1,5.0,0.8,0.0,530,0,564,236,232,21,60,0,0,3.0,94,10.0,40,0.0,0
1791222550,2.0,5.0,10.3,3.0,0.8,0.0,529,0,492,236,232,19,63,0,0,4.0,94,11.0,40,0.0,0
1791222551,4.0,3.1,7.1,1.0,0.5,0.0,529,0,468,236,233,21,65,0,0,3.0,94,11.0,40,0.0,0
1791222552,4.0,4.0,3.1,4.0,1.0,0.0,529,0,476,236,232,21,68,0,0,4.0,94,10.0,40,0.0,0
1791222553,8.1,5.1,3.1,2.0,0.8,0.0,529,0,760,237,233,21,70,0,0,4.0,94,10.0,40,0.0,0
1791222554,4.0,5.0,6.1,3.1,0.5,0.0,529,0,604,236,233,21,72,0,0,3.0,94,12.0,40,0.0,0
1791222555,5.0,4.1,3.1,3.1,0.8,0.0,529,0,448,236,232,21,74,0,0,3.0,94,8.0,40,0.0,0
1791222556,6.1,4.0,3.1,6.1,0.5,0.0,529,0,552,236,233,21,76,0,0,4.0,94,13.0,40,0.0,0
1791222557,4.0,3.0,5.1,6.9,0.5,0.0,528,0,472,236,233,21,78,1,0,3.0,94,11.0,40,0.0,0
1791222558,7.8,4.0,4.1,2.1,0.8,0.0,528,0,484,235,232,21,80,0,0,4.0,94,10.0,40,0.0,0
1791222559,3.1,2.0,7.1,6.0,1.3,0.0,528,0,644,236,233,22,82,0,0,3.0,94,13.0,40,0.0,0
1791222560,5.0,5.1,3.1,6.2,0.3,0.0,528,0,508,235,233,21,83,0,0,4.0,94,13.0,40,0.0,0
1791222561,2.0,4.0,4.0,6.9,1.0,0.0,528,0,508,237,233,21,85,1,0,3.0,94,9.0,40,0.0,0
1791222562,3.0,5.1,3.1,5.1,0.3,0.0,528,0,508,236,233,22,87,0,0,4.0,94,10.0,40,0.0,0
1791222563,3.0,4.0,4.0,5.1,0.5,0.0,528,0,480,237,233,21,89,0,0,3.0,94,12.0,40,0.0,0
1791222564,4.0,3.0,6.1,5.1,0.8,0.0,528,0,480,237,233,18,92,0,0,3.0,94,7.0,40,0.0,0
1791222565,4.0,3.1,8.1,6.1,0.5,0.0,529,0,680,237,234,20,94,0,0,5.0,94,15.0,40,0.0,0
1791222566,2.0,4.0,7.1,5.1,0.5,0.0,529,0,532,238,234,20,96,0,0,4.0,94,9.0,40,0.0,0
1791222567,3.1,2.0,5.1,3.0,0.8,0.0,529,0,560,236,232,22,74,0,0,3.0,94,10.0,40,0.0,0
1791222568,7.0,2.1,6.1,4.0,0.5,0.0,529,0,576,236,232,22,76,0,0,3.0,94,10.0,40,0.0,0
1791222569,4.0,3.0,3.1,2.1,1.0,0.0,528,0,572,234,233,22,78,0,0,4.0,94,9.0,40,0.0,0
1791222570,8.0,2.0,6.1,4.1,0.5,0.0,528,0,732,238,233,22,80,0,0,3.0,94,12.0,40,0.0,0
1791222571,5.2,3.0,4.0,4.0,0.5,0.0,528,0,672,237,234,22,82,0,0,4.0,94,10.0,40,0.0,0
1791222572,8.1,0.0,3.1,5.0,1.0,0.0,527,0,552,236,233,20,84,0,0,3.0,94,12.0,40,0.0,0
1791222573,6.0,4.1,5.1,5.1,0.5,0.0,527,0,552,236,232,18,86,0,0,3.0,94,11.0,40,0.0,0
1791222574,4.9,3.0,7.1,3.1,0.8,0.0,527,0,528,236,233,20,88,0,0,4.0,94,9.0,40,0.0,0
1791222575,3.0,2.0,3.1,7.1,0.8,0.0,526,0,628,237,234,22,89,0,0,4.0,94,12.0,40,0.0,0
1791222576,3.0,4.1,2.1,7.1,0.5,0.0,526,0,652,237,234,22,91,0,0,3.0,94,10.0,40,0.0,0
1791222577,4.0,5.9,3.1,3.1,0.5,0.0,526,0,556,236,232,22,93,0,0,2.0,94,10.0,40,0.0,0
1791222578,5.1,6.2,2.1,5.0,0.8,0.0,526,0,552,236,233,22,95,0,0,4.0,94,12.0,40,0.0,0
1791222579,5.1,5.0,4.1,3.1,0.8,0.0,525,0,576,236,232,22,97,0,0,4.0,94,10.0,40,0.0,0
1791222580,6.1,6.1,3.1,3.0,0.8,0.0,525,0,644,236,231,22,98,0,0,4.0,94,10.0,40,0.0,0
1791222581,5.9,5.0,4.0,3.1,0.8,0.0,525,0,656,235,233,22,100,0,0,3.0,94,12.0,40,0.0,0
1791222582,4.0,3.0,3.1,8.1,0.8,0.0,524,0,592,237,233,20,102,0,0,4.0,94,10.0,40,0.0,0
1791222583,2.0,4.1,7.1,4.1,0.8,0.0,524,0,572,238,233,22,102,0,0,4.0,94,12.0,40,0.0,0
1791222584,3.1,6.0,5.1,4.0,0.3,0.0,524,0,576,237,233,22,104,0,0,3.0,94,10.0,40,0.0,0
1791222585,4.0,4.0,5.1,4.0,0.8,0.0,523,0,676,236,232,22,106,0,0,2.0,94,10.0,40,0.0,0
1791222586,2.0,8.0,5.1,3.0,1.0,0.0,523,0,612,236,232,22,108,0,0,4.0,94,10.0,40,0.0,0
1791222587,3.0,6.1,6.2,2.0,0.5,0.0,523,0,684,236,232,22,111,0,0,4.0,94,10.0,40,0.0,0
1791222588,0.0,7.1,5.2,4.0,0.3,0.0,522,0,632,236,233,20,113,0,0,2.0,94,11.0,40,0.0,0
1791222589,2.0,6.0,2.0,8.2,0.8,0.0,522,0,572,236,232,20,112,0,0,4.0,94,10.0,40,0.0,0
1791222590,8.0,2.0,5.2,5.0,0.8,0.0,522,0,684,236,232,20,114,0,0,3.0,94,12.0,40,0.0,0
1791222591,7.9,3.0,6.1,3.0,0.8,0.0,521,0,584,237,232,22,115,0,0,4.0,94,10.0,40,0.0,0
1791222592,4.1,3.0,5.1,2.0,1.0,0.0,521,0,1016,236,231,22,117,0,0,3.0,94,12.0,40,0.0,0
1791222593,7.8,5.0,7.2,0.0,0.5,0.0,521,0,692,236,232,20,118,0,0,4.0,94,10.0,40,0.0,0
1791222594,4.1,5.0,6.1,3.1,0.5,0.0,520,0,580,236,232,20,121,0,0,4.0,94,11.0,40,0.0,0
1791222595,5.0,4.0,6.1,5.9,1.0,0.0,522,0,648,237,234,20,121,0,0,3.0,94,12.0,40,0.0,0
1791222596,5.1,4.1,2.1,1.0,0.5,0.0,522,0,748,235,232,22,120,0,0,3.0,94,8.0,40,0.0,0
1791222597,8.9,5.9,2.0,3.0,0.7,0.0,522,0,612,239,233,22,122,0,0,4.0,94,9.0,40,0.0,0
1791222598,8.1,4.1,2.1,0.0,0.5,0.0,521,0,716,236,232,22,123,0,0,2.0,94,12.0,40,0.0,0
1791222599,4.0,3.0,4.0,6.1,1.0,0.0,521,0,644,236,233,22,125,0,0,4.0,94,10.0,40,0.0,0
1791222600,7.0,5.0,5.1,6.1,0.5,0.0,520,0,688,235,233,20,121,0,0,4.0,94,9.0,40,0.0,0
1791222601,33.3,39.6,35.4,33.7,0.5,0.0,512,0,796,237,233,22,122,0,0,2.0,94,11.0,40,0.0,0
1791222602,35.6,35.0,39.4,37.1,0.5,0.0,515,0,668,238,232,22,123,0,0,4.0,94,10.0,40,0.0,0
1791222603,32.7,29.5,43.8,40.2,0.8,0.0,520,0,776,235,233,22,124,0,0,4.0,94,13.0,40,0.0,0
1791222604,34.0,34.3,44.3,32.3,0.3,0.0,537,0,652,236,233,22,118,0,0,4.0,94,11.0,40,0.0,0
1791222605,32.7,32.3,45.4,30.5,0.8,0.0,538,0,624,237,232,22,119,0,0,3.0,94,10.0,40,0.0,0
1791222606,35.0,34.3,40.4,29.9,0.5,0.0,533,0,664,238,232,20,118,0,0,3.0,94,7.0,40,0.0,0
1791222607,40.4,37.8,34.7,32.7,0.8,0.0,554,0,628,236,233,20,119,0,0,2.0,94,12.0,40,0.0,0
1791222608,31.7,39.6,34.7,32.3,0.5,0.0,563,0,672,236,231,22,117,0,0,4.0,94,8.0,40,0.0,0
1791222609,32.7,24.5,33.3,28.6,7.4,0.0,584,0,83888,235,232,23,117,0,0,3.0,94,11.0,40,0.0,0
1791222610,5.1,5.2,2.1,4.0,14.3,0.0,583,0,82208,237,232,22,119,0,0,3.0,94,8.0,40,0.0,0
1791222611,7.9,3.0,3.1,2.0,0.8,0.0,583,0,716,234,231,22,121,0,0,3.0,94,11.0,40,0.0,0
1791222612,4.0,5.0,5.2,2.0,0.3,0.0,583,0,600,237,233,20,117,0,0,4.0,94,10.0,40,0.0,0
1791222613,5.0,8.1,5.0,2.0,0.8,0.0,583,0,652,238,232,22,119,0,0,3.0,94,10.0,40,0.0,0
1791222614,5.0,7.1,6.1,0.0,0.8,0.0,583,0,620,234,232,22,121,0,0,4.0,94,12.0,40,0.0,0
1791222615,3.0,4.1,6.2,4.0,0.5,0.0,582,0,676,237,233,22,123,0,0,4.0,94,9.0,40,0.0,0
1791222616,4.0,6.1,3.1,3.0,0.8,0.0,582,0,760,236,232,22,117,0,0,3.0,94,12.0,40,0.0,0
1791222617,5.9,7.2,5.1,0.0,0.5,0.0,582,0,612,235,232,22,119,0,0,4.0,94,10.0,40,0.0,0
1791222618,3.0,4.1,5.1,4.0,0.8,0.0,582,0,596,238,232,22,121,0,0,3.0,94,11.0,40,0.0,0
1791222619,4.0,9.2,1.0,2.0,0.5,0.0,583,0,600,234,231,22,123,0,0,4.0,95,9.0,40,0.0,0
1791222620,3.0,6.1,4.1,2.0,1.0,0.0,583,0,1176,238,232,22,119,0,0,4.0,95,9.0,40,0.0,0
1791222621,4.0,5.1,3.1,5.0,0.8,0.0,583,0,732,237,232,22,121,0,0,2.0,95,10.0,40,0.0,0
1791222622,3.0,6.1,5.1,2.0,0.5,0.0,584,0,640,236,232,22,123,0,0,4.0,95,11.0,40,0.0,0
1791222623,3.0,6.1,4.1,4.0,0.8,0.0,584,0,628,236,232,22,125,0,0,4.0,95,10.0,40,0.0,0
1791222624,2.0,3.0,7.1,6.1,0.8,0.0,585,0,876,235,232,22,120,0,0,3.0,95,9.0,40,0.0,0
1791222625,2.0,9.0,5.1,3.1,0.3,0.0,586,0,716,236,232,22,122,0,0,4.0,95,14.0,40,0.0,0
1791222626,5.0,3.1,5.1,2.1,0.8,0.0,586,0,708,236,234,20,125,0,0,5.0,95,9.0,40,0.0,0
1791222627,7.1,5.1,2.1,3.0,0.5,0.0,587,0,624,234,232,20,127,0,0,3.0,95,10.0,40,0.0,0
1791222628,2.0,5.1,4.1,4.0,1.0,0.0,587,0,636,238,233,20,130,0,0,3.0,95,11.0,40,0.0,0
1791222629,5.9,10.1,1.0,2.0,0.5,0.0,588,0,600,237,234,22,126,0,0,5.0,95,12.0,40,0.0,0
1791222630,4.0,7.1,2.0,6.0,0.5,0.0,590,0,724,236,232,20,129,0,0,3.0,95,11.0,40,0.0,0
1791222631,5.0,6.9,5.1,5.0,1.0,0.0,594,0,976,237,233,22,131,0,0,3.0,95,11.0,40,0.0,0
1791222632,4.0,17.3,5.0,3.0,0.8,0.0,608,460,1124,236,232,20,134,0,0,5.0,95,10.0,40,0.0,0
1791222633,10.1,7.0,3.1,5.1,0.5,0.0,609,0,624,236,232,22,125,0,0,9.0,95,10.0,40,0.0,0
1791222634,3.0,8.2,4.1,2.0,0.8,0.0,609,0,620,237,233,20,128,0,0,4.0,95,11.0,40,0.0,0
1791222635,6.0,7.1,4.1,3.0,0.3,0.0,609,0,676,237,232,20,129,0,0,7.0,96,11.0,40,0.0,0
1791222636,6.9,6.0,1.0,4.0,1.0,0.0,609,0,740,237,234,22,131,0,0,3.0,96,12.0,40,0.0,0
1791222637,5.1,3.0,3.1,6.1,0.3,0.0,609,0,748,236,232,22,126,0,0,5.0,96,8.0,40,0.0,0
1791222638,6.0,8.0,3.0,3.0,1.0,0.0,610,0,692,236,233,20,128,0,0,3.0,96,11.0,40,0.0,0
1791222639,5.1,3.1,2.1,3.0,0.5,0.0,610,0,664,236,232,22,130,0,0,3.0,96,11.0,40,0.0,0
1791222640,6.1,6.2,4.1,0.0,0.5,0.0,610,0,692,236,232,22,132,0,0,3.0,96,11.0,40,0.0,0
1791222641,3.0,7.1,6.1,4.0,0.5,0.0,611,0,684,236,233,22,129,0,0,4.0,96,10.0,40,0.0,0
1791222642,4.0,6.0,5.2,0.0,0.8,0.0,612,0,716,236,232,22,130,0,0,3.0,96,10.0,40,0.0,0
1791222643,3.0,5.1,5.1,4.0,0.3,0.0,612,0,712,236,232,22,132,0,0,4.0,96,11.0,40,0.0,0
1791222644,6.0,4.0,3.1,3.0,1.0,0.0,613,0,672,236,232,22,134,0,0,2.0,96,11.0,40,0.0,0
1791222645,4.0,6.2,3.0,6.0,0.3,0.0,614,0,636,236,232,22,129,0,0,3.0,96,12.0,40,0.0,0
1791222646,3.0,6.2,2.0,7.0,1.0,0.0,615,0,1200,236,233,22,131,0,0,4.0,96,10.0,40,0.0,0
1791222647,2.0,9.0,2.1,5.1,0.8,0.0,616,0,920,236,232,22,133,0,0,5.0,96,10.0,40,0.0,0
1791222648,3.0,6.1,0.0,6.1,0.5,0.0,616,0,700,237,233,22,135,0,0,3.0,96,12.0,40,0.0,0
1791222649,2.0,6.2,6.0,3.0,0.8,0.0,616,0,672,236,232,22,129,0,0,2.0,96,9.0,40,0.0,0
1791222650,5.0,7.1,3.1,3.0,0.8,0.0,549,0,668,236,232,20,132,0,0,3.0,96,10.0,40,0.0,0
1791222651,2.0,5.1,4.1,5.2,0.8,0.0,547,0,660,236,233,20,134,0,0,3.0,96,12.0,40,0.0,0
1791222652,3.0,4.1,6.1,5.0,0.5,0.0,547,0,780,237,233,20,136,0,0,4.0,96,10.0,40,0.0,0
1791222653,3.0,5.9,6.1,3.1,0.8,0.0,546,0,764,235,232,19,132,0,0,3.0,96,11.0,40,0.0,0
1791222654,3.0,8.1,7.0,0.0,0.5,0.0,545,0,684,235,232,19,134,0,0,3.0,96,9.0,40,0.0,0
1791222655,4.0,4.0,7.1,3.0,1.0,0.0,545,0,676,235,232,19,136,0,0,3.0,96,11.0,40,0.0,0
1791222656,4.0,5.1,3.1,5.1,0.5,0.0,545,0,664,236,232,21,138,0,0,3.0,96,10.0,40,0.0,0
1791222657,5.9,4.1,4.1,2.0,0.5,0.0,544,0,784,236,231,22,131,0,0,4.0,96,12.0,40,0.0,0
1791222658,1.0,5.9,3.1,7.0,0.8,0.0,544,0,708,236,233,22,133,0,0,2.0,96,9.0,40,0.0,0
1791222659,1.0,7.1,4.1,5.1,0.5,0.0,544,0,716,237,234,21,135,0,0,4.0,96,10.0,40,0.0,0
1791222660,2.0,6.2,3.1,5.1,1.0,0.0,544,0,704,236,233,22,136,0,0,3.0,96,13.0,40,0.0,0
1791222661,5.0,3.1,4.1,5.1,0.8,0.0,543,0,952,238,234,21,130,0,0,3.0,96,10.0,40,0.0,0
1791222662,4.0,5.9,6.0,6.1,0.2,0.0,542,0,792,236,232,22,132,0,0,3.0,96,9.0,40,0.0,0
1791222663,7.9,3.0,4.1,4.1,0.5,0.0,542,0,672,237,234,19,135,0,0,4.0,96,12.0,40,0.0,0
1791222664,8.1,2.0,3.1,3.0,0.5,0.0,542,0,768,237,232,22,136,0,0,3.0,96,11.0,40,0.0,0
1791222665,5.1,3.0,4.1,3.0,1.0,0.0,541,0,712,237,233,22,129,0,0,3.0,96,11.0,40,0.0,0
1791222666,3.1,4.0,3.0,5.1,0.5,0.0,541,0,804,237,233,22,131,0,0,4.0,96,9.0,40,0.0,0
1791222667,8.9,3.0,3.1,2.1,0.3,0.0,541,0,792,236,234,21,133,0,0,2.0,96,10.0,40,0.0,0
1791222668,1.0,5.1,4.0,6.0,0.8,0.0,541,0,756,236,232,22,134,0,0,4.0,96,12.0,40,0.0,0
1791222669,2.0,7.1,4.1,3.0,1.0,0.0,540,0,1284,237,233,21,127,0,0,2.0,96,9.0,40,0.0,0
1791222670,4.0,6.9,5.0,3.1,0.8,0.0,540,0,764,236,233,21,129,0,0,4.0,96,9.0,40,0.0,0
1791222671,4.0,5.0,6.1,6.0,0.5,0.0,540,0,804,236,233,21,130,0,0,2.0,96,14.0,40,0.0,0
1791222672,3.0,3.1,6.1,5.1,0.5,0.0,539,0,808,236,232,21,132,0,0,4.0,96,10.0,40,0.0,0
1791222673,3.1,4.0,6.1,5.1,0.5,0.0,539,0,720,236,232,19,134,0,0,3.0,96,9.0,40,0.0,0
1791222674,4.0,8.1,2.1,5.0,0.5,0.0,539,0,740,236,233,20,125,0,0,3.0,96,12.0,40,0.0,0
1791222675,4.0,7.9,5.1,3.1,0.5,0.0,539,0,752,237,233,21,128,0,0,3.0,96,8.0,40,0.0,0
1791222676,3.0,4.1,2.0,6.0,1.0,0.0,538,0,744,237,233,21,129,0,0,2.0,96,13.0,40,0.0,0
1791222677,5.0,6.0,2.1,6.1,0.3,0.0,538,0,712,236,233,21,129,0,0,4.0,96,10.0,40,0.0,0
1791222678,2.0,6.1,5.1,4.0,0.3,0.0,538,0,680,237,233,21,123,0,0,3.0,96,10.0,40,0.0,0
1791222679,2.0,6.2,5.1,1.0,0.8,0.0,538,0,672,237,233,17,126,0,0,3.0,96,10.0,40,0.0,0
1791222680,4.0,6.0,4.1,2.0,0.8,0.0,537,0,672,237,233,19,128,0,0,3.0,96,10.0,40,0.0,0
1791222681,2.0,7.0,5.1,5.1,0.3,0.0,537,0,756,236,233,21,130,0,0,3.0,96,9.0,40,0.0,0
1791222682,5.1,4.0,5.1,3.0,0.8,0.0,537,0,732,237,232,21,125,0,0,3.0,96,8.0,40,0.0,0
1791222683,9.0,3.0,5.2,1.0,0.5,0.0,537,0,788,237,232,21,127,0,0,4.0,96,13.0,40,0.0,0
1791222684,5.0,2.0,6.2,2.0,0.8,0.0,537,0,772,237,233,19,130,0,0,2.0,96,9.0,40,0.0,0
1791222685,4.1,2.0,9.1,6.0,0.3,0.0,537,0,728,236,233,21,132,0,0,3.0,96,10.0,40,0.0,0
1791222686,3.0,4.0,4.0,6.1,0.8,0.0,536,0,716,237,234,19,127,0,0,4.0,96,12.0,40,0.0,0
1791222687,2.0,7.0,2.0,6.0,0.8,0.0,536,0,848,236,233,21,129,0,0,3.0,96,11.0,40,0.0,0
1791222688,6.9,4.1,3.0,4.0,0.5,0.0,536,0,720,237,233,21,131,0,0,3.0,96,10.0,40,0.0,0
1791222689,2.0,3.9,3.1,10.0,0.8,0.0,535,0,756,236,234,21,133,0,0,4.0,96,9.0,40,0.0,0
1791222690,4.0,5.1,5.0,4.0,0.8,0.0,535,0,732,236,233,21,125,0,0,3.0,96,10.0,40,0.0,0
1791222691,6.0,6.0,4.1,6.1,1.3,0.0,535,0,1592,237,233,19,126,0,0,2.0,96,9.0,40,0.0,0
1791222692,6.0,3.0,0.0,5.2,0.5,0.0,534,0,760,236,233,21,128,0,0,4.0,96,12.0,40,0.0,0
1791222693,3.0,2.0,5.2,7.0,0.8,0.0,534,0,764,237,233,21,130,0,0,3.0,96,11.0,40,0.0,0
1791222694,6.1,5.0,5.1,3.1,0.3,0.0,534,0,708,236,232,21,125,0,0,2.0,96,11.0,40,0.0,0
1791222695,4.1,2.0,6.1,5.9,0.8,0.0,534,0,792,236,232,21,127,0,0,4.0,96,10.0,40,0.0,0
1791222696,5.0,4.0,4.1,5.1,0.8,0.0,534,0,744,237,232,21,129,0,0,4.0,96,12.0,40,0.0,0
1791222697,4.0,10.0,0.0,3.1,0.8,0.0,533,0,816,236,232,21,131,0,0,2.0,96,10.0,40,0.0,0
1791222698,4.0,7.1,3.1,2.0,0.3,0.0,533,0,784,236,232,21,124,0,0,4.0,96,10.0,40,0.0,0
1791222699,3.0,7.0,5.1,2.0,1.0,0.0,533,0,712,236,232,19,127,0,0,2.0,96,10.0,40,0.0,0
1791222700,4.0,8.2,1.0,4.0,0.5,0.0,532,0,760,236,232,21,129,0,0,4.0,96,12.0,40,0.0,0
1791222701,4.0,10.0,1.0,3.0,0.3,0.0,532,0,840,236,232,21,131,0,0,2.0,96,10.0,40,0.0,0
1791222702,2.0,7.0,4.1,3.0,0.8,0.0,532,0,816,235,232,21,126,0,0,4.0,96,10.0,40,0.0,0
1791222703,5.0,4.0,8.1,4.0,0.5,0.0,531,0,768,236,233,21,128,0,0,2.0,96,12.0,40,0.0,0
1791222704,1.0,3.0,8.2,6.0,0.5,0.0,531,0,732,236,233,21,130,0,0,4.0,96,10.0,40,0.0,0
1791222705,4.0,3.0,8.1,3.1,0.8,0.0,531,0,708,237,233,21,132,0,0,3.0,96,11.0,40,0.0,0
1791222706,3.1,6.9,3.1,3.0,0.5,0.0,530,0,748,236,232,21,125,0,0,3.0,96,11.0,40,0.0,0
1791222707,3.0,5.1,4.1,4.1,0.8,0.0,530,0,788,236,232,19,128,0,0,2.0,96,11.0,40,0.0,0
1791222708,3.0,6.1,5.1,4.1,0.3,0.0,530,0,820,236,233,21,130,0,0,4.0,96,10.0,40,0.0,0
1791222709,5.2,5.0,1.0,7.0,1.0,0.0,530,0,756,237,233,21,132,0,0,3.0,96,12.0,40,0.0,0
1791222710,5.0,4.0,4.1,6.1,0.8,0.0,530,0,708,237,233,21,124,0,0,4.0,96,10.0,40,0.0,0
1791222711,4.0,5.1,3.1,3.1,0.5,0.0,530,0,716,236,233,21,126,0,0,3.0,96,10.0,40,0.0,0
1791222712,6.0,7.1,2.0,6.1,0.8,0.0,530,0,1324,236,233,19,128,0,0,3.0,96,12.0,40,0.0,0
1791222713,3.0,3.1,5.1,4.0,1.0,0.0,529,0,844,236,232,21,130,0,0,3.0,96,11.0,40,0.0,0
1791222714,8.0,7.0,4.2,2.0,0.5,0.0,529,0,784,236,234,19,133,0,0,4.0,96,11.0,40,0.0,0
1791222715,6.0,4.0,6.1,3.0,0.5,0.0,530,0,696,237,232,19,127,0,0,2.0,96,11.0,40,0.0,0
1791222716,4.1,3.0,8.2,2.0,0.5,0.0,529,0,752,235,231,21,129,0,0,3.0,96,10.0,40,0.0,0
1791222717,5.1,3.0,5.1,4.0,1.0,0.0,529,0,768,236,232,21,131,0,0,3.0,96,8.0,40,0.0,0
1791222718,9.0,2.0,3.1,7.1,0.5,0.0,529,0,772,237,233,21,131,0,0,4.0,96,14.0,40,0.0,0
1791222719,2.0,5.0,1.0,10.0,0.5,0.0,529,0,836,237,234,21,124,0,0,3.0,96,10.0,40,0.0,0
1791222720,3.0,4.0,3.0,6.2,1.0,0.0,529,0,772,236,233,21,125,0,0,3.0,96,10.0,40,0.0,0
1791222721,5.0,3.1,5.1,9.9,0.8,0.0,528,0,1248,236,233,21,128,0,0,3.0,96,12.0,40,0.0,0
1791222722,5.0,4.0,7.1,2.0,0.8,0.0,528,0,644,237,233,21,130,0,0,3.0,96,9.0,40,0.0,0
1791222723,7.1,0.0,7.1,3.0,0.5,0.0,528,0,872,236,233,21,124,0,0,3.0,96,12.0,40,0.0,0
1791222724,6.9,3.0,2.1,4.1,1.0,0.0,528,0,840,236,232,21,124,0,0,4.0,96,10.0,40,0.0,0
1791222725,7.0,5.0,3.0,6.0,0.5,0.0,527,0,716,236,233,21,125,0,0,2.0,96,11.0,40,0.0,0
1791222726,5.1,2.0,2.1,6.1,0.5,0.0,527,0,704,236,233,21,124,0,0,3.0,96,9.0,40,0.0,0
1791222727,8.1,2.0,6.0,3.0,0.8,0.0,527,0,748,235,232,21,116,0,0,4.0,96,11.0,40,0.0,0
1791222728,5.9,3.0,2.1,4.1,0.5,0.0,527,0,748,235,232,21,117,0,0,3.0,96,10.0,40,0.0,0
1791222729,3.1,4.0,6.1,4.1,0.5,0.0,526,0,716,237,232,19,119,0,0,2.0,96,11.0,40,0.0,0
1791222730,5.1,2.0,4.0,5.0,0.8,0.0,526,0,800,237,233,21,121,0,0,3.0,96,11.0,40,0.0,0
1791222731,5.0,1.0,8.2,4.1,0.5,0.0,526,0,764,236,232,21,118,0,0,3.0,96,11.0,40,0.0,0
1791222732,1.0,3.0,4.1,10.0,0.8,0.0,525,0,816,237,233,21,120,0,0,3.0,96,10.0,40,0.0,0
1791222733,4.1,1.0,4.1,7.0,1.0,0.0,525,0,1420,236,232,22,122,0,0,3.0,96,11.0,40,0.0,0
1791222734,5.1,2.0,7.1,4.1,0.3,0.0,525,0,704,237,234,19,125,0,0,3.0,96,10.0,40,0.0,0
1791222735,4.9,4.0,5.1,5.1,1.0,0.0,525,0,816,236,233,19,119,0,0,4.0,96,10.0,40,0.0,0
1791222736,4.0,2.0,5.1,6.2,0.3,0.0,524,0,756,236,233,21,120,0,0,3.0,96,11.0,40,0.0,0
1791222737,4.1,2.0,4.1,4.0,0.8,0.0,524,0,764,236,232,19,123,0,0,3.0,96,10.0,40,0.0,0
1791222738,6.0,1.0,5.1,5.1,1.0,0.0,524,0,808,236,232,21,125,0,0,3.0,96,10.0,40,0.0,0
1791222739,4.0,2.0,5.1,6.1,0.3,0.0,524,0,912,236,233,21,117,0,0,3.0,96,12.0,40,0.0,0
1791222740,5.1,2.0,3.1,8.0,0.8,0.0,524,0,756,236,233,21,119,0,0,3.0,96,10.0,40,0.0,0
1791222741,7.1,4.0,2.0,6.2,0.5,0.0,524,0,720,236,233,21,122,0,0,3.0,96,14.0,40,0.0,0
1791222742,3.0,2.0,6.2,4.0,0.8,0.0,523,0,748,237,233,21,124,0,0,3.0,96,8.0,40,0.0,0
1791222743,8.2,4.9,4.1,3.0,0.8,0.0,523,0,760,236,231,22,118,0,0,3.0,96,12.0,40,0.0,0
1791222744,7.9,4.1,1.0,7.0,0.5,0.0,523,0,792,237,234,19,121,0,0,4.0,96,11.0,40,0.0,0
1791222745,3.0,4.0,5.1,8.2,0.5,0.0,523,0,696,237,232,19,123,0,0,3.0,96,10.0,40,0.0,0
1791222746,4.0,7.1,5.1,5.0,0.8,0.0,523,0,740,236,232,20,124,0,0,3.0,96,12.0,40,0.0,0
1791222747,4.0,4.0,5.2,6.1,0.8,0.0,522,0,704,236,234,17,120,0,0,4.0,96,14.0,40,0.0,0
1791222748,5.0,4.0,8.2,9.0,1.8,0.0,511,0,832,237,233,19,122,0,0,5.0,94,10.0,40,0.0,0
1791222749,2.1,4.1,5.0,5.1,0.5,0.0,511,0,828,237,233,21,125,0,0,5.0,94,10.0,40,0.0,0
1791222750,5.0,2.0,7.2,4.1,1.0,0.0,511,0,692,236,233,21,126,0,0,5.0,95,10.0,40,0.0,0
1791222751,6.0,5.0,8.0,5.0,0.8,0.0,512,0,956,237,232,22,121,0,0,5.0,95,8.0,40,0.0,0
1791222752,6.0,1.0,1.0,9.1,0.8,0.0,512,0,688,237,234,21,123,0,0,5.0,95,12.0,40,0.0,0
1791222753,4.0,7.0,1.0,6.0,0.5,0.0,512,0,872,237,233,22,122,0,0,4.0,95,9.0,40,0.0,0
1791222754,6.0,5.2,4.0,5.0,0.8,0.0,512,0,1512,236,233,21,123,0,0,4.0,95,12.0,40,0.0,0
1791222755,6.0,6.9,3.1,3.1,0.8,0.0,511,0,760,237,232,21,124,0,0,4.0,95,9.0,40,0.0,0
1791222756,7.9,8.0,3.1,3.1,0.5,0.0,511,0,740,236,232,21,115,0,0,7.0,95,10.0,40,0.0,0
1791222757,4.0,6.0,2.1,6.0,0.5,0.0,511,0,752,236,232,21,114,0,0,5.0,95,9.0,40,0.0,0
1791222758,3.0,5.0,4.0,5.1,0.8,0.0,510,0,792,236,233,19,117,0,0,2.0,95,11.0,40,0.0,0
1791222759,6.9,3.0,4.1,6.1,0.8,0.0,510,0,796,235,232,21,118,0,0,4.0,95,11.0,40,0.0,0
1791222760,5.1,6.0,3.1,7.0,0.5,0.0,510,0,700,235,232,21,110,0,0,3.0,95,10.0,40,0.0,0
1791222761,6.0,7.1,3.1,2.0,0.5,0.0,510,0,700,235,231,22,112,0,0,3.0,95,11.0,40,0.0,0
1791222762,6.0,5.0,5.1,2.0,0.5,0.0,510,0,812,236,232,21,114,0,0,4.0,95,9.0,40,0.0,0
1791222763,4.0,6.1,3.1,3.0,0.8,0.0,510,0,812,237,232,21,116,0,0,3.0,95,10.0,40,0.0,0
1791222764,4.0,8.1,6.1,2.0,0.3,0.0,510,0,848,236,232,21,114,0,0,4.0,95,11.0,40,0.0,0
1791222765,6.1,4.0,5.1,1.0,0.8,0.0,510,0,796,236,233,21,115,0,0,3.0,95,10.0,40,0.0,0
1791222766,4.0,5.1,3.1,4.0,0.8,0.0,509,0,788,236,232,21,117,0,0,3.0,95,11.0,40,0.0,0
1791222767,5.0,5.1,2.0,6.9,0.5,0.0,509,0,760,236,233,20,120,0,0,4.0,95,10.0,40,0.0,0
1791222768,4.0,6.0,4.0,5.1,0.5,0.0,509,0,700,237,233,19,115,0,0,3.0,95,8.0,40,0.0,0
1791222769,3.1,5.1,6.1,2.0,0.8,0.0,509,0,792,236,232,20,117,0,0,4.0,95,13.0,40,0.0,0
1791222770,5.0,7.1,5.0,4.0,0.5,0.0,509,0,744,236,231,20,119,0,0,3.0,95,9.0,40,0.0,0
1791222771,4.0,5.0,5.2,7.0,0.8,0.0,509,0,676,235,232,20,120,0,0,4.0,95,12.0,40,0.0,0
1791222772,2.0,1.0,3.1,9.1,0.8,0.0,509,0,804,237,234,19,113,0,0,4.0,95,11.0,40,0.0,0
1791222773,5.0,3.0,6.1,7.1,0.8,0.0,508,0,748,237,233,20,115,0,0,2.0,95,12.0,40,0.0,0
1791222774,5.9,0.0,6.1,9.1,0.5,0.0,508,0,784,237,234,19,117,0,0,4.0,95,10.0,40,0.0,0
1791222775,7.9,4.0,4.2,3.0,1.0,0.0,508,0,1488,237,232,21,119,0,0,3.0,95,10.0,40,0.0,0
1791222776,3.1,2.0,8.0,3.1,0.3,0.0,508,0,744,237,232,21,117,0,0,4.0,95,10.0,40,0.0,0
1791222777,4.0,3.0,4.0,8.0,1.0,0.0,508,0,772,236,234,21,118,0,0,3.0,95,9.0,40,0.0,0
1791222778,7.0,1.0,6.2,5.0,0.8,0.0,507,0,788,236,232,21,119,0,0,3.0,95,12.0,40,0.0,0
1791222779,5.1,1.0,9.1,3.0,0.5,0.0,507,0,748,236,232,21,120,0,0,3.0,95,9.0,40,0.0,0
1791222780,6.0,1.0,6.1,8.1,0.5,0.0,507,0,896,236,233,21,119,0,0,4.0,95,12.0,40,0.0,0
1791222781,10.0,5.0,6.2,5.2,0.8,0.0,507,0,1072,237,233,21,121,0,0,3.0,95,11.0,40,0.0,0
1791222782,8.0,2.0,1.0,6.0,1.0,0.0,507,0,756,236,233,22,123,0,0,4.0,95,13.0,40,0.0,0
1791222783,4.0,4.0,2.1,8.1,0.3,0.0,507,0,736,237,234,21,125,0,0,4.0,95,9.0,40,0.0,0
1791222784,2.0,3.0,4.1,5.1,0.5,0.0,507,0,760,236,233,19,122,0,0,3.0,95,12.0,40,0.0,0
1791222785,4.0,3.0,6.0,7.1,0.8,0.0,506,0,816,237,234,21,122,0,0,3.0,95,9.0,40,0.0,0
1791222786,3.0,3.0,2.1,8.1,0.5,0.0,506,0,820,236,233,21,122,0,0,3.0,95,10.0,40,0.0,0
1791222787,4.0,2.0,5.1,7.9,0.8,0.0,506,0,776,236,233,21,123,0,0,3.0,95,10.0,40,0.0,0
1791222788,4.0,4.0,6.1,3.1,0.5,0.0,506,0,752,236,232,19,121,0,0,4.0,95,11.0,40,0.0,0
1791222789,2.0,2.0,6.1,6.1,0.8,0.0,505,0,728,237,233,21,122,0,0,3.0,95,10.0,40,0.0,0
1791222790,4.0,5.0,4.2,4.0,0.5,0.0,505,0,800,235,232,19,125,0,0,3.0,95,10.0,40,0.0,0
1791222791,3.0,2.0,4.0,8.1,0.5,0.0,505,0,772,236,233,23,127,0,0,2.0,95,11.0,40,0.0,0
1791222792,3.0,3.0,5.1,4.1,0.5,0.0,505,0,728,236,233,23,121,0,0,3.0,95,11.0,40,0.0,0
1791222793,5.9,4.0,4.1,3.0,0.8,0.0,504,0,924,236,233,23,123,0,0,4.0,95,9.0,40,0.0,0
1791222794,4.0,4.0,3.1,7.1,0.8,0.0,504,0,712,236,233,23,125,0,0,3.0,95,10.0,40,0.0,0
1791222795,3.0,4.0,8.2,3.1,0.5,0.0,504,0,1512,236,233,21,128,0,0,3.0,95,12.0,40,0.0,0
1791222796,3.0,2.0,10.2,3.9,1.2,0.0,503,0,884,236,232,21,119,0,0,4.0,95,11.0,40,0.0,0
1791222797,4.0,4.0,5.2,5.2,0.5,0.0,503,0,740,236,233,21,121,0,0,3.0,95,10.0,40,0.0,0
1791222798,4.0,2.0,4.1,6.0,0.8,0.0,503,0,764,237,234,19,124,0,0,4.0,95,10.0,40,0.0,0
1791222799,2.0,4.0,8.2,3.1,0.3,0.0,502,0,772,236,233,19,126,0,0,2.0,95,10.0,40,0.0,0
1791222800,5.0,4.0,2.0,6.1,0.8,0.0,503,0,736,237,233,19,128,0,0,3.0,95,10.0,40,0.0,0
1791222801,6.0,4.1,4.1,5.1,0.5,0.0,502,0,732,236,233,19,121,0,0,4.0,95,11.0,40,0.0,0
1791222802,5.0,5.0,7.1,4.0,0.5,0.0,502,0,744,236,232,17,124,0,0,4.0,95,11.0,40,0.0,0
1791222803,2.0,4.0,6.1,4.0,1.0,0.0,502,0,780,237,233,19,124,0,0,3.0,95,11.0,40,0.0,0
1791222804,4.0,5.1,8.1,4.1,0.5,0.0,502,0,776,236,233,19,126,0,0,4.0,95,10.0,40,0.0,0
1791222805,5.1,3.0,8.2,3.0,0.8,0.0,502,0,840,236,232,19,119,0,0,3.0,95,13.0,40,0.0,0
1791222806,6.0,4.0,7.1,1.0,0.5,0.0,502,0,772,236,233,19,121,0,0,2.0,95,13.0,40,0.0,0
1791222807,7.0,2.0,4.1,5.0,1.0,0.0,501,0,760,236,232,21,122,0,0,4.0,95,11.0,40,0.0,0
1791222808,4.0,4.0,6.2,4.0,0.5,0.0,501,0,896,236,232,21,123,0,0,4.0,95,11.0,40,0.0,0
1791222809,4.0,3.0,7.1,3.0,0.8,0.0,501,0,744,236,233,21,117,0,0,2.0,95,9.0,40,0.0,0
1791222810,5.0,5.1,6.1,2.1,0.5,0.0,501,0,820,236,232,21,118,0,0,4.0,95,11.0,40,0.0,0
1791222811,8.0,5.0,3.1,5.0,1.3,0.0,501,0,1080,236,231,21,120,0,0,4.0,95,10.0,40,0.0,0
1791222812,4.0,4.0,4.1,6.0,0.8,0.0,501,0,856,236,233,21,121,0,0,3.0,95,11.0,40,0.0,0
1791222813,4.0,6.1,6.1,3.0,0.5,0.0,501,0,832,236,232,21,116,0,0,3.0,95,11.0,40,0.0,0
1791222814,4.0,4.0,7.2,2.0,0.8,0.0,502,0,1520,236,232,19,119,0,0,3.0,95,9.0,40,0.0,0
1791222815,6.9,3.0,4.0,4.0,0.8,0.0,501,0,732,236,232,21,121,0,0,3.0,95,10.0,40,0.0,0
1791222816,6.1,5.0,5.1,0.0,0.8,0.0,502,0,772,236,231,21,123,0,0,4.0,95,10.0,40,0.0,0
1791222817,4.0,3.0,7.0,4.1,0.5,0.0,501,0,736,235,232,19,119,0,0,3.0,95,10.0,40,0.0,0
1791222818,5.1,4.0,5.2,5.1,0.8,0.0,502,0,772,235,232,21,121,0,0,4.0,95,13.0,40,0.0,0
1791222819,4.0,4.0,8.1,5.9,0.8,0.0,501,0,776,236,232,21,123,0,0,3.0,95,13.0,40,0.0,0
1791222820,7.0,4.0,6.2,0.0,0.5,0.0,501,0,804,236,232,21,125,0,0,4.0,95,9.0,40,0.0,0
1791222821,6.9,3.0,5.1,5.0,0.5,0.0,500,0,808,236,233,21,117,0,0,3.0,95,12.0,40,0.0,0
1791222822,5.1,3.0,6.2,5.0,1.0,0.0,500,0,776,236,233,21,119,0,0,3.0,95,11.0,40,0.0,0
1791222823,7.1,4.0,3.0,6.0,0.5,0.0,500,0,744,236,233,19,121,0,0,3.0,95,10.0,40,0.0,0
1791222824,4.0,5.0,4.1,5.0,0.8,0.0,500,0,864,236,233,21,123,0,0,4.0,95,9.0,40,0.0,0
1791222825,6.9,11.1,4.1,1.0,0.8,0.0,500,0,836,236,231,19,123,0,0,4.0,95,14.0,40,0.0,0
1791222826,6.9,5.0,5.1,5.1,0.5,0.0,500,0,788,236,232,19,125,0,0,3.0,95,9.0,40,0.0,0
1791222827,3.0,3.0,7.1,5.0,0.8,0.0,500,0,776,237,233,19,127,0,0,3.0,95,11.0,40,0.0,0
1791222828,3.0,5.1,2.0,5.1,0.8,0.0,500,0,736,236,232,21,129,0,0,4.0,95,9.0,40,0.0,0
1791222829,4.0,6.1,1.0,6.2,0.3,0.0,499,0,800,236,233,21,122,0,0,2.0,95,11.0,40,0.0,0
1791222830,4.0,8.2,3.1,2.0,0.8,0.0,499,0,876,236,231,21,124,0,0,4.0,95,13.0,40,0.0,0
1791222831,2.0,3.0,7.1,5.0,1.0,0.0,499,0,760,236,232,21,125,0,0,4.0,95,8.0,40,0.0,0
1791222832,3.0,2.0,8.2,5.0,0.8,0.0,499,0,808,236,232,21,127,0,0,2.0,95,11.0,40,0.0,0
1791222833,4.0,5.9,5.2,3.1,0.3,0.0,500,0,760,235,231,19,123,0,0,4.0,95,10.0,40,0.0,0
1791222834,2.0,5.0,5.1,8.1,1.3,0.0,499,0,1520,236,233,21,125,0,0,4.0,95,12.0,40,0.0,0
1791222835,4.0,5.1,4.1,4.0,0.5,0.0,500,0,736,236,232,21,126,0,0,3.0,95,8.0,40,0.0,0
1791222836,4.0,4.1,3.1,7.0,0.5,0.0,500,0,840,235,231,21,128,0,0,4.0,95,13.0,40,0.0,0
1791222837,4.0,6.1,5.0,2.0,0.5,0.0,500,0,756,235,231,21,120,0,0,3.0,95,10.0,40,0.0,0
1791222838,6.0,5.0,4.1,5.0,1.3,0.0,500,0,840,236,232,21,122,0,0,5.0,96,9.0,40,0.0,0
1791222839,5.1,5.2,5.1,2.0,0.3,0.0,501,0,948,236,232,21,124,0,0,3.0,96,10.0,40,0.0,0
1791222840,1.0,8.0,3.1,2.0,0.8,0.0,500,0,756,235,231,21,125,0,0,2.0,96,8.0,40,0.0,0
1791222841,8.1,6.1,4.1,6.9,1.0,0.0,502,0,1268,236,233,19,127,0,0,4.0,96,13.0,40,0.0,0
1791222842,3.0,4.1,4.1,5.1,0.8,0.0,501,0,764,236,233,19,122,0,0,4.0,96,10.0,40,0.0,0
1791222843,7.0,5.9,3.1,4.0,0.5,0.0,501,0,732,236,233,19,126,0,0,3.0,96,10.0,40,0.0,0
1791222844,4.1,3.0,3.1,8.1,0.3,0.0,501,0,788,236,233,21,128,0,0,4.0,96,13.0,40,0.0,0
1791222845,4.9,3.0,5.2,7.1,1.0,0.0,501,0,716,235,231,21,128,0,0,5.0,96,9.0,40,0.0,0
1791222846,3.1,4.0,7.1,4.0,0.3,0.0,501,0,844,236,231,21,123,0,0,2.0,96,10.0,40,0.0,0
1791222847,5.0,3.0,8.2,3.0,0.3,0.0,501,0,848,236,232,19,126,0,0,5.0,96,12.0,40,0.0,0
1791222848,5.9,4.0,1.0,5.0,1.3,0.0,502,0,768,237,233,19,127,0,0,3.0,96,9.0,40,0.0,0
1791222849,6.1,3.0,0.0,7.1,0.3,0.0,501,0,792,236,233,19,129,0,0,2.0,96,12.0,40,0.0,0
1791222850,7.0,5.0,3.0,6.1,0.8,0.0,501,0,744,236,233,19,124,0,0,4.0,96,11.0,40,0.0,0
1791222851,5.1,4.0,2.1,8.0,0.8,0.0,501,0,828,236,233,19,126,0,0,4.0,96,11.0,40,0.0,0
1791222852,9.9,1.0,4.0,5.1,0.3,0.0,501,0,764,236,233,19,128,0,0,4.0,96,9.0,40,0.0,0
1791222853,9.0,5.0,3.1,5.1,1.0,0.0,502,0,920,236,232,21,130,0,0,4.0,96,12.0,40,0.0,0
1791222854,6.1,4.0,8.1,9.1,0.8,0.0,502,0,1564,236,233,21,125,0,0,12.0,95,11.0,40,0.0,0
1791222855,3.0,6.1,4.1,7.9,1.0,0.0,501,0,848,237,233,21,127,0,0,4.0,95,12.0,40,0.0,0
1791222856,6.1,5.0,3.1,4.1,0.3,0.0,502,0,1088,237,233,21,129,0,0,4.0,96,10.0,40,0.0,0
1791222857,8.0,5.0,3.0,5.0,1.0,0.0,501,0,800,237,232,21,131,0,0,5.0,96,10.0,40,0.0,0
1791222858,6.0,6.0,6.1,4.1,0.3,0.0,501,0,772,236,231,21,128,0,0,4.0,96,9.0,40,0.0,0
1791222859,5.1,4.0,5.1,5.0,0.8,0.0,501,0,800,236,232,21,130,0,0,5.0,96,12.0,40,0.0,0
1791222860,6.0,5.1,5.1,3.0,1.0,0.0,501,0,896,237,233,19,133,0,0,4.0,96,10.0,40,0.0,0
1791222861,6.1,3.0,5.2,4.0,1.0,0.0,501,0,864,236,232,19,135,0,0,4.0,96,9.0,40,0.0,0
1791222862,5.9,5.1,6.2,6.1,0.3,0.0,501,0,744,236,233,19,131,0,0,5.0,96,11.0,40,0.0,0
1791222863,4.1,4.0,6.0,3.0,0.8,0.0,501,0,720,236,233,21,133,0,0,3.0,96,13.0,40,0.0,0
1791222864,8.1,0.0,6.2,3.0,0.3,0.0,501,0,704,237,233,21,135,0,0,3.0,96,8.0,40,0.0,0
1791222865,8.1,3.0,4.0,2.0,1.0,0.0,501,0,784,237,232,21,136,0,0,4.0,96,9.0,40,0.0,0
1791222866,6.9,4.1,6.1,3.0,0.3,0.0,501,0,760,236,232,21,128,0,0,3.0,96,13.0,40,0.0,0
1791222867,1.0,9.0,3.1,2.0,0.8,0.0,501,0,868,237,232,21,130,0,0,4.0,96,10.0,40,0.0,0
1791222868,7.9,5.1,5.1,4.0,0.8,0.0,502,0,872,236,232,21,132,0,0,4.0,96,9.0,40,0.0,0
1791222869,4.1,3.0,5.1,4.0,0.8,0.0,502,0,764,237,232,21,134,0,0,3.0,96,11.0,40,0.0,0
1791222870,2.0,7.0,5.2,3.1,0.5,0.0,503,0,744,237,234,19,129,0,0,3.0,96,10.0,40,0.0,0
1791222871,4.0,3.0,8.2,3.0,0.8,0.0,503,0,1204,237,232,21,129,0,0,3.0,96,10.0,40,0.0,0
1791222872,2.0,3.1,8.2,3.0,0.8,0.0,502,0,808,236,233,21,131,0,0,3.0,96,10.0,40,0.0,0
1791222873,3.0,3.0,7.1,5.1,0.5,0.0,502,0,924,236,234,21,133,0,0,4.0,96,10.0,40,0.0,0
1791222874,2.9,5.1,10.0,4.1,1.0,0.0,502,0,1544,236,233,21,125,0,0,3.0,96,11.0,40,0.0,0
1791222875,1.0,3.0,4.1,7.1,0.5,0.0,502,0,780,236,233,21,126,0,0,4.0,96,12.0,40,0.0,0
1791222876,3.0,3.0,6.1,8.0,0.3,0.0,502,0,752,237,233,21,128,0,0,4.0,96,7.0,40,0.0,0
1791222877,5.1,4.0,5.1,6.9,1.0,0.0,502,0,780,234,231,21,130,0,0,3.0,96,15.0,40,0.0,0
1791222878,4.0,5.1,4.1,4.1,0.3,0.0,502,0,856,236,232,21,123,0,0,3.0,96,9.0,40,0.0,0
1791222879,2.0,3.0,6.1,5.9,1.2,0.0,502,0,728,236,232,21,125,0,0,3.0,96,10.0,40,0.0,0
1791222880,3.0,7.1,4.0,4.1,0.8,0.0,502,0,800,237,233,21,127,0,0,3.0,96,10.0,40,0.0,0
1791222881,4.0,3.0,3.1,7.1,0.5,0.0,502,0,840,237,233,21,128,0,0,4.0,96,12.0,40,0.0,0
1791222882,3.0,2.0,8.1,6.1,0.5,0.0,502,0,832,237,232,21,122,0,0,3.0,96,8.0,40,0.0,0
1791222883,5.0,1.0,4.1,7.1,0.8,0.0,503,0,888,236,233,21,124,0,0,3.0,96,10.0,40,0.0,0
1791222884,3.0,5.9,7.1,5.0,0.5,0.0,504,0,812,236,232,21,126,0,0,3.0,96,13.0,40,0.0,0
1791222885,2.0,3.0,8.2,4.1,0.5,0.0,503,0,728,236,233,21,128,0,0,2.0,96,10.0,40,0.0,0
1791222886,4.0,3.1,7.1,4.0,0.5,0.0,503,0,836,236,232,21,130,0,0,4.0,96,9.0,40,0.0,0
1791222887,5.1,3.0,6.1,4.1,0.8,0.0,503,0,880,237,233,19,124,0,0,4.0,96,10.0,40,0.0,0
1791222888,2.0,4.0,3.1,9.2,1.0,0.0,503,0,892,236,234,19,126,0,0,3.0,96,11.0,40,0.0,0
1791222889,3.1,3.0,5.2,4.0,0.8,0.0,503,0,832,236,233,19,128,0,0,3.0,96,10.0,40,0.0,0
1791222890,6.1,3.9,4.1,9.1,0.5,0.0,503,0,760,236,232,21,130,0,0,4.0,96,13.0,40,0.0,0
1791222891,4.0,2.0,4.1,8.2,0.5,0.0,502,0,956,237,234,21,124,0,0,4.0,96,9.0,40,0.0,0
1791222892,1.0,3.0,0.0,4.0,0.3,0.0,503,0,364,88,87,21,125,0,0,1.0,96,3.0,40,0.0,0
1791222893,0.0,0.0,0.0,2.0,0.5,0.0,502,0,256,0,0,21,125,0,0,0.0,96,0.0,40,0.0,0
1791222894,0.0,0.0,0.0,2.0,0.0,0.0,502,0,0,0,0,17,127,0,0,0.0,96,0.0,40,0.0,0
1791222895,0.0,0.0,0.0,1.0,0.0,0.0,502,0,4,0,0,15,121,0,0,0.0,96,0.0,40,0.0,0
1791222896,0.0,1.0,0.0,2.0,0.0,0.0,502,0,0,0,0,5,126,0,0,0.0,96,0.0,40,0.0,0
1791222897,0.0,0.0,0.0,2.0,0.0,0.0,502,0,0,0,0,5,126,0,0,0.0,96,0.0,40,0.0,0
1791222898,0.0,0.0,1.0,1.0,0.0,0.0,507,0,104,0,0,6,126,0,0,0.0,96,0.0,40,0.0,0
1791222899,2.0,2.0,8.0,3.0,0.5,0.0,516,0,84,4,4,6,118,0,0,0.0,96,0.0,40,0.0,0
