ts,cpu0_busy_pct,cpu1_busy_pct,cpu2_busy_pct,cpu3_busy_pct,cpu4_busy_pct,cpu5_busy_pct,cpu6_busy_pct,cpu7_busy_pct,cpu_iowait_pct,cpu_steal_pct,mem_used_mb,disk_read_kbps,disk_write_kbps,net_rx_kbps,net_tx_kbps,tcp_inuse,tcp_timewait,accept_queue_443,turned_away,node_cpu_pct,node_rss_mb,nginx_cpu_pct,nginx_rss_mb,k6_cpu_pct,k6_rss_mb
1791222528,0.0,0.0,2.0,0.0,0.0,0.0,0.0,1.0,0.9,0.0,468,0,95316,1,0,3,3,0,0,0.0,0,0.0,0,0.0,0
1791222529,0.0,0.0,6.0,0.0,0.0,0.0,0.0,0.0,0.9,0.0,468,0,91732,0,0,3,3,0,0,0.0,0,0.0,0,0.0,0
1791222530,0.0,2.0,5.0,0.0,0.0,0.0,0.0,2.0,0.9,0.0,468,0,91268,4,4,4,3,0,0,0.0,0,0.0,0,0.0,0
1791222531,17.0,9.0,16.2,10.1,20.2,11.1,3.1,7.1,0.8,0.0,621,0,91260,1,1,4,3,0,0,0.0,0,0.0,0,80.0,188
1791222532,10.4,6.1,11.2,8.2,1.0,2.0,9.0,24.0,0.8,0.0,686,0,89240,157,162,5,2,0,0,0.0,0,0.0,0,65.0,237
1791222533,4.2,8.1,7.1,4.1,0.0,2.0,0.0,5.2,0.0,0.0,624,0,0,232,236,5,2,0,0,0.0,0,0.0,0,35.0,131
1791222534,2.1,3.0,8.2,6.0,7.1,5.1,3.0,2.0,0.0,0.0,619,0,0,232,236,5,2,0,0,0.0,0,0.0,0,34.0,131
1791222535,3.2,0.0,6.2,5.1,2.0,5.1,5.1,0.0,0.0,0.0,612,0,60,234,237,5,2,0,0,0.0,0,0.0,0,32.0,131
1791222536,6.2,3.1,7.1,5.1,3.0,5.0,3.1,1.0,0.0,0.0,607,0,228,233,236,5,2,0,0,0.0,0,0.0,0,35.0,131
1791222537,2.0,3.2,6.1,10.2,0.0,6.1,0.0,4.1,0.0,0.0,603,0,28,234,236,5,0,0,0,0.0,0,0.0,0,31.0,131
1791222538,2.1,3.2,7.2,8.0,2.0,4.1,3.0,2.0,0.0,0.0,599,0,988,234,236,5,0,0,0,0.0,0,0.0,0,34.0,131
1791222539,1.0,2.2,7.1,4.0,4.0,5.1,6.1,0.0,0.0,0.0,597,0,0,233,237,5,0,0,0,0.0,0,0.0,0,33.0,131
1791222540,5.0,3.2,6.2,8.1,5.1,3.0,5.1,3.0,0.0,0.0,595,0,20,232,236,5,0,0,0,0.0,0,0.0,0,37.0,131
1791222541,0.0,6.1,11.0,5.2,3.2,0.0,2.0,4.2,0.0,0.0,595,0,0,234,237,5,0,0,0,0.0,0,0.0,0,33.0,132
1791222542,2.0,6.1,4.1,2.0,2.1,6.2,3.0,3.0,0.0,0.0,593,0,0,231,236,5,0,0,0,0.0,0,0.0,0,32.0,132
1791222543,2.0,5.2,9.2,1.0,5.2,7.1,2.1,1.0,0.0,0.0,592,0,76,233,236,5,0,0,0,0.0,0,0.0,0,37.0,132
1791222544,1.0,7.1,8.2,7.1,1.0,6.1,2.1,1.0,0.0,0.0,592,0,4,233,236,5,0,0,0,0.0,0,0.0,0,34.0,132
1791222545,5.2,7.1,9.1,4.0,1.0,3.0,5.2,3.0,0.0,0.0,592,0,0,233,236,5,0,0,0,0.0,0,0.0,0,36.0,132
1791222546,3.2,0.0,5.2,7.1,0.0,5.1,6.1,1.0,0.1,0.0,592,0,20,233,236,5,0,0,0,0.0,0,0.0,0,31.0,132
1791222547,4.2,2.0,9.4,6.1,3.0,4.1,6.1,2.0,0.0,0.0,592,0,12,232,236,5,0,0,0,0.0,0,0.0,0,37.0,132
1791222548,4.1,6.1,7.1,3.0,2.2,0.0,7.1,2.0,0.0,0.0,593,0,0,232,236,5,0,0,0,0.0,0,0.0,0,32.0,132
1791222549,4.0,5.2,9.1,0.0,2.1,7.0,2.0,3.0,0.0,0.0,593,0,0,233,236,5,0,0,0,0.0,0,0.0,0,38.0,132
1791222550,1.0,7.0,5.1,1.0,4.2,7.1,2.0,5.1,0.0,0.0,593,0,4,233,236,5,0,0,0,0.0,0,0.0,0,29.0,132
1791222551,1.0,6.1,5.2,0.0,1.1,4.1,5.2,5.1,0.0,0.0,593,0,104,232,236,5,0,0,0,0.0,0,0.0,0,29.0,132
1791222552,6.0,3.0,6.1,5.1,2.2,7.1,6.1,3.0,0.0,0.0,593,0,0,233,236,5,0,0,0,0.0,0,0.0,0,37.0,133
1791222553,4.0,1.0,8.2,6.2,3.2,2.0,7.2,4.0,0.0,0.0,593,0,0,233,237,5,0,0,0,0.0,0,0.0,0,35.0,133
1791222554,5.0,0.0,7.2,2.0,1.1,9.0,6.0,6.2,0.0,0.0,593,0,0,233,236,5,0,0,0,0.0,0,0.0,0,38.0,134
1791222555,0.0,5.1,11.2,3.1,3.2,2.0,2.0,6.1,0.0,0.0,593,0,0,232,236,5,0,0,0,0.0,0,0.0,0,32.0,134
1791222556,1.0,4.0,4.1,4.2,6.1,5.2,2.0,6.1,0.0,0.0,593,0,24,234,236,5,0,0,0,0.0,0,0.0,0,31.0,134
1791222557,1.0,6.1,12.0,6.2,4.1,3.1,1.0,1.0,0.0,0.0,593,0,0,232,235,5,0,0,0,0.0,0,0.0,0,35.0,134
1791222558,5.0,5.1,5.2,5.1,3.0,0.0,2.1,5.0,0.0,0.0,593,0,0,232,235,5,0,0,0,0.0,0,0.0,0,30.0,134
1791222559,5.1,0.0,9.1,5.1,6.2,2.0,0.0,5.1,0.0,0.0,593,0,80,233,235,5,0,0,0,0.0,0,0.0,0,35.0,134
1791222560,7.1,1.0,5.2,5.0,5.1,3.2,0.0,5.1,0.0,0.0,593,0,0,232,234,5,0,0,0,0.0,0,0.0,0,32.0,134
1791222561,4.0,4.0,4.0,4.0,5.1,0.0,1.0,6.1,0.0,0.0,593,0,0,234,238,5,0,0,0,0.0,0,0.0,0,33.0,135
1791222562,3.1,6.1,6.2,4.0,0.0,2.0,4.1,5.2,0.0,0.0,593,0,24,233,236,5,0,0,0,0.0,0,0.0,0,33.0,135
1791222563,2.2,6.0,2.0,5.0,0.0,5.1,5.2,6.1,0.0,0.0,593,0,0,232,237,5,0,0,0,0.0,0,0.0,0,32.0,135
1791222564,5.2,1.0,9.3,5.1,3.1,4.2,6.0,2.0,0.0,0.0,594,0,0,233,236,5,0,0,0,0.0,0,0.0,0,38.0,136
1791222565,7.1,3.1,7.1,6.0,2.0,3.2,3.0,3.1,0.0,0.0,594,0,0,234,236,5,0,0,0,0.0,0,0.0,0,32.0,136
1791222566,7.1,5.0,6.2,5.0,0.0,2.1,6.0,7.1,0.0,0.0,594,0,0,234,237,5,0,0,0,0.0,0,0.0,0,39.0,137
1791222567,1.0,6.1,6.1,5.1,3.1,1.0,3.1,4.0,0.0,0.0,594,0,88,232,236,5,0,0,0,0.0,0,0.0,0,33.0,137
1791222568,0.0,5.1,5.2,5.1,2.0,2.1,3.1,5.1,0.0,0.0,594,0,8,232,236,5,0,0,0,0.0,0,0.0,0,27.0,137
1791222569,5.1,3.0,4.0,8.1,3.0,5.2,3.0,2.0,0.0,0.0,594,0,0,233,236,5,0,0,0,0.0,0,0.0,0,30.0,138
1791222570,6.9,0.0,6.2,7.4,7.2,1.0,0.0,4.1,0.0,0.0,594,0,0,232,236,5,0,0,0,0.0,0,0.0,0,33.0,138
1791222571,6.1,0.0,4.1,5.0,3.0,8.0,5.1,3.2,0.0,0.0,594,0,4,233,235,5,0,0,0,0.0,0,0.0,0,36.0,138
1791222572,5.1,2.2,8.1,4.1,4.1,0.0,8.1,0.0,0.0,0.0,595,0,88,233,238,5,0,0,0,0.0,0,0.0,0,33.0,138
1791222573,4.1,0.0,9.1,5.9,3.0,6.1,5.1,2.0,0.0,0.0,595,0,0,232,234,5,0,0,0,0.0,0,0.0,0,33.0,138
1791222574,5.2,2.0,6.2,5.1,5.1,5.1,6.1,3.1,0.0,0.0,595,0,4,233,238,5,0,0,0,0.0,0,0.0,0,34.0,139
1791222575,7.0,3.1,9.2,6.9,4.2,0.0,2.0,3.2,0.0,0.0,595,0,0,235,238,5,0,0,0,0.0,0,0.0,0,34.0,139
1791222576,6.9,5.1,6.2,3.1,5.1,0.0,1.0,1.1,0.0,0.0,595,0,0,234,237,5,0,0,0,0.0,0,0.0,0,33.0,139
1791222577,4.0,5.1,8.2,11.1,4.3,1.0,5.2,2.0,0.0,0.0,595,0,0,232,236,5,0,0,0,0.0,0,0.0,0,39.0,140
1791222578,5.1,4.1,5.2,9.1,0.0,0.0,7.1,1.0,0.0,0.0,595,0,60,232,236,5,0,0,0,0.0,0,0.0,0,33.0,140
1791222579,7.9,4.0,0.0,6.1,7.3,1.0,4.1,4.0,0.0,0.0,595,0,0,234,236,5,0,0,0,0.0,0,0.0,0,36.0,141
1791222580,8.1,2.0,0.0,6.1,4.0,5.1,4.0,3.2,0.0,0.0,595,0,4,232,235,5,0,0,0,0.0,0,0.0,0,32.0,141
1791222581,3.0,4.0,3.1,8.1,9.1,2.0,1.0,2.2,0.0,0.0,595,0,0,233,239,5,0,0,0,0.0,0,0.0,0,33.0,141
1791222582,5.1,4.2,9.1,3.1,8.1,4.0,1.0,5.2,0.0,0.0,595,0,0,232,236,5,0,0,0,0.0,0,0.0,0,40.0,142
1791222583,3.2,0.0,7.3,0.0,6.1,4.1,4.0,5.1,0.1,0.0,595,0,80,233,236,5,0,0,0,0.0,0,0.0,0,33.0,142
1791222584,2.2,1.0,9.0,0.0,4.0,7.0,5.1,6.2,0.0,0.0,595,0,0,234,237,5,0,0,0,0.0,0,0.0,0,33.0,142
1791222585,4.0,0.0,1.0,4.2,10.3,6.2,3.0,5.1,0.0,0.0,596,0,0,231,236,5,0,0,0,0.0,0,0.0,0,33.0,142
1791222586,5.1,4.0,0.0,0.0,6.1,2.0,6.1,5.1,0.0,0.0,596,0,4,232,236,5,0,0,0,0.0,0,0.0,0,30.0,142
1791222587,2.0,5.1,9.3,4.2,3.1,4.1,2.0,5.1,0.0,0.0,596,0,0,232,236,5,0,0,0,0.0,0,0.0,0,39.0,143
1791222588,1.0,3.1,7.1,8.2,5.0,2.2,5.0,2.0,0.0,0.0,596,0,88,233,237,5,0,0,0,0.0,0,0.0,0,35.0,143
1791222589,5.1,0.0,5.2,5.0,7.1,2.2,7.1,0.0,0.0,0.0,596,0,0,233,235,5,0,0,0,0.0,0,0.0,0,33.0,143
1791222590,3.0,0.0,7.2,4.1,8.2,4.2,5.1,2.1,0.0,0.0,596,0,0,232,236,5,0,0,0,0.0,0,0.0,0,38.0,143
1791222591,6.1,0.0,3.0,7.1,8.0,1.0,7.1,1.1,0.0,0.0,596,0,0,233,237,5,0,0,0,0.0,0,0.0,0,32.0,143
1791222592,6.0,6.9,0.0,3.1,6.0,5.1,6.1,3.2,0.0,0.0,596,0,4,231,236,5,0,0,0,0.0,0,0.0,0,34.0,143
1791222593,6.0,2.0,7.2,5.1,5.3,2.0,6.1,1.0,0.0,0.0,597,0,84,231,236,5,0,0,0,0.0,0,0.0,0,38.0,145
1791222594,7.1,5.1,6.2,0.0,5.1,1.1,4.1,0.0,0.0,0.0,597,0,0,233,236,5,0,0,0,0.0,0,0.0,0,32.0,145
1791222595,7.1,3.0,6.1,6.1,6.1,1.1,8.1,1.0,0.0,0.0,597,0,0,234,237,5,0,0,0,0.0,0,0.0,0,36.0,145
1791222596,3.2,1.0,7.2,6.1,6.1,1.0,6.1,1.0,0.0,0.0,597,0,0,232,235,5,0,0,0,0.0,0,0.0,0,33.0,145
1791222597,3.2,0.0,7.2,6.2,11.1,0.0,6.1,0.0,0.0,0.0,598,0,0,233,239,5,0,0,0,0.0,0,0.0,0,33.0,145
1791222598,5.2,5.1,8.1,3.0,4.0,1.0,3.0,5.1,0.0,0.0,598,0,92,232,236,5,0,0,0,0.0,0,0.0,0,38.0,145
1791222599,7.0,6.1,0.0,6.0,7.1,1.1,3.0,4.1,0.0,0.0,597,0,0,234,236,5,0,0,0,0.0,0,0.0,0,33.0,145
1791222600,4.0,7.1,2.1,5.9,6.2,2.1,0.0,5.1,0.0,0.0,597,0,0,233,237,5,0,0,0,0.0,0,0.0,0,34.0,145
1791222601,8.2,7.1,7.1,6.3,3.0,1.0,1.0,6.1,0.0,0.0,598,0,0,233,237,5,0,0,0,0.0,0,0.0,0,36.0,146
1791222602,2.0,5.1,7.1,5.0,2.1,0.0,6.1,4.0,0.0,0.0,598,0,0,231,236,5,0,0,0,0.0,0,0.0,0,28.0,146
1791222603,4.0,1.0,6.1,5.1,5.0,0.0,4.1,0.0,0.0,0.0,598,0,96,233,236,5,0,0,0,0.0,0,0.0,0,22.0,146
1791222604,2.0,6.2,3.0,7.2,4.1,2.1,3.1,1.0,0.0,0.0,598,0,4,234,236,5,0,0,0,0.0,0,0.0,0,35.0,146
1791222605,0.0,4.1,3.1,3.0,7.4,4.1,1.0,5.1,0.0,0.0,598,0,0,232,237,5,0,0,0,0.0,0,0.0,0,30.0,146
1791222606,0.0,3.0,6.1,3.1,5.0,3.1,5.1,6.1,0.0,0.0,598,0,0,231,236,5,0,0,0,0.0,0,0.0,0,31.0,148
1791222607,0.0,5.1,5.2,7.1,5.1,0.0,2.1,4.1,0.0,0.0,598,0,0,232,236,5,0,0,0,0.0,0,0.0,0,28.0,148
1791222608,0.0,5.1,4.0,8.1,2.0,3.0,1.1,4.0,0.0,0.0,598,0,88,232,237,4,0,0,0,0.0,0,0.0,0,29.0,148
1791222609,5.1,4.0,5.1,6.1,6.1,3.0,2.1,2.0,0.0,0.0,599,0,0,230,236,6,0,0,0,0.0,0,0.0,0,35.0,150
1791222610,2.0,4.1,4.1,0.0,9.2,4.0,4.0,0.0,0.0,0.0,599,0,8,233,236,5,0,0,0,0.0,0,0.0,0,23.0,150
1791222611,4.0,2.1,1.0,4.0,5.0,0.0,3.1,7.1,0.0,0.0,599,0,0,231,236,5,0,0,0,0.0,0,0.0,0,29.0,150
1791222612,5.1,3.1,4.1,6.2,8.0,3.0,5.1,5.1,0.0,0.0,599,0,0,233,237,5,0,0,0,0.0,0,0.0,0,42.0,150
1791222613,0.0,0.0,7.1,5.1,5.1,6.1,5.1,1.1,0.0,0.0,599,0,88,232,236,5,0,0,0,0.0,0,0.0,0,32.0,150
1791222614,2.1,0.0,5.2,7.1,5.1,2.0,5.1,5.1,0.0,0.0,599,0,0,232,235,5,0,0,0,0.0,0,0.0,0,33.0,150
1791222615,2.1,2.0,10.2,7.1,6.0,3.0,4.1,3.1,0.0,0.0,599,0,0,233,234,5,0,0,0,0.0,0,0.0,0,38.0,151
1791222616,1.0,2.0,7.3,5.1,8.2,1.0,5.1,0.0,0.0,0.0,599,0,4,232,236,5,0,0,0,0.0,0,0.0,0,33.0,151
1791222617,2.0,5.2,3.0,5.0,8.1,0.0,6.1,2.1,0.0,0.0,599,0,0,232,238,5,0,0,0,0.0,0,0.0,0,34.0,151
1791222618,1.0,5.1,7.2,3.1,5.0,3.0,5.2,5.2,0.0,0.0,599,0,24,232,236,5,0,0,0,0.0,0,0.0,0,35.0,152
1791222619,2.0,1.1,2.0,5.0,4.1,5.1,2.0,4.1,0.0,0.0,599,0,56,232,236,5,0,0,0,0.0,0,0.0,0,27.0,152
1791222620,1.0,1.1,4.1,5.0,6.1,4.0,2.0,5.1,0.0,0.0,599,0,0,231,236,5,0,0,0,0.0,0,0.0,0,31.0,152
1791222621,4.1,2.1,6.1,8.1,3.0,6.2,4.0,6.1,0.0,0.0,599,0,0,232,237,5,0,0,0,0.0,0,0.0,0,39.0,152
1791222622,5.9,0.0,3.1,8.2,2.0,2.2,4.0,6.0,0.0,0.0,600,0,4,232,236,5,0,0,0,0.0,0,0.0,0,32.0,153
1791222623,1.0,0.0,6.1,5.1,7.1,0.0,2.1,4.2,0.0,0.0,600,0,0,231,236,5,0,0,0,0.0,0,0.0,0,31.0,153
1791222624,7.1,1.0,5.1,2.0,5.1,6.2,4.1,2.0,0.0,0.0,600,0,80,232,236,5,0,0,0,0.0,0,0.0,0,33.0,153
1791222625,6.1,2.0,6.2,7.3,5.1,3.1,0.0,0.0,0.1,0.0,600,0,0,232,236,5,0,0,0,0.0,0,0.0,0,30.0,153
1791222626,4.0,0.0,8.2,7.1,3.1,5.0,2.1,1.0,0.0,0.0,600,0,0,234,236,5,0,0,0,0.0,0,0.0,0,29.0,153
1791222627,4.1,1.0,6.1,5.2,8.0,3.1,4.1,2.0,0.0,0.0,600,0,0,233,236,5,0,0,0,0.0,0,0.0,0,33.0,154
1791222628,1.0,5.1,0.0,6.1,5.0,2.1,4.1,3.1,0.0,0.0,600,0,4,232,236,5,0,0,0,0.0,0,0.0,0,28.0,154
1791222629,4.0,5.1,1.0,5.2,5.1,6.1,5.1,2.1,0.0,0.0,602,0,88,233,237,5,0,0,0,0.0,0,0.0,0,31.0,154
1791222630,5.1,5.0,4.2,7.1,9.1,0.0,7.1,4.2,0.0,0.0,602,0,0,233,236,5,0,0,0,0.0,0,0.0,0,41.0,155
1791222631,5.0,2.2,1.0,7.1,5.0,7.0,0.0,6.1,0.1,0.0,602,0,0,232,237,5,0,0,0,0.0,0,0.0,0,31.0,155
1791222632,8.0,2.1,0.0,7.1,4.0,2.0,4.0,5.1,0.0,0.0,602,0,0,231,236,5,0,0,0,0.0,0,0.0,0,32.0,155
1791222633,5.2,6.1,7.3,5.1,5.2,2.0,5.1,4.1,0.0,0.0,602,0,0,233,236,5,0,0,0,0.0,0,0.0,0,43.0,155
1791222634,8.0,5.1,10.0,2.0,6.4,1.0,3.1,0.0,0.0,0.0,602,0,108,233,237,5,0,0,0,0.0,0,0.0,0,35.0,155
1791222635,5.1,6.1,6.2,0.0,5.9,3.1,6.2,0.0,0.0,0.0,602,0,180,232,237,5,0,0,0,0.0,0,0.0,0,31.0,155
1791222636,5.9,6.1,7.2,5.1,7.1,1.0,5.3,5.0,0.0,0.0,602,0,0,233,236,5,0,0,0,0.0,0,0.0,0,42.0,156
1791222637,7.9,5.1,0.0,8.1,4.0,1.0,4.1,2.2,0.0,0.0,602,0,0,233,236,5,0,0,0,0.0,0,0.0,0,32.0,156
1791222638,5.1,7.1,5.1,3.1,5.0,0.0,5.1,3.2,0.0,0.0,602,0,0,233,236,5,0,0,0,0.0,0,0.0,0,33.0,156
1791222639,7.0,4.1,8.1,5.0,7.0,1.0,6.2,2.0,0.1,0.0,603,0,100,231,236,5,0,0,0,0.0,0,0.0,0,36.0,157
1791222640,6.1,6.1,9.2,0.0,4.1,0.0,3.2,2.0,0.0,0.0,603,0,4,233,236,5,0,0,0,0.0,0,0.0,0,34.0,157
1791222641,6.1,6.1,5.2,0.0,4.0,0.0,3.2,6.1,0.0,0.0,603,0,0,232,236,5,0,0,0,0.0,0,0.0,0,33.0,157
1791222642,7.8,5.1,10.2,0.0,5.0,0.0,1.1,6.1,0.0,0.0,603,0,0,233,236,5,0,0,0,0.0,0,0.0,0,42.0,158
1791222643,8.1,7.0,9.1,8.2,5.0,1.0,3.2,4.0,0.0,0.0,603,0,0,231,236,5,0,0,0,0.0,0,0.0,0,32.0,158
1791222644,6.1,3.1,5.1,2.0,4.0,0.0,1.0,5.1,0.0,0.0,603,0,88,233,236,5,0,0,0,0.0,0,0.0,0,30.0,158
1791222645,2.1,7.0,4.1,5.2,8.1,0.0,0.0,5.1,0.0,0.0,603,0,0,232,236,5,0,0,0,0.0,0,0.0,0,29.0,158
1791222646,7.0,7.1,8.1,2.0,9.3,1.0,2.0,2.1,0.0,0.0,603,0,4,234,236,5,0,0,0,0.0,0,0.0,0,36.0,158
1791222647,6.0,7.0,7.1,4.1,5.9,0.0,1.0,3.2,0.0,0.0,603,0,0,231,236,5,0,0,0,0.0,0,0.0,0,31.0,158
1791222648,1.0,4.0,7.2,5.1,5.1,0.0,2.1,5.1,0.0,0.0,603,0,0,233,237,5,0,0,0,0.0,0,0.0,0,31.0,158
1791222649,1.0,5.2,7.3,6.2,7.0,6.1,5.2,3.0,0.0,0.0,604,0,84,232,236,5,0,0,0,0.0,0,0.0,0,41.0,160
1791222650,0.0,2.0,6.2,4.3,7.1,6.1,1.0,4.1,0.0,0.0,604,0,0,233,236,5,0,0,0,0.0,0,0.0,0,32.0,160
1791222651,0.0,4.0,3.0,4.2,7.1,6.1,2.0,6.1,0.0,0.0,604,0,0,232,236,5,0,0,0,0.0,0,0.0,0,31.0,160
1791222652,4.0,7.1,6.3,5.2,7.0,6.1,1.0,5.1,0.1,0.0,604,0,8,232,236,5,0,0,0,0.0,0,0.0,0,42.0,161
1791222653,7.0,4.1,4.3,7.1,4.0,5.1,0.0,1.0,0.0,0.0,604,0,0,231,235,5,0,0,0,0.0,0,0.0,0,32.0,161
1791222654,2.0,5.1,5.3,7.1,5.0,6.1,0.0,1.0,0.0,0.0,604,0,64,232,235,5,0,0,0,0.0,0,0.0,0,31.0,161
1791222655,4.9,4.0,4.2,9.1,6.1,8.0,1.0,5.0,0.0,0.0,605,0,0,232,236,5,0,0,0,0.0,0,0.0,0,37.0,161
1791222656,7.0,1.0,8.0,8.2,5.0,5.1,3.2,0.0,0.0,0.0,605,0,0,232,236,5,0,0,0,0.0,0,0.0,0,33.0,161
1791222657,6.1,0.0,6.2,3.0,6.0,7.0,1.1,4.0,0.0,0.0,605,0,0,233,236,5,0,0,0,0.0,0,0.0,0,30.0,161
1791222658,8.1,1.0,7.2,6.1,7.9,2.1,5.2,4.1,0.0,0.0,605,0,4,233,237,5,0,0,0,0.0,0,0.0,0,44.0,161
1791222659,6.1,1.0,5.1,7.1,5.1,2.1,0.0,4.1,0.0,0.0,605,0,80,233,236,5,0,0,0,0.0,0,0.0,0,29.0,161
1791222660,4.0,0.0,5.1,6.1,8.2,2.0,2.2,1.0,0.0,0.0,605,0,0,233,234,5,0,0,0,0.0,0,0.0,0,27.0,161
1791222661,6.1,0.0,9.2,3.1,7.1,3.1,3.2,0.0,0.0,0.0,605,0,0,234,239,5,0,0,0,0.0,0,0.0,0,35.0,161
1791222662,2.0,6.1,1.0,8.5,7.1,3.0,7.1,4.0,0.0,0.0,605,0,0,233,236,5,0,0,0,0.0,0,0.0,0,41.0,162
1791222663,0.0,3.0,7.1,6.2,3.1,4.0,6.2,2.0,0.0,0.0,606,0,0,234,237,5,0,0,0,0.0,0,0.0,0,31.0,162
1791222664,3.0,1.0,8.2,5.0,4.2,2.1,5.1,4.1,0.0,0.0,606,0,4,233,237,5,0,0,0,0.0,0,0.0,0,33.0,162
1791222665,4.0,8.0,5.2,9.1,3.2,1.0,5.1,7.2,0.0,0.0,606,0,124,233,237,5,0,0,0,0.0,0,0.0,0,42.0,163
1791222666,0.0,6.1,7.2,4.1,2.2,3.1,5.2,3.0,0.0,0.0,606,0,0,233,237,5,0,0,0,0.0,0,0.0,0,36.0,163
1791222667,0.0,6.1,7.1,6.1,2.1,4.1,0.0,5.1,0.0,0.0,606,0,0,233,236,5,0,0,0,0.0,0,0.0,0,29.0,163
1791222668,5.9,5.1,7.2,6.1,3.2,5.0,4.0,6.1,0.0,0.0,606,0,0,232,236,5,0,0,0,0.0,0,0.0,0,40.0,164
1791222669,4.0,7.1,9.1,3.0,3.2,0.0,5.1,0.0,0.0,0.0,606,0,0,232,236,5,0,0,0,0.0,0,0.0,0,32.0,164
1791222670,7.1,2.0,8.1,8.2,1.1,3.0,2.0,0.0,0.1,0.0,606,0,92,234,236,5,0,0,0,0.0,0,0.0,0,33.0,164
1791222671,7.0,2.0,7.3,6.3,2.0,6.1,2.0,0.0,0.0,0.0,606,0,0,232,236,5,0,0,0,0.0,0,0.0,0,32.0,164
1791222672,4.0,6.1,7.1,6.5,1.0,6.1,1.0,1.0,0.0,0.0,606,0,0,233,236,5,0,0,0,0.0,0,0.0,0,35.0,165
1791222673,2.0,5.3,6.4,7.9,2.0,1.0,6.1,5.1,0.0,0.0,607,0,0,231,235,5,0,0,0,0.0,0,0.0,0,34.0,165
1791222674,2.0,1.1,6.1,5.0,4.2,1.0,6.1,8.1,0.0,0.0,607,0,0,233,236,5,0,0,0,0.0,0,0.0,0,32.0,165
1791222675,4.0,5.2,3.1,9.2,8.0,1.0,2.1,7.2,0.0,0.0,607,0,84,233,236,5,0,0,0,0.0,0,0.0,0,43.0,165
1791222676,5.0,5.1,8.1,1.0,4.0,1.0,4.2,4.1,0.0,0.0,607,0,4,234,237,5,0,0,0,0.0,0,0.0,0,34.0,165
1791222677,4.1,7.1,9.2,7.1,5.0,0.0,0.0,2.2,0.0,0.0,607,0,0,232,236,5,0,0,0,0.0,0,0.0,0,35.0,165
1791222678,11.0,5.1,7.1,6.1,5.1,6.1,2.0,3.2,0.0,0.0,608,0,0,233,237,5,0,0,0,0.0,0,0.0,0,46.0,166
1791222679,4.1,2.0,4.1,6.1,6.1,1.0,5.2,0.0,0.0,0.0,608,0,0,233,237,5,0,0,0,0.0,0,0.0,0,34.0,166
1791222680,5.2,1.1,7.1,6.0,8.2,6.1,3.0,0.0,0.0,0.0,608,0,88,233,237,5,0,0,0,0.0,0,0.0,0,34.0,166
1791222681,7.0,3.2,8.2,2.0,10.2,0.0,3.0,0.0,0.0,0.0,608,0,0,233,236,5,0,0,0,0.0,0,0.0,0,34.0,166
1791222682,2.0,3.1,10.1,8.2,8.2,3.2,2.0,6.1,0.0,0.0,608,0,4,232,237,5,0,0,0,0.0,0,0.0,0,46.0,167
1791222683,1.0,4.0,4.1,8.2,8.1,2.2,0.0,5.1,0.0,0.0,609,0,0,233,236,5,0,0,0,0.0,0,0.0,0,33.0,167
1791222684,0.0,7.1,8.2,5.0,2.2,5.2,0.0,4.1,0.0,0.0,609,0,0,232,237,5,0,0,0,0.0,0,0.0,0,32.0,167
1791222685,3.0,6.1,4.1,9.2,5.2,5.1,2.0,7.1,0.0,0.0,609,0,84,233,236,5,0,0,0,0.0,0,0.0,0,41.0,167
1791222686,8.1,2.2,8.2,5.1,4.0,3.0,0.0,1.0,0.0,0.0,609,0,0,235,238,5,0,0,0,0.0,0,0.0,0,33.0,167
1791222687,6.1,2.2,7.1,3.0,4.0,5.2,0.0,4.0,0.0,0.0,609,0,0,232,236,5,0,0,0,0.0,0,0.0,0,31.0,167
1791222688,7.1,4.1,6.2,6.2,5.9,2.1,0.0,2.0,0.0,0.0,609,0,4,234,237,5,0,0,0,0.0,0,0.0,0,44.0,168
1791222689,3.2,8.1,3.0,5.0,4.0,7.1,5.2,6.1,0.0,0.0,610,0,0,233,236,5,0,0,0,0.0,0,0.0,0,31.0,168
1791222690,4.1,5.1,4.2,0.0,4.0,4.0,8.2,3.1,0.0,0.0,610,0,88,234,237,5,0,0,0,0.0,0,0.0,0,34.0,168
1791222691,0.0,3.0,10.0,5.0,5.9,5.1,5.1,2.2,0.0,0.0,610,0,0,232,237,5,0,0,0,0.0,0,0.0,0,32.0,168
1791222692,3.0,5.1,6.2,7.1,9.2,5.2,3.0,2.1,0.0,0.0,610,0,0,234,236,5,0,0,0,0.0,0,0.0,0,43.0,170
1791222693,0.0,2.1,6.2,7.1,3.1,6.0,0.0,4.0,0.0,0.0,610,0,0,233,237,5,0,0,0,0.0,0,0.0,0,29.0,170
1791222694,0.0,1.1,12.0,6.0,5.0,2.1,0.0,4.2,0.0,0.0,610,0,4,232,236,5,0,0,0,0.0,0,0.0,0,33.0,170
1791222695,1.0,5.3,3.2,11.2,5.1,5.1,3.0,6.0,0.0,0.0,610,0,84,232,234,5,0,0,0,0.0,0,0.0,0,41.0,170
1791222696,1.0,2.0,8.1,5.0,2.1,6.1,4.1,3.1,0.0,0.0,610,0,0,232,238,5,0,0,0,0.0,0,0.0,0,30.0,170
1791222697,0.0,1.0,7.1,2.0,3.1,4.1,3.0,3.1,0.0,0.0,610,0,0,233,236,5,0,0,0,0.0,0,0.0,0,26.0,170
1791222698,4.0,4.0,5.1,4.0,2.1,2.0,4.1,0.0,0.0,0.0,610,0,0,231,236,5,0,0,0,0.0,0,0.0,0,24.0,170
1791222699,5.2,4.0,6.1,7.0,6.2,6.1,3.0,8.0,0.0,0.0,611,0,0,232,236,5,0,0,0,0.0,0,0.0,0,42.0,171
1791222700,4.2,1.1,3.1,4.0,7.0,1.0,3.0,4.1,0.0,0.0,611,0,108,233,237,5,0,0,0,0.0,0,0.0,0,32.0,171
1791222701,3.1,2.1,0.0,5.1,4.1,7.0,6.1,0.0,0.0,0.0,611,0,0,233,235,5,0,0,0,0.0,0,0.0,0,28.0,171
1791222702,8.9,4.2,5.1,7.1,6.1,5.1,4.0,4.0,0.0,0.0,612,0,0,231,235,5,0,0,0,0.0,0,0.0,0,41.0,173
1791222703,2.0,8.2,7.1,5.1,4.2,1.1,5.2,0.0,0.0,0.0,613,0,0,233,236,5,0,0,0,0.0,0,0.0,0,34.0,173
1791222704,5.1,2.0,6.2,5.0,2.1,5.1,3.0,4.0,0.0,0.0,613,0,0,233,236,5,0,0,0,0.0,0,0.0,0,32.0,173
1791222705,8.2,4.0,2.1,5.1,2.1,6.1,0.0,4.1,0.0,0.0,613,0,0,233,236,5,0,0,0,0.0,0,0.0,0,33.0,173
1791222706,6.1,9.0,4.1,8.2,4.2,4.0,2.0,6.1,0.1,0.0,613,0,84,232,236,5,0,0,0,0.0,0,0.0,0,43.0,174
1791222707,4.0,3.0,7.2,10.1,3.2,1.0,0.0,3.0,0.0,0.0,614,0,0,232,236,5,0,0,0,0.0,0,0.0,0,33.0,174
1791222708,3.0,6.1,7.1,9.1,1.1,5.1,0.0,0.0,0.0,0.0,614,0,0,233,236,5,0,0,0,0.0,0,0.0,0,35.0,174
1791222709,5.1,6.1,8.2,6.1,3.2,1.0,0.0,5.1,0.0,0.0,614,0,0,233,235,5,0,0,0,0.0,0,0.0,0,33.0,174
1791222710,3.1,7.1,9.2,13.1,2.0,4.0,5.2,3.1,0.0,0.0,614,0,0,234,238,5,0,0,0,0.0,0,0.0,0,49.0,175
1791222711,2.0,6.1,6.2,8.1,0.0,4.1,4.0,3.2,0.0,0.0,614,0,84,233,236,5,0,0,0,0.0,0,0.0,0,33.0,175
1791222712,7.0,2.0,6.2,9.2,0.0,1.0,3.0,3.2,0.0,0.0,614,0,4,233,236,5,0,0,0,0.0,0,0.0,0,32.0,175
1791222713,5.0,1.0,9.1,8.2,5.2,2.0,5.1,3.2,0.0,0.0,615,0,0,231,236,5,0,0,0,0.0,0,0.0,0,36.0,176
1791222714,0.0,0.0,4.2,7.9,5.2,5.1,5.1,4.0,0.0,0.0,615,0,0,234,236,5,0,0,0,0.0,0,0.0,0,31.0,176
1791222715,5.0,0.0,6.1,7.1,1.1,3.1,5.1,1.0,0.0,0.0,615,0,0,232,236,5,0,0,0,0.0,0,0.0,0,31.0,176
1791222716,6.1,1.0,5.2,1.0,5.0,1.0,5.1,3.1,0.0,0.0,615,0,60,232,235,5,0,0,0,0.0,0,0.0,0,28.0,176
1791222717,9.1,5.0,9.3,11.0,5.1,3.1,2.0,6.1,0.0,0.0,615,0,0,232,236,5,0,0,0,0.0,0,0.0,0,49.0,176
1791222718,6.1,6.1,8.1,0.0,5.0,3.2,3.0,4.0,0.0,0.0,615,0,4,234,237,5,0,0,0,0.0,0,0.0,0,33.0,176
1791222719,6.0,2.0,0.0,3.1,5.0,1.1,6.1,5.2,0.0,0.0,616,0,0,234,237,5,0,0,0,0.0,0,0.0,0,31.0,177
1791222720,5.0,5.1,0.0,6.1,5.1,2.1,3.0,4.0,0.0,0.0,616,0,0,233,236,5,0,0,0,0.0,0,0.0,0,27.0,177
1791222721,1.0,2.0,1.0,7.2,11.2,7.2,5.2,5.2,0.0,0.0,616,0,100,233,236,5,0,0,0,0.0,0,0.0,0,44.0,177
1791222722,3.2,5.1,0.0,3.0,5.0,8.1,5.1,5.1,0.0,0.0,617,0,0,233,236,5,0,0,0,0.0,0,0.0,0,34.0,177
1791222723,4.3,5.1,0.0,4.0,3.0,1.0,6.1,8.1,0.0,0.0,617,0,0,232,236,5,0,0,0,0.0,0,0.0,0,35.0,177
1791222724,4.1,7.1,4.0,6.1,9.1,5.0,8.1,5.1,0.0,0.0,618,0,4,232,236,5,0,0,0,0.0,0,0.0,0,45.0,179
1791222725,3.0,0.0,5.3,6.1,3.0,5.1,4.1,6.1,0.0,0.0,618,0,0,233,236,5,0,0,0,0.0,0,0.0,0,33.0,179
1791222726,3.1,0.0,4.3,8.2,4.0,4.1,3.0,2.1,0.0,0.0,618,0,84,233,236,5,0,0,0,0.0,0,0.0,0,31.0,179
1791222727,7.9,1.0,4.3,5.1,4.0,2.0,6.1,4.0,0.0,0.0,618,0,0,232,235,5,0,0,0,0.0,0,0.0,0,32.0,179
1791222728,6.1,2.0,5.3,8.1,7.1,8.1,3.1,6.2,0.0,0.0,618,0,0,233,235,5,0,0,0,0.0,0,0.0,0,47.0,180
1791222729,3.0,4.0,0.0,5.2,4.0,6.1,3.2,6.1,0.0,0.0,618,0,0,232,237,5,0,0,0,0.0,0,0.0,0,32.0,180
1791222730,4.0,4.0,1.0,5.1,5.0,6.1,2.1,3.1,0.0,0.0,619,0,4,232,237,5,0,0,0,0.0,0,0.0,0,32.0,180
1791222731,0.0,0.0,9.9,7.1,4.1,4.1,1.1,4.1,0.0,0.0,619,0,96,232,236,5,0,0,0,0.0,0,0.0,0,33.0,180
1791222732,2.0,4.1,7.2,8.2,10.0,5.1,2.1,9.1,0.0,0.0,619,0,0,234,237,5,0,0,0,0.0,0,0.0,0,45.0,180
1791222733,2.1,6.0,3.0,3.0,5.1,6.1,0.0,5.1,0.0,0.0,619,0,0,234,236,5,0,0,0,0.0,0,0.0,0,31.0,180
1791222734,3.2,7.0,5.1,8.2,4.0,1.0,0.0,6.1,0.0,0.0,619,0,0,233,236,5,0,0,0,0.0,0,0.0,0,34.0,180
1791222735,2.1,6.1,3.1,9.0,0.0,5.0,1.0,5.1,0.0,0.0,619,0,0,232,236,5,0,0,0,0.0,0,0.0,0,31.0,180
1791222736,3.1,8.1,6.1,11.1,6.1,4.1,6.1,5.1,0.0,0.0,621,0,64,233,236,5,0,0,0,0.0,0,0.0,0,47.0,182
1791222737,0.0,7.1,6.1,6.1,9.1,0.0,2.2,3.0,0.0,0.0,621,0,0,232,236,5,0,0,0,0.0,0,0.0,0,32.0,182
1791222738,4.0,6.1,1.0,8.2,4.0,0.0,3.2,6.1,0.0,0.0,621,0,0,232,236,5,0,0,0,0.0,0,0.0,0,35.0,182
1791222739,6.1,4.1,5.1,1.0,5.1,2.0,7.1,1.0,0.0,0.0,622,0,0,234,236,5,0,0,0,0.0,0,0.0,0,33.0,182
1791222740,5.2,4.1,4.1,8.1,7.1,1.0,4.1,4.1,0.0,0.0,622,0,0,232,236,5,0,0,0,0.0,0,0.0,0,39.0,182
1791222741,2.1,6.1,5.2,6.1,6.1,0.0,2.0,5.1,0.0,0.0,622,0,88,233,236,5,0,0,0,0.0,0,0.0,0,33.0,182
1791222742,6.2,4.2,6.0,7.1,6.1,0.0,0.0,5.1,0.0,0.0,622,0,8,233,237,5,0,0,0,0.0,0,0.0,0,32.0,182
1791222743,6.1,8.0,6.1,8.1,6.2,4.0,3.0,6.2,0.0,0.0,623,0,0,233,237,5,0,0,0,0.0,0,0.0,0,49.0,184
1791222744,3.2,4.0,0.0,5.1,5.1,6.1,7.0,3.0,0.0,0.0,623,0,0,233,236,5,0,0,0,0.0,0,0.0,0,34.0,184
1791222745,3.2,5.1,0.0,8.2,5.1,3.0,3.1,3.0,0.0,0.0,623,0,0,233,237,5,0,0,0,0.0,0,0.0,0,31.0,184
1791222746,3.2,7.0,6.1,5.0,5.1,0.0,0.0,5.1,0.0,0.0,623,0,4,232,236,5,0,0,0,0.0,0,0.0,0,31.0,184
1791222747,4.1,7.0,7.1,8.2,6.1,5.1,1.0,4.0,0.0,0.0,623,0,80,233,236,5,0,0,0,0.0,0,0.0,0,39.0,185
1791222748,1.0,4.1,6.1,2.2,9.2,7.1,0.0,1.0,0.0,0.0,624,0,4,233,236,5,0,0,0,0.0,0,0.0,0,31.0,185
1791222749,0.0,1.0,10.2,4.2,9.1,0.0,5.2,3.0,0.0,0.0,624,0,0,233,237,5,0,0,0,0.0,0,0.0,0,33.0,185
1791222750,1.0,0.0,8.2,5.2,2.0,4.0,1.1,5.1,0.0,0.0,624,0,0,233,236,5,0,0,0,0.0,0,0.0,0,31.0,185
1791222751,3.1,2.0,10.2,9.1,6.1,3.0,7.2,6.2,0.0,0.0,624,0,0,233,237,5,0,0,0,0.0,0,0.0,0,46.0,185
1791222752,5.0,0.0,6.1,6.1,5.0,3.0,6.2,3.2,0.0,0.0,624,0,84,234,237,5,0,0,0,0.0,0,0.0,0,31.0,185
1791222753,2.0,0.0,8.2,1.0,8.2,7.1,3.0,2.1,0.0,0.0,624,0,0,233,237,5,0,0,0,0.0,0,0.0,0,33.0,185
1791222754,5.1,2.2,7.2,3.1,4.0,2.0,0.0,6.1,0.0,0.0,624,0,4,233,236,5,0,0,0,0.0,0,0.0,0,31.0,185
1791222755,7.1,5.3,5.1,5.0,14.1,3.0,1.0,7.1,0.0,0.0,624,0,0,232,236,5,0,0,0,0.0,0,0.0,0,46.0,185
1791222756,8.9,3.2,7.1,0.0,4.0,5.9,1.0,5.1,0.0,0.0,625,0,0,231,236,5,0,0,0,0.0,0,0.0,0,30.0,185
1791222757,5.1,1.1,9.1,5.1,2.0,0.0,1.0,6.0,0.1,0.0,625,0,84,232,236,5,0,0,0,0.0,0,0.0,0,33.0,185
1791222758,6.2,5.1,3.1,6.1,5.1,3.0,0.0,3.1,0.0,0.0,625,0,0,233,236,5,0,0,0,0.0,0,0.0,0,31.0,185
1791222759,8.1,5.0,5.1,7.1,7.9,6.2,4.2,5.0,0.0,0.0,625,0,0,233,236,5,0,0,0,0.0,0,0.0,0,44.0,186
1791222760,5.0,5.9,0.0,8.1,4.0,3.2,4.1,1.0,0.0,0.0,625,0,4,232,235,5,0,0,0,0.0,0,0.0,0,31.0,186
1791222761,5.0,1.0,0.0,7.1,5.0,2.1,6.1,3.0,0.0,0.0,625,0,0,232,235,5,0,0,0,0.0,0,0.0,0,30.0,186
1791222762,5.1,5.1,3.1,7.1,7.0,4.2,9.1,6.1,0.0,0.0,625,0,100,231,235,5,0,0,0,0.0,0,0.0,0,45.0,186
1791222763,6.1,1.0,7.1,0.0,4.0,5.2,7.1,1.0,0.0,0.0,626,0,32,232,237,5,0,0,0,0.0,0,0.0,0,33.0,186
1791222764,8.0,3.2,6.1,1.0,2.0,7.9,7.1,0.0,0.0,0.0,626,0,0,232,236,5,0,0,0,0.0,0,0.0,0,32.0,186
1791222765,6.1,4.2,6.1,0.0,6.0,5.1,6.1,0.0,0.0,0.0,626,0,0,233,236,5,0,0,0,0.0,0,0.0,0,31.0,186
1791222766,8.9,4.2,8.2,5.1,7.0,7.0,5.1,2.0,0.0,0.0,626,0,4,231,236,5,0,0,0,0.0,0,0.0,0,45.0,187
1791222767,2.0,16.3,4.0,3.2,7.0,4.1,2.1,1.0,0.1,0.0,631,460,296,234,236,5,0,0,0,0.0,0,0.0,0,30.0,187
1791222768,4.0,6.1,3.1,6.0,5.1,2.0,5.1,1.0,0.0,0.0,631,0,0,232,236,5,0,0,0,0.0,0,0.0,0,30.0,187
1791222769,1.0,4.0,7.1,7.1,4.0,0.0,7.0,2.1,0.0,0.0,631,0,160,232,237,5,0,0,0,0.0,0,0.0,0,33.0,187
1791222770,4.0,8.1,11.0,4.0,7.1,4.1,5.2,4.2,0.0,0.0,631,0,0,231,236,5,0,0,0,0.0,0,0.0,0,45.0,187
1791222771,1.0,5.2,8.2,0.0,4.0,5.1,3.2,6.1,0.0,0.0,632,0,0,231,234,5,0,0,0,0.0,0,0.0,0,34.0,187
1791222772,1.0,8.1,4.1,0.0,9.1,4.2,2.1,3.1,0.0,0.0,632,0,176,233,237,5,0,0,0,0.0,0,0.0,0,33.0,187
1791222773,3.1,5.1,0.0,5.0,6.1,6.1,6.1,1.0,0.0,0.0,631,0,0,234,239,5,0,0,0,0.0,0,0.0,0,32.0,187
1791222774,5.3,7.0,6.1,7.0,7.1,7.1,8.2,2.0,0.0,0.0,632,0,0,233,236,5,0,0,0,0.0,0,0.0,0,50.0,190
1791222775,7.1,0.0,6.2,6.0,5.1,6.1,3.0,3.2,0.0,0.0,633,0,0,233,237,5,0,0,0,0.0,0,0.0,0,32.0,190
1791222776,7.0,0.0,9.1,4.1,4.1,1.0,2.0,2.2,0.0,0.0,633,0,0,232,237,5,0,0,0,0.0,0,0.0,0,31.0,190
1791222777,5.1,1.0,4.2,5.0,7.0,0.0,5.2,2.1,0.0,0.0,633,0,84,234,236,5,0,0,0,0.0,0,0.0,0,31.0,190
1791222778,7.0,10.0,3.1,9.9,6.2,4.0,4.0,3.2,0.0,0.0,633,0,4,232,236,5,0,0,0,0.0,0,0.0,0,45.0,191
1791222779,2.0,4.0,9.2,4.0,0.0,6.1,3.1,3.2,0.0,0.0,633,0,0,233,236,5,0,0,0,0.0,0,0.0,0,30.0,191
1791222780,3.0,2.1,8.1,8.2,0.0,6.1,2.0,3.2,0.0,0.0,633,0,0,232,235,5,0,0,0,0.0,0,0.0,0,31.0,191
1791222781,5.0,7.1,1.0,3.1,5.0,7.1,3.0,2.1,0.0,0.0,633,0,0,234,237,5,0,0,0,0.0,0,0.0,0,32.0,191
1791222782,4.2,8.1,6.1,2.0,5.0,6.0,1.0,0.0,0.0,0.0,633,0,88,232,236,5,0,0,0,0.0,0,0.0,0,42.0,191
1791222783,6.2,3.0,7.3,5.2,5.4,6.2,3.0,7.1,0.0,0.0,634,0,0,234,237,5,0,0,0,0.0,0,0.0,0,38.0,191
1791222784,6.9,0.0,6.2,5.1,7.0,7.0,0.0,1.0,0.0,0.0,634,0,8,233,236,5,0,0,0,0.0,0,0.0,0,28.0,191
1791222785,4.0,0.0,10.9,5.2,4.0,1.1,5.1,0.0,0.0,0.0,634,0,0,234,237,5,0,0,0,0.0,0,0.0,0,31.0,191
1791222786,4.0,0.0,1.1,5.1,2.0,5.2,2.2,4.0,0.0,0.0,634,0,0,233,236,5,0,0,0,0.0,0,0.0,0,31.0,191
1791222787,4.0,3.2,11.1,4.0,12.2,7.1,6.1,3.0,0.0,0.0,635,0,32,233,236,5,0,0,0,0.0,0,0.0,0,46.0,192
1791222788,0.0,2.1,4.1,8.2,5.1,3.1,3.1,0.0,0.0,0.0,635,0,0,232,236,5,0,0,0,0.0,0,0.0,0,25.0,192
1791222789,2.0,3.2,7.1,5.1,3.1,8.0,2.0,0.0,0.0,0.0,635,0,0,234,237,5,0,0,0,0.0,0,0.0,0,31.0,192
1791222790,4.0,1.1,7.2,5.1,8.1,3.1,2.0,0.0,0.0,0.0,635,0,4,231,235,5,0,0,0,0.0,0,0.0,0,31.0,192
1791222791,4.1,5.2,7.2,14.1,6.2,3.0,1.0,2.0,0.0,0.0,636,0,0,234,236,5,0,0,0,0.0,0,0.0,0,47.0,194
1791222792,7.0,3.2,8.1,5.0,5.1,5.2,0.0,0.0,0.0,0.0,636,0,0,232,236,5,0,0,0,0.0,0,0.0,0,31.0,194
1791222793,8.1,2.1,8.1,5.0,2.0,3.1,3.0,0.0,0.1,0.0,636,0,112,234,236,5,0,0,0,0.0,0,0.0,0,31.0,194
1791222794,2.0,2.1,7.2,4.0,5.0,5.1,6.1,0.0,0.0,0.0,636,0,0,232,236,5,0,0,0,0.0,0,0.0,0,32.0,194
1791222795,3.0,4.1,7.3,8.2,5.1,6.1,9.2,6.1,0.0,0.0,636,0,0,234,236,5,0,0,0,0.0,0,0.0,0,48.0,194
1791222796,6.1,3.1,1.0,5.4,0.0,3.0,2.0,4.1,0.0,0.0,637,0,4,232,236,5,0,0,0,0.0,0,0.0,0,29.0,194
1791222797,4.0,7.1,4.1,5.0,2.1,5.1,0.0,5.2,0.0,0.0,637,0,0,233,236,5,0,0,0,0.0,0,0.0,0,30.0,194
1791222798,3.0,1.0,8.1,3.0,2.1,7.1,0.0,6.1,0.0,0.0,637,0,12,233,237,5,0,0,0,0.0,0,0.0,0,32.0,194
1791222799,7.0,5.1,7.2,11.0,4.2,4.2,3.0,5.0,0.0,0.0,637,0,0,233,236,5,0,0,0,0.0,0,0.0,0,47.0,194
1791222800,7.0,0.0,7.2,11.2,5.1,1.1,0.0,0.0,0.0,0.0,637,0,0,232,237,5,0,0,0,0.0,0,0.0,0,33.0,194
1791222801,6.0,0.0,6.2,5.0,7.0,5.2,2.1,0.0,0.0,0.0,637,0,0,234,236,5,0,0,0,0.0,0,0.0,0,31.0,194
1791222802,7.0,4.0,3.0,4.0,6.1,7.1,2.2,0.0,0.0,0.0,637,0,4,231,234,5,0,0,0,0.0,0,0.0,0,29.0,194
1791222803,5.1,9.2,7.1,11.1,5.0,8.1,5.2,2.0,0.0,0.0,637,0,12,233,237,5,0,0,0,0.0,0,0.0,0,50.0,196
1791222804,3.0,7.1,6.2,2.0,0.0,6.1,3.2,3.1,0.0,0.0,637,0,0,233,236,5,0,0,0,0.0,0,0.0,0,35.0,196
1791222805,1.0,5.1,9.2,6.1,4.0,1.0,2.1,4.1,0.0,0.0,637,0,0,232,237,5,0,0,0,0.0,0,0.0,0,32.0,196
1791222806,1.0,6.1,1.0,4.1,5.0,5.0,2.1,5.1,0.0,0.0,637,0,0,234,236,5,0,0,0,0.0,0,0.0,0,30.0,196
1791222807,3.0,8.1,6.1,6.1,6.0,6.1,4.3,7.1,0.1,0.0,637,0,0,232,236,5,0,0,0,0.0,0,0.0,0,45.0,196
1791222808,1.0,5.2,8.1,4.0,2.0,3.0,1.1,5.1,0.0,0.0,637,0,4,232,236,5,0,0,0,0.0,0,0.0,0,32.0,196
1791222809,3.0,3.1,3.1,7.1,3.0,5.1,0.0,5.1,0.1,0.0,638,0,12,233,236,5,0,0,0,0.0,0,0.0,0,32.0,196
1791222810,7.1,2.1,4.1,5.2,5.9,3.0,0.0,4.1,0.0,0.0,638,0,0,232,236,5,0,0,0,0.0,0,0.0,0,32.0,196
1791222811,8.0,9.1,2.0,7.1,7.4,5.1,2.0,3.0,0.0,0.0,638,0,0,231,235,5,0,0,0,0.0,0,0.0,0,39.0,196
1791222812,8.0,7.1,1.0,1.1,4.2,5.1,3.0,0.0,0.0,0.0,638,0,0,233,236,5,0,0,0,0.0,0,0.0,0,32.0,196
1791222813,6.0,7.0,7.1,6.1,5.0,3.0,0.0,1.1,0.0,0.0,638,0,280,232,236,5,0,0,0,0.0,0,0.0,0,33.0,196
1791222814,4.1,1.0,8.2,6.1,3.0,2.0,2.0,2.1,0.0,0.0,638,0,32,232,236,5,0,0,0,0.0,0,0.0,0,46.0,196
1791222815,8.1,6.1,8.4,2.0,5.0,2.0,8.1,6.2,0.0,0.0,638,0,0,234,236,5,0,0,0,0.0,0,0.0,0,32.0,196
1791222816,6.9,6.9,5.2,3.1,4.0,2.0,3.1,4.0,0.0,0.0,638,0,0,230,235,5,0,0,0,0.0,0,0.0,0,32.0,196
1791222817,3.0,3.1,4.3,8.0,5.1,0.0,6.1,3.1,0.0,0.0,638,0,0,232,235,5,0,0,0,0.0,0,0.0,0,30.0,196
1791222818,4.0,2.1,8.2,6.2,6.0,2.0,8.1,6.1,0.0,0.0,638,0,0,232,235,5,0,0,0,0.0,0,0.0,0,41.0,196
1791222819,2.0,4.1,7.1,7.1,4.1,0.0,2.0,1.0,0.0,0.0,638,0,12,232,236,5,0,0,0,0.0,0,0.0,0,32.0,196
1791222820,7.1,0.0,5.2,5.2,4.2,0.0,0.0,6.1,0.0,0.0,639,0,4,231,236,5,0,0,0,0.0,0,0.0,0,34.0,196
1791222821,7.9,3.2,8.1,2.0,9.1,0.0,0.0,4.0,0.0,0.0,639,0,0,233,236,5,0,0,0,0.0,0,0.0,0,31.0,196
1791222822,7.1,6.2,11.9,9.1,7.1,3.1,2.0,5.1,0.0,0.0,639,0,0,234,236,5,0,0,0,0.0,0,0.0,0,48.0,196
1791222823,5.1,1.0,4.2,1.0,9.2,0.0,3.2,3.1,0.0,0.0,639,0,0,232,236,5,0,0,0,0.0,0,0.0,0,31.0,196
1791222824,4.0,3.1,4.0,5.1,4.0,2.1,4.1,7.0,0.0,0.0,639,0,0,232,236,5,0,0,0,0.0,0,0.0,0,32.0,196
1791222825,0.0,0.0,6.3,8.2,5.1,5.2,4.2,3.1,0.0,0.0,639,0,12,230,236,5,0,0,0,0.0,0,0.0,0,35.0,196
1791222826,0.0,5.1,7.1,7.1,9.0,1.0,1.1,2.0,0.0,0.0,642,0,8,232,236,5,0,0,0,0.0,0,0.0,0,37.0,200
1791222827,6.0,5.0,3.1,7.1,9.4,7.1,9.1,6.0,0.0,0.0,643,0,0,233,237,5,0,0,0,0.0,0,0.0,0,44.0,200
1791222828,7.0,0.0,7.1,4.1,4.0,2.1,3.1,6.1,0.0,0.0,643,0,0,232,236,5,0,0,0,0.0,0,0.0,0,33.0,200
1791222829,5.1,5.1,4.2,1.0,4.0,2.1,7.1,0.0,0.0,0.0,643,0,0,234,236,5,0,0,0,0.0,0,0.0,0,31.0,200
1791222830,7.0,7.1,3.1,5.0,5.0,2.2,3.1,0.0,0.0,0.0,643,0,24,230,235,5,0,0,0,0.0,0,0.0,0,32.0,200
1791222831,6.2,8.1,3.1,1.0,10.1,4.0,8.2,6.2,0.0,0.0,645,0,0,233,236,5,0,0,0,0.0,0,0.0,0,47.0,202
1791222832,4.2,5.1,4.1,6.1,4.0,0.0,5.1,1.0,0.0,0.0,645,0,4,231,235,5,0,0,0,0.0,0,0.0,0,28.0,202
1791222833,2.1,6.1,5.1,8.2,2.0,0.0,5.1,2.0,0.0,0.0,645,0,0,231,236,5,0,0,0,0.0,0,0.0,0,31.0,202
1791222834,2.2,5.1,9.2,6.2,5.1,0.0,3.0,0.0,0.0,0.0,645,0,0,234,237,5,0,0,0,0.0,0,0.0,0,33.0,202
1791222835,6.2,5.1,6.2,7.0,7.0,2.0,6.1,3.0,0.0,0.0,645,0,12,231,236,5,0,0,0,0.0,0,0.0,0,41.0,202
1791222836,5.1,3.0,4.2,5.0,0.0,6.1,3.1,4.1,0.0,0.0,645,0,0,231,235,5,0,0,0,0.0,0,0.0,0,31.0,202
1791222837,4.0,6.1,5.3,4.0,3.0,0.0,3.1,9.0,0.0,0.0,645,0,0,231,235,5,0,0,0,0.0,0,0.0,0,31.0,202
1791222838,7.0,4.1,7.1,6.4,3.1,0.0,0.0,0.0,0.0,0.0,646,0,4,232,236,5,0,0,0,0.0,0,0.0,0,29.0,202
1791222839,5.1,6.1,8.2,5.0,2.1,0.0,3.1,0.0,0.0,0.0,646,0,0,231,235,5,0,0,0,0.0,0,0.0,0,30.0,202
1791222840,4.0,9.1,5.1,7.2,6.2,2.0,7.1,7.1,0.0,0.0,645,0,16,231,235,5,0,0,0,0.0,0,0.0,0,51.0,203
1791222841,0.0,1.0,10.0,5.1,1.1,8.1,1.0,4.0,0.0,0.0,646,0,0,233,236,5,0,0,0,0.0,0,0.0,0,31.0,203
1791222842,1.0,3.0,6.2,1.0,7.1,5.1,3.0,5.2,0.0,0.0,646,0,0,234,236,5,0,0,0,0.0,0,0.0,0,29.0,203
1791222843,1.0,3.0,7.1,1.1,2.0,5.1,3.9,5.1,0.0,0.0,646,0,0,233,236,5,0,0,0,0.0,0,0.0,0,30.0,203
1791222844,3.0,7.1,10.4,6.2,9.1,4.1,5.2,4.0,0.0,0.0,646,0,304,232,236,5,0,0,0,0.0,0,0.0,0,51.0,204
1791222845,0.0,5.1,4.3,6.1,4.0,8.0,5.1,0.0,0.0,0.0,647,0,12,231,233,5,0,0,0,0.0,0,0.0,0,33.0,204
1791222846,5.0,1.0,5.3,5.2,7.1,5.2,1.0,0.0,0.0,0.0,647,0,28,232,237,5,0,0,0,0.0,0,0.0,0,32.0,204
1791222847,1.0,1.1,5.2,7.1,7.1,6.1,1.0,0.0,0.0,0.0,647,0,0,231,235,5,0,0,0,0.0,0,0.0,0,33.0,204
1791222848,0.0,2.2,6.1,7.1,8.1,5.2,2.0,0.0,0.0,0.0,647,0,0,233,236,5,0,0,0,0.0,0,0.0,0,32.0,204
1791222849,9.2,10.0,5.1,7.1,7.0,5.3,9.0,6.0,0.0,0.0,648,0,0,233,237,5,0,0,0,0.0,0,0.0,0,57.0,205
1791222850,8.9,6.1,0.0,2.0,4.0,2.2,3.1,4.1,0.0,0.0,648,0,4,234,236,5,0,0,0,0.0,0,0.0,0,30.0,205
1791222851,7.1,1.0,0.0,3.1,6.0,2.1,1.0,5.2,0.0,0.0,648,0,24,232,236,5,0,0,0,0.0,0,0.0,0,31.0,205
1791222852,4.9,6.1,0.0,5.2,3.0,2.1,4.0,4.0,0.0,0.0,648,0,152,233,236,5,0,0,0,0.0,0,0.0,0,30.0,205
1791222853,9.0,9.2,7.2,4.0,7.9,4.1,7.1,2.0,0.0,0.0,648,0,0,231,235,5,0,0,0,0.0,0,0.0,0,49.0,205
1791222854,5.2,1.1,6.1,0.0,4.0,4.0,7.1,4.0,0.0,0.0,649,0,0,233,236,5,0,0,0,0.0,0,0.0,0,32.0,205
1791222855,6.1,2.2,8.2,0.0,5.0,1.0,7.1,4.0,0.0,0.0,649,0,0,233,237,5,0,0,0,0.0,0,0.0,0,32.0,205
1791222856,6.1,3.2,3.1,0.0,9.1,2.0,4.1,2.1,0.0,0.0,649,0,16,232,237,5,0,0,0,0.0,0,0.0,0,32.0,205
1791222857,7.1,1.1,7.1,0.0,5.0,7.1,1.0,5.0,0.0,0.0,649,0,0,232,235,5,0,0,0,0.0,0,0.0,0,32.0,205
1791222858,5.0,6.1,11.1,9.1,11.1,7.1,5.3,3.0,0.0,0.0,649,0,0,232,238,5,0,0,0,0.0,0,0.0,0,53.0,206
1791222859,0.0,3.0,4.1,7.1,6.0,5.1,3.2,2.0,0.0,0.0,650,0,0,232,236,5,0,0,0,0.0,0,0.0,0,32.0,206
1791222860,1.0,6.0,6.1,6.2,4.0,5.1,2.2,1.0,0.0,0.0,650,0,0,232,235,5,0,0,0,0.0,0,0.0,0,31.0,206
1791222861,1.0,6.1,0.0,7.1,2.0,6.1,2.2,6.1,0.0,0.0,650,0,0,232,238,5,0,0,0,0.0,0,0.0,0,36.0,206
1791222862,6.9,7.1,5.1,9.1,7.0,5.2,6.3,5.1,0.0,0.0,650,0,16,233,236,5,0,0,0,0.0,0,0.0,0,50.0,206
1791222863,7.1,5.1,0.0,4.1,4.0,2.1,6.1,2.0,0.0,0.0,650,0,0,234,236,5,0,0,0,0.0,0,0.0,0,31.0,206
1791222864,7.1,5.1,1.0,2.0,10.0,3.2,6.1,0.0,0.0,0.0,650,0,0,232,237,5,0,0,0,0.0,0,0.0,0,35.0,206
1791222865,8.9,7.1,5.1,7.8,4.1,1.1,1.0,0.0,0.0,0.0,650,0,0,232,237,5,0,0,0,0.0,0,0.0,0,32.0,206
1791222866,5.1,6.0,0.0,5.1,6.1,1.0,7.1,2.0,0.0,0.0,650,0,0,233,236,5,0,0,0,0.0,0,0.0,0,31.0,206
1791222867,8.1,6.1,7.2,12.4,6.2,3.0,5.1,3.0,0.0,0.0,650,0,12,233,237,5,0,0,0,0.0,0,0.0,0,54.0,207
1791222868,3.1,0.0,1.0,5.0,5.2,8.1,6.1,4.2,0.0,0.0,650,0,8,231,236,5,0,0,0,0.0,0,0.0,0,33.0,207
1791222869,1.1,0.0,5.1,4.0,6.1,5.1,6.1,3.0,0.0,0.0,650,0,0,232,237,5,0,0,0,0.0,0,0.0,0,34.0,207
1791222870,2.1,0.0,2.1,5.1,4.1,6.1,6.0,3.1,0.0,0.0,650,0,0,235,237,5,0,0,0,0.0,0,0.0,0,29.0,207
1791222871,4.2,6.9,2.1,9.2,7.1,9.1,7.2,6.1,0.0,0.0,651,0,0,232,237,5,0,0,0,0.0,0,0.0,0,50.0,208
1791222872,0.0,5.1,5.2,6.3,0.0,4.0,7.1,2.0,0.0,0.0,651,0,24,234,236,5,0,0,0,0.0,0,0.0,0,32.0,208
1791222873,4.0,6.1,8.2,7.4,0.0,0.0,5.0,6.1,0.0,0.0,652,0,0,233,236,5,0,0,0,0.0,0,0.0,0,34.0,209
1791222874,4.0,7.1,8.1,3.2,4.0,0.0,2.0,5.1,0.0,0.0,652,0,4,234,236,5,0,0,0,0.0,0,0.0,0,30.0,209
1791222875,2.0,5.1,6.2,4.1,5.0,0.0,4.0,2.0,0.0,0.0,652,0,280,232,236,5,0,0,0,0.0,0,0.0,0,31.0,209
1791222876,2.0,6.0,8.2,8.1,11.1,5.2,4.0,2.0,0.0,0.0,652,0,0,233,236,5,0,0,0,0.0,0,0.0,0,42.0,209
1791222877,0.0,5.1,10.1,5.0,3.1,3.1,0.0,4.0,0.0,0.0,652,0,20,232,234,5,0,0,0,0.0,0,0.0,0,28.0,209
1791222878,1.0,4.1,3.1,3.0,4.0,2.1,2.0,5.2,0.0,0.0,652,0,28,231,236,5,0,0,0,0.0,0,0.0,0,26.0,209
1791222879,0.0,5.1,1.0,7.1,4.1,1.1,4.1,3.0,0.0,0.0,653,0,0,233,236,5,0,0,0,0.0,0,0.0,0,29.0,209
1791222880,3.1,7.1,9.2,11.2,6.1,4.1,2.0,5.1,0.0,0.0,654,0,4,232,237,5,0,0,0,0.0,0,0.0,0,49.0,211
1791222881,6.1,2.2,2.1,4.1,5.1,5.0,0.0,6.1,0.0,0.0,655,0,0,233,236,5,0,0,0,0.0,0,0.0,0,33.0,211
1791222882,7.1,4.2,5.1,5.2,1.0,3.0,0.0,6.1,0.0,0.0,655,0,0,232,237,5,0,0,0,0.0,0,0.0,0,33.0,211
1791222883,7.0,7.0,6.2,9.1,2.2,0.0,0.0,2.0,0.0,0.0,655,0,12,233,236,5,0,0,0,0.0,0,0.0,0,32.0,211
1791222884,4.0,5.1,7.1,6.0,6.1,1.1,1.0,5.1,0.0,0.0,655,0,0,233,236,5,0,0,0,0.0,0,0.0,0,32.0,211
1791222885,8.2,6.0,5.2,9.2,8.2,3.0,3.0,9.0,0.1,0.0,657,0,0,232,236,5,0,0,0,0.0,0,0.0,0,54.0,213
1791222886,1.1,6.1,9.2,8.2,5.2,0.0,0.0,1.0,0.0,0.0,658,0,4,232,236,5,0,0,0,0.0,0,0.0,0,33.0,213
1791222887,4.1,6.2,8.2,4.0,5.1,5.2,0.0,0.0,0.0,0.0,658,0,0,234,236,5,0,0,0,0.0,0,0.0,0,33.0,213
1791222888,2.2,7.0,9.3,8.0,2.0,6.1,0.0,0.0,0.1,0.0,658,0,12,234,236,5,0,0,0,0.0,0,0.0,0,33.0,213
1791222889,6.2,2.0,11.1,10.9,9.1,5.1,3.0,8.1,0.0,0.0,658,0,0,231,236,5,0,0,0,0.0,0,0.0,0,51.0,213
1791222890,4.1,2.1,7.1,2.0,2.0,3.0,6.1,0.0,0.0,0.0,658,0,0,233,236,5,0,0,0,0.0,0,0.0,0,32.0,213
1791222891,0.0,2.1,2.1,7.1,7.1,5.1,5.1,0.0,0.0,0.0,658,0,0,233,237,5,0,0,0,0.0,0,0.0,0,32.0,213
1791222892,1.0,0.0,4.0,5.0,5.1,8.1,1.0,0.0,0.0,0.0,479,0,4,86,84,3,1,0,0,0.0,0,0.0,0,-12580.0,0
1791222893,0.0,0.0,0.0,5.0,0.0,0.0,0.0,2.0,0.0,0.0,479,0,0,2,1,4,1,0,0,0.0,0,0.0,0,0.0,0
1791222894,4.0,0.0,0.0,5.1,1.0,1.0,18.0,2.0,0.0,0.0,501,0,60,3,2,4,1,0,0,0.0,0,0.0,0,0.0,0
