window_start,req_per_s,p50_ms,p95_ms,p99_ms,error_pct,wrong_redirects,statuses,load_cpu_pct,create_p99_ms,redirect_p99_ms,sfp-spare_cpu_avg_pct,sfp-spare_cpu_top_core_pct,sfp-spare_mem_mb,sfp-spare_node_cpu_pct,sfp-spare_nginx_cpu_pct,sfp-spare_steal_pct,sfp-spare_accept_queue_max,sfp-spare_turned_away,valid
1791222530,87.7,5.6,7.1,21.6,0.0,0,201:18 301:859,12.0,30.3,7.8,6.0,10.0,573,7.0,12.0,0.0,0,0,ok
1791222540,102.0,5.7,7.1,22.4,0.0,0,201:20 301:1000,5.0,29.3,7.9,5.0,9.0,577,5.0,13.0,0.0,0,0,ok
1791222550,102.0,5.6,7.3,21.7,0.0,0,201:20 301:1000,5.0,38.6,8.3,5.0,10.0,529,4.0,13.0,0.0,1,0,ok
1791222560,102.0,5.5,6.9,22.1,0.0,0,201:20 301:1000,5.0,33.6,8.4,5.0,8.0,529,5.0,15.0,0.0,1,0,ok
1791222570,102.0,5.5,7.2,22.4,0.0,0,201:20 301:1000,5.0,26.5,8.0,5.0,8.0,528,4.0,12.0,0.0,0,0,ok
1791222580,102.0,5.7,7.2,22.8,0.0,0,201:20 301:1000,5.0,26.8,8.2,5.0,8.0,525,4.0,12.0,0.0,0,0,ok
1791222590,102.0,5.6,7.1,23.2,0.0,0,201:20 301:1000,5.0,39.2,8.3,5.0,9.0,522,4.0,12.0,0.0,0,0,ok
1791222600,102.0,5.2,6.5,20.4,0.0,0,201:20 301:1000,5.0,356.7,8.2,37.0,45.0,584,4.0,13.0,0.0,0,0,ok
1791222610,102.0,5.4,6.8,23.0,0.0,0,201:20 301:1000,5.0,40.0,8.1,5.0,9.0,583,4.0,12.0,0.0,0,0,ok
1791222620,102.0,5.4,7.0,22.8,0.0,0,201:20 301:1000,5.0,26.6,7.8,5.0,10.0,588,5.0,14.0,0.0,0,0,ok
1791222630,102.0,5.6,7.0,22.9,0.0,0,201:20 301:1000,5.0,31.4,7.8,7.0,17.0,610,9.0,12.0,0.0,0,0,ok
1791222640,102.0,5.6,7.2,23.9,0.0,0,201:20 301:1000,6.0,39.0,7.9,5.0,9.0,616,5.0,12.0,0.0,0,0,ok
1791222650,102.0,5.4,6.8,23.3,0.0,0,201:20 301:1000,5.0,28.5,8.0,5.0,8.0,549,4.0,12.0,0.0,0,0,ok
1791222660,102.0,5.5,7.0,21.9,0.0,0,201:20 301:1000,5.0,37.7,8.0,6.0,9.0,544,4.0,13.0,0.0,0,0,ok
1791222670,102.0,5.6,7.4,21.8,0.0,0,201:20 301:1000,6.0,29.4,8.5,5.0,8.0,540,4.0,14.0,0.0,0,0,ok
1791222680,102.0,5.6,7.0,22.4,0.0,0,201:20 301:1000,5.0,27.7,8.1,5.0,10.0,537,4.0,13.0,0.0,0,0,ok
1791222690,102.0,5.5,6.9,23.9,0.0,0,201:20 301:1000,6.0,39.4,8.0,6.0,10.0,535,4.0,12.0,0.0,0,0,ok
1791222700,102.0,5.6,7.2,24.4,0.0,0,201:20 301:1000,6.0,30.4,8.1,5.0,10.0,532,4.0,12.0,0.0,0,0,ok
1791222710,102.0,5.4,7.2,24.9,0.0,0,201:20 301:1000,6.0,42.9,8.2,5.0,10.0,530,4.0,14.0,0.0,0,0,ok
1791222720,102.0,5.5,7.1,25.0,0.0,0,201:20 301:1000,6.0,29.8,8.7,6.0,10.0,529,4.0,12.0,0.0,0,0,ok
1791222730,102.0,5.5,7.1,23.7,0.0,0,201:20 301:1000,6.0,40.1,8.0,5.0,10.0,526,4.0,12.0,0.0,0,0,ok
1791222740,102.0,5.6,7.3,24.3,0.0,0,201:20 301:1000,6.0,42.0,8.0,7.0,9.0,524,5.0,14.0,0.0,0,0,ok
1791222750,102.0,5.4,6.7,24.7,0.0,0,201:20 301:1000,6.0,39.5,8.0,6.0,9.0,512,7.0,12.0,0.0,0,0,ok
1791222760,102.0,5.5,6.8,23.0,0.0,0,201:20 301:1000,6.0,28.9,7.5,5.0,8.0,510,4.0,13.0,0.0,0,0,ok
1791222770,102.0,5.5,7.3,25.4,0.0,0,201:20 301:1000,6.0,42.7,7.8,5.0,9.0,509,4.0,12.0,0.0,0,0,ok
1791222780,102.0,5.4,6.9,23.3,0.0,0,201:20 301:1000,6.0,31.2,8.2,7.0,10.0,507,4.0,13.0,0.0,0,0,ok
1791222790,102.0,5.4,6.8,25.8,0.0,0,201:20 301:1000,6.0,49.6,7.7,5.0,10.0,505,4.0,12.0,0.0,0,0,ok
1791222800,102.0,5.6,7.3,25.9,0.0,0,201:20 301:1000,7.0,31.2,8.2,5.0,8.0,503,4.0,13.0,0.0,0,0,ok
1791222810,102.0,5.5,7.1,25.4,0.0,0,201:20 301:1000,6.0,42.5,8.0,6.0,8.0,502,4.0,13.0,0.0,0,0,ok
1791222820,102.0,5.6,7.3,25.9,0.0,0,201:20 301:1000,7.0,35.9,8.1,6.0,11.0,501,4.0,14.0,0.0,0,0,ok
1791222830,102.0,5.3,6.9,25.2,0.0,0,201:20 301:1000,6.0,45.0,7.9,5.0,8.0,501,5.0,13.0,0.0,0,0,ok
1791222840,102.0,5.6,7.2,25.0,0.0,0,201:20 301:1000,7.0,30.8,8.0,6.0,8.0,502,5.0,13.0,0.0,0,0,ok
1791222850,102.0,5.6,7.4,27.0,0.0,0,201:20 301:1000,7.0,41.5,8.4,7.0,10.0,502,12.0,12.0,0.0,0,0,ok
1791222860,102.0,5.6,7.2,24.4,0.0,0,201:20 301:1000,6.0,34.6,7.8,6.0,9.0,502,5.0,13.0,0.0,0,0,ok
1791222870,102.0,5.3,6.6,25.0,0.0,0,201:20 301:1000,6.0,44.3,7.8,6.0,10.0,503,4.0,15.0,0.0,0,0,ok
1791222880,102.0,5.5,7.1,23.6,0.0,0,201:20 301:1000,7.0,31.7,8.1,5.0,9.0,504,4.0,13.0,0.0,0,0,ok
1791222890,14.5,5.5,6.9,22.5,0.0,0,201:3 301:142,4.0,25.4,7.5,6.0,9.0,516,4.0,13.0,0.0,0,0,ok
